id_usuario;correo;password
1;mar.melero33@outlook.com;Marmel623_
2;florinda.ponce968@hotmail.com;Florin787#
3;irene.palomo569@hotmail.com;Irenep223#
4;clotilde.carlos392@gmail.com;Clotil731123
5;kike.alejandro137@hotmail.com;Kikeal293_
6;edelmira.alcaraz283@yahoo.com;Edelmi442123
7;jonatan.pascual659@yahoo.com;Jonata462123
8;clara.luque624@outlook.com;Claral170!
9;epifanio.beltranruiz11@outlook.com;Epifan421123
10;leon.ibanez249@hotmail.com;Leonib550_
11;josep.tejera105@outlook.com;Josept208@
12;vilma.montero112@hotmail.com;Vilmam188@
13;barbara.reguera761@yahoo.com;Barbar9732026
14;iker.porta507@gmail.com;Ikerpo961#
15;cesar.gutierrez858@outlook.com;Cesarg5322026
16;tomas.renato185@yahoo.com;Tomasr903123
17;crescencia.martin226@outlook.com;Cresce949!
18;jessica.zamorano108@hotmail.com;Jessic376!
19;alfredo.cordoba444@gmail.com;Alfred9602026
20;luis.miguel514@gmail.com;Luismi316_
21;salud.vicens86@outlook.com;Saludv234!
22;lucio.palomo389@yahoo.com;Luciop754123
23;emilio.remigio781@yahoo.com;Emilio626!
24;marcelino.rosell248@gmail.com;Marcel946#
25;fabian.priego73@hotmail.com;Fabian478123
26;amor.de410@outlook.com;Amorde117_
27;ale.alberto559@gmail.com;Alealb673#
28;gil.arteaga62@gmail.com;Gilart534#
29;odalis.navarrete526@hotmail.com;Odalis836@
30;josefa.alamo932@outlook.com;Josefa367_
31;gaston.comas471@gmail.com;Gaston3782026
32;juan.jose745@gmail.com;Juanjo366@
33;noa.coronado263@yahoo.com;Noacor3342026
34;eladio.zaragoza875@outlook.com;Eladio5892026
35;natanael.cepeda267@yahoo.com;Natana665_
36;yolanda.garate156@outlook.com;Yoland991123
37;marita.salvador806@gmail.com;Marita604_
38;renato.del674@yahoo.com;Renato329@
39;inocencio.maza408@hotmail.com;Inocen291_
40;berto.belda309@hotmail.com;Bertob140!
41;alejandra.marin136@hotmail.com;Alejan268!
42;alba.tello471@yahoo.com;Albate260!
43;jacinto.esteban780@yahoo.com;Jacint104#
44;encarna.samper345@gmail.com;Encarn520#
45;federico.pascual890@yahoo.com;Federi807@
46;ciriaco.ugarte167@gmail.com;Ciriac589_
47;juan.bautista111@outlook.com;Juanba247_
48;leocadio.miro773@outlook.com;Leocad737123
49;dan.toledo706@yahoo.com;Dantol119123
50;esteban.de856@hotmail.com;Esteba716@
51;julie.aranda734@outlook.com;Juliea859@
52;lorena.palomo689@yahoo.com;Lorena471123
53;maria.carmen603@outlook.com;Mariac937#
54;jose.abril455@gmail.com;Joseab199@
55;visitacion.de913@outlook.com;Visita518#
56;pascuala.menendezarrieta186@gmail.com;Pascua187_
57;anunciacion.torrent806@yahoo.com;Anunci431123
58;mayte.pardo357@outlook.com;Maytep509123
59;luis.angel174@hotmail.com;Luisan952!
60;feliciana.belmonte953@outlook.com;Felici215@
61;elvira.bastida844@hotmail.com;Elvira902123
62;luz.barreda355@outlook.com;Luzbar137!
63;noe.del468@yahoo.com;Noedel826!
64;abraham.esteban86@yahoo.com;Abraha129123
65;guadalupe.codina380@outlook.com;Guadal565_
66;dora.salamancacabello777@outlook.com;Dorasa119@
67;liliana.castell824@outlook.com;Lilian919#
68;tomas.velazquez974@hotmail.com;Tomasv357_
69;encarnacion.de12@hotmail.com;Encarn459@
70;pia.aguirre292@gmail.com;Piaagu485@
71;raimundo.jose638@hotmail.com;Raimun9582026
72;regulo.sarabia687@outlook.com;Regulo820#
73;nicodemo.mohamed661@gmail.com;Nicode379#
74;gema.terron83@yahoo.com;Gemate6242026
75;gabino.zabala959@yahoo.com;Gabino906!
76;teodora.rebeca304@gmail.com;Teodor111123
77;cecilia.carlos918@hotmail.com;Cecili9362026
78;eugenia.portaguzman497@hotmail.com;Eugeni702!
79;carmela.solera29@gmail.com;Carmel635_
80;silvio.marcos164@gmail.com;Silvio229@
81;heraclio.espana116@yahoo.com;Heracl571123
82;augusto.vaquero510@gmail.com;August1352026
83;rufino.viana862@outlook.com;Rufino198@
84;pio.patricio638@outlook.com;Piopat709@
85;albino.joaquin837@outlook.com;Albino914@
86;judith.hidalgorebollo256@yahoo.com;Judith552@
87;marino.costacasanova922@hotmail.com;Marino824123
88;agata.exposito968@gmail.com;Agatae698123
89;hector.sola920@outlook.com;Hector7402026
90;loreto.tudelamarquez44@hotmail.com;Loreto935_
91;carla.sales72@gmail.com;Carlas425_
92;fabricio.del269@hotmail.com;Fabric736@
93;fernanda.de998@hotmail.com;Fernan344123
94;oriana.diaz397@gmail.com;Oriana119!
95;julian.salinas180@hotmail.com;Julian801!
96;ambrosio.rodriguez952@hotmail.com;Ambros339@
97;filomena.guzman922@yahoo.com;Filome570_
98;graciana.colom766@gmail.com;Gracia1772026
99;candelario.rio678@gmail.com;Candel685123
100;julian.tolosa448@yahoo.com;Julian149!
101;inocencio.carballo121@gmail.com;Inocen493@
102;adolfo.leonel269@outlook.com;Adolfo340123
103;isabel.davila606@outlook.com;Isabel3772026
104;flavio.franch59@hotmail.com;Flavio137!
105;espiridion.gordillo326@hotmail.com;Espiri2372026
106;samuel.cortina191@outlook.com;Samuel259!
107;gracia.gual921@yahoo.com;Gracia418#
108;cintia.sandoval345@yahoo.com;Cintia961_
109;flora.hernandezfajardo672@hotmail.com;Florah490123
110;evita.buendia632@outlook.com;Evitab322_
111;monica.guillen290@yahoo.com;Monica312_
112;dionisio.porta750@gmail.com;Dionis591@
113;osvaldo.garate905@gmail.com;Osvald457#
114;isabel.de31@yahoo.com;Isabel299@
115;teodosio.pratjorda923@outlook.com;Teodos563#
116;amparo.borrego492@yahoo.com;Amparo384#
117;itziar.peinado236@hotmail.com;Itziar1402026
118;ciriaco.del831@hotmail.com;Ciriac879_
119;amalia.lujan577@outlook.com;Amalia368_
120;miguel.vizcaino948@hotmail.com;Miguel847@
121;maria.fernanda911@gmail.com;Mariaf922#
122;gertrudis.larrea873@gmail.com;Gertru723123
123;juanita.canals291@outlook.com;Juanit574123
124;eric.gonzalez937@gmail.com;Ericgo154!
125;reinaldo.arteagacoronado313@hotmail.com;Reinal9422026
126;sandalio.llamas586@outlook.com;Sandal561#
127;gracia.alsina39@yahoo.com;Gracia365@
128;fausto.rebollo945@gmail.com;Fausto267_
129;iban.noguera193@outlook.com;Ibanno767123
130;maura.barros392@yahoo.com;Maurab8472026
131;nestor.teobaldo881@outlook.com;Nestor538#
132;flor.maza538@yahoo.com;Florma6222026
133;pilar.franco73@yahoo.com;Pilarf624#
134;celia.tecla427@outlook.com;Celiat3502026
135;carmela.lamas804@hotmail.com;Carmel772@
136;donato.castaneda682@hotmail.com;Donato866!
137;edelmiro.barros83@yahoo.com;Edelmi216_
138;encarnacion.correa899@yahoo.com;Encarn518_
139;roldan.pascual819@outlook.com;Roldan314@
140;ainara.moles464@hotmail.com;Ainara616!
141;renata.santamaria286@outlook.com;Renata744!
142;adolfo.chaves167@yahoo.com;Adolfo821#
143;candida.jerezanglada671@hotmail.com;Candid818!
144;benjamin.francisco74@hotmail.com;Benjam193_
145;abraham.del903@hotmail.com;Abraha6422026
146;etelvina.menendez582@outlook.com;Etelvi446!
147;ariel.calixto689@yahoo.com;Arielc830#
148;candela.roblesbarrena126@gmail.com;Candel215#
149;mariana.jimenez936@outlook.com;Marian427!
150;ignacia.salgado956@hotmail.com;Ignaci353!
151;marisa.de129@yahoo.com;Marisa378123
152;laura.de667@yahoo.com;Laurad935#
153;nazaret.revilla119@gmail.com;Nazare846!
154;candelario.ricart402@outlook.com;Candel342#
155;vanesa.maria439@gmail.com;Vanesa556@
156;claudio.garay451@yahoo.com;Claudi396!
157;lazaro.de817@outlook.com;Lazaro587123
158;lupita.goicoechea828@gmail.com;Lupita821!
159;reyna.calvo821@outlook.com;Reynac582#
160;rosalva.de576@yahoo.com;Rosalv759123
161;mohamed.vigil916@yahoo.com;Mohame9862026
162;jordana.paredesrico745@hotmail.com;Jordan406123
163;chema.luz761@hotmail.com;Chemal2382026
164;rogelio.isidro312@gmail.com;Rogeli719123
165;patricio.aurelio528@yahoo.com;Patric202#
166;americo.merino15@outlook.com;Americ733123
167;gabriela.leiva892@outlook.com;Gabrie356#
168;jennifer.vilalta957@gmail.com;Jennif119#
169;herberto.de64@gmail.com;Herber924#
170;inmaculada.velazquez383@hotmail.com;Inmacu398!
171;pilar.quintanilla380@outlook.com;Pilarq269@
172;jordana.ingrid38@outlook.com;Jordan206!
173;odalys.rosalva395@hotmail.com;Odalys766!
174;gloria.bauz256@outlook.com;Gloria451123
175;buenaventura.juan20@outlook.com;Buenav157123
176;edgardo.blanca859@yahoo.com;Edgard3512026
177;jacobo.moramonreal822@gmail.com;Jacobo682@
178;lazaro.azorinpozo505@hotmail.com;Lazaro330!
179;jenaro.fiol498@outlook.com;Jenaro829@
180;soraya.pintor38@hotmail.com;Soraya975123
181;eva.benito793@yahoo.com;Evaben877@
182;leopoldo.echeverria976@gmail.com;Leopol9982026
183;vicenta.pardonunez45@yahoo.com;Vicent7942026
184;encarnacion.montes527@hotmail.com;Encarn114123
185;angeles.cruz289@yahoo.com;Angele922@
186;julian.solis572@hotmail.com;Julian749@
187;teodoro.roman842@gmail.com;Teodor428_
188;mauricio.estevez614@gmail.com;Mauric5922026
189;ismael.nazario181@gmail.com;Ismael156_
190;juana.cisnerosroca847@outlook.com;Juanac941!
191;camila.abellan243@outlook.com;Camila210@
192;arsenio.jauregui944@outlook.com;Arseni5622026
193;rolando.oliver446@gmail.com;Roland387!
194;pascual.lloret71@outlook.com;Pascua619_
195;jose.viana37@hotmail.com;Josevi3712026
196;odalys.de736@yahoo.com;Odalys807@
197;olivia.barriosmadrigal193@yahoo.com;Olivia205123
198;asdrubal.del823@gmail.com;Asdrub339123
199;ema.nazaret878@outlook.com;Emanaz3852026
200;martin.villalonga654@gmail.com;Martin151#
201;estrella.manzano899@outlook.com;Estrel469!
202;herminia.dolores737@gmail.com;Hermin820#
203;eugenia.nuria518@yahoo.com;Eugeni626_
204;carmelita.octavia120@gmail.com;Carmel977!
205;valerio.gisbert396@hotmail.com;Valeri718123
206;ingrid.espana709@gmail.com;Ingrid139_
207;wilfredo.agusti519@hotmail.com;Wilfre871@
208;melchor.pedraza318@yahoo.com;Melcho935123
209;nacho.macias889@gmail.com;Nachom319!
210;roman.miranda817@yahoo.com;Romanm647123
211;america.valls112@yahoo.com;Americ113_
212;cristian.rocamora393@gmail.com;Cristi207_
213;felicia.velazquezarjona447@gmail.com;Felici564123
214;miguela.sacristan620@gmail.com;Miguel861_
215;benito.vicens754@outlook.com;Benito194@
216;ramona.ferrer384@gmail.com;Ramona133123
217;juan.jose946@gmail.com;Juanjo968@
218;marc.coloma245@outlook.com;Marcco839!
219;rene.arroyo691@yahoo.com;Renear127#
220;reyna.valera963@hotmail.com;Reynav372_
221;marta.sevillano325@gmail.com;Martas341!
222;filomena.de161@outlook.com;Filome983123
223;primitivo.gomez66@yahoo.com;Primit339@
224;isidoro.villa409@hotmail.com;Isidor314_
225;atilio.gallego663@gmail.com;Atilio736!
226;rosa.maria769@outlook.com;Rosama596!
227;virginia.prado827@outlook.com;Virgin733_
228;gabriel.ocanasalinas514@outlook.com;Gabrie915123
229;berto.hernando356@yahoo.com;Bertoh128@
230;jose.antonio807@outlook.com;Josean151123
231;angel.del416@hotmail.com;Angeld249!
232;encarna.gallart692@outlook.com;Encarn651@
233;jose.angel419@gmail.com;Josean452#
234;manu.avila407@yahoo.com;Manuav924#
235;rene.segismundo435@hotmail.com;Renese3442026
236;isidoro.rocarosales722@outlook.com;Isidor497@
237;teresa.regina383@gmail.com;Teresa129123
238;florinda.coloma418@gmail.com;Florin387123
239;jesusa.vera703@gmail.com;Jesusa8952026
240;sandra.corbachovigil418@gmail.com;Sandra876123
241;alejandra.ibarra115@hotmail.com;Alejan691123
242;noemi.rico473@outlook.com;Noemir277!
243;reina.del371@yahoo.com;Reinad292!
244;jenaro.osuna88@hotmail.com;Jenaro875_
245;dolores.maria569@gmail.com;Dolore194123
246;mayte.espanol82@outlook.com;Maytee689#
247;nando.neira145@gmail.com;Nandon283_
248;guillermo.montserrat226@outlook.com;Guille429!
249;josue.alvaro676@hotmail.com;Josuea824123
250;chucho.expositovara811@hotmail.com;Chucho468123
251;urbano.serrano585@gmail.com;Urbano108_
252;primitiva.penatoledo807@gmail.com;Primit235123
253;pancho.uribe850@yahoo.com;Pancho621123
254;dimas.gelabert845@hotmail.com;Dimasg350_
255;manu.chacon770@gmail.com;Manuch821@
256;teodosio.marino842@gmail.com;Teodos128@
257;natividad.puig769@gmail.com;Nativi896_
258;valentin.guillen426@outlook.com;Valent8302026
259;victor.mateos701@gmail.com;Victor386_
260;maria.de763@yahoo.com;Mariad750_
261;ines.roldan748@gmail.com;Inesro326@
262;victorino.melendez848@outlook.com;Victor934@
263;elena.saavedra204@gmail.com;Elenas884@
264;ruben.baquero310@yahoo.com;Rubenb894@
265;marcial.manu839@gmail.com;Marcia266_
266;leonel.del585@yahoo.com;Leonel167@
267;nuria.tomas97@gmail.com;Nuriat690#
268;cristian.rosell559@gmail.com;Cristi159123
269;vasco.carvajal257@yahoo.com;Vascoc351@
270;luciana.agustin117@outlook.com;Lucian5742026
271;bautista.de254@yahoo.com;Bautis880@
272;nicodemo.chacon355@outlook.com;Nicode873_
273;agustina.gonzalez886@hotmail.com;Agusti848123
274;rufina.campoaroca113@gmail.com;Rufina350_
275;hermenegildo.de439@yahoo.com;Hermen935123
276;trini.villalbabas894@hotmail.com;Triniv3382026
277;leonel.tejada414@outlook.com;Leonel330123
278;miriam.gallo502@outlook.com;Miriam386@
279;aurora.piedad479@hotmail.com;Aurora782123
280;julian.santamaria324@gmail.com;Julian563@
281;celia.canton468@outlook.com;Celiac736#
282;alba.priego264@gmail.com;Albapr529@
283;gracia.santamaria255@hotmail.com;Gracia515123
284;augusto.salinas758@hotmail.com;August963@
285;fatima.olivares633@yahoo.com;Fatima263_
286;natalia.quintanilla392@hotmail.com;Natali265@
287;maxi.alvaro510@hotmail.com;Maxial728@
288;pilar.gabriela539@gmail.com;Pilarg996@
289;concepcion.prieto169@hotmail.com;Concep905#
290;abel.pinto960@outlook.com;Abelpi230#
291;clemente.galvan837@gmail.com;Clemen1272026
292;guadalupe.almagro126@yahoo.com;Guadal155@
293;iker.de652@yahoo.com;Ikerde328!
294;florentina.crespi696@outlook.com;Floren324#
295;nerea.barrosvera301@gmail.com;Nereab336!
296;marcelo.remigio71@yahoo.com;Marcel321123
297;rolando.arcos793@hotmail.com;Roland516123
298;petrona.de921@hotmail.com;Petron449#
299;aaron.porta152@yahoo.com;Aaronp719!
300;macarena.minguez544@gmail.com;Macare506#
301;lino.carrenoagustin224@outlook.com;Linoca336#
302;lino.galan80@yahoo.com;Linoga123#
303;isaac.arrieta491@hotmail.com;Isaaca754!
304;alberto.ibanez599@hotmail.com;Albert845!
305;adela.cepeda458@yahoo.com;Adelac289123
306;lisandro.tejero538@gmail.com;Lisand655!
307;lucas.del171@yahoo.com;Lucasd575123
308;sofia.barba709@gmail.com;Sofiab603@
309;ingrid.eusebia300@hotmail.com;Ingrid5142026
310;vanesa.gonzalo366@gmail.com;Vanesa720#
311;amancio.aparicio705@hotmail.com;Amanci2352026
312;cintia.alvarez970@yahoo.com;Cintia148#
313;lupita.amador47@yahoo.com;Lupita781123
314;eloy.de436@gmail.com;Eloyde906123
315;leoncio.goicoecheagalan289@yahoo.com;Leonci1932026
316;sabas.leopoldo702@yahoo.com;Sabasl987#
317;pastora.pina337@gmail.com;Pastor556123
318;melchor.arnal428@gmail.com;Melcho604_
319;natalio.pereira929@yahoo.com;Natali528123
320;isaac.del320@outlook.com;Isaacd623!
321;ismael.amaya183@yahoo.com;Ismael195@
322;tristan.carpio527@gmail.com;Trista7542026
323;ani.de657@hotmail.com;Anidei527_
324;lupita.gomis779@gmail.com;Lupita959_
325;teodora.valero816@yahoo.com;Teodor950@
326;matilde.rosmanzanares330@yahoo.com;Matild984@
327;eleuterio.tena384@yahoo.com;Eleute9702026
328;eligia.bermudez121@gmail.com;Eligia626@
329;concha.ribes23@hotmail.com;Concha719123
330;andrea.debora928@hotmail.com;Andrea380#
331;victor.manuel619@yahoo.com;Victor569123
332;leocadio.bueno31@yahoo.com;Leocad558#
333;matilde.piedad921@outlook.com;Matild676123
334;omar.florentino304@yahoo.com;Omarfl783@
335;maxi.gutierrez572@outlook.com;Maxigu740@
336;natalia.quevedo926@outlook.com;Natali500_
337;bernardo.guillen168@hotmail.com;Bernar323#
338;edelmira.colomer461@hotmail.com;Edelmi418@
339;alicia.pascual897@hotmail.com;Alicia845123
340;jorge.pina110@gmail.com;Jorgep527@
341;sonia.sarabia599@yahoo.com;Sonias768!
342;bernardo.del416@gmail.com;Bernar8942026
343;marisela.salcedo897@yahoo.com;Marise580@
344;felipe.lobo785@gmail.com;Felipe296#
345;leopoldo.del720@yahoo.com;Leopol5512026
346;lidia.luisina691@yahoo.com;Lidial1262026
347;ramiro.urrutia648@gmail.com;Ramiro1652026
348;florentino.redondo923@outlook.com;Floren353_
349;renato.garay51@outlook.com;Renato637!
350;teodosio.batlle973@yahoo.com;Teodos4602026
351;violeta.encarnacion486@outlook.com;Violet926123
352;aaron.aguado263@outlook.com;Aarona555123
353;domitila.del527@outlook.com;Domiti288123
354;leandra.jovita851@gmail.com;Leandr253123
355;romulo.jaime943@yahoo.com;Romulo826#
356;oscar.espanol810@outlook.com;Oscare352@
357;jose.francisco622@yahoo.com;Josefr7772026
358;fortunata.aguilar300@hotmail.com;Fortun514123
359;hernan.palmer938@gmail.com;Hernan5722026
360;isidora.sandoval289@yahoo.com;Isidor4082026
361;tristan.yanez490@outlook.com;Trista340#
362;pia.garmendia182@hotmail.com;Piagar427123
363;romulo.jose356@gmail.com;Romulo885@
364;dorita.huertas604@outlook.com;Dorita4702026
365;loreto.arias610@gmail.com;Loreto2802026
366;miriam.del760@hotmail.com;Miriam352!
367;jaime.tello724@gmail.com;Jaimet3112026
368;augusto.edu310@gmail.com;August825#
369;eric.cirino603@gmail.com;Ericci791_
370;dorita.catalan535@hotmail.com;Dorita829@
371;manu.escobar869@gmail.com;Manues462#
372;miguel.angel209@hotmail.com;Miguel6822026
373;jordan.zapata78@hotmail.com;Jordan7772026
374;haroldo.oscar125@outlook.com;Harold778#
375;vicente.galvez623@yahoo.com;Vicent558123
376;petrona.de375@gmail.com;Petron347123
377;camilo.ruano18@yahoo.com;Camilo328_
378;vito.alex475@hotmail.com;Vitoal706123
379;efrain.edmundo207@gmail.com;Efrain707123
380;arturo.prietoheredia520@outlook.com;Arturo743!
381;julie.barcena893@outlook.com;Julieb1892026
382;paca.marisol110@gmail.com;Pacama893#
383;camilo.garcia777@yahoo.com;Camilo380!
384;teresita.chaparrovilanova52@outlook.com;Teresi5932026
385;itziar.cazorla858@gmail.com;Itziar7952026
386;silvia.fabregat106@hotmail.com;Silvia944123
387;cesar.walter995@hotmail.com;Cesarw194@
388;luisa.ledesma875@outlook.com;Luisal601@
389;emiliana.penas982@hotmail.com;Emilia918!
390;rosario.castaneda172@outlook.com;Rosari763!
391;abilio.amormontoya91@yahoo.com;Abilio1452026
392;simon.revilla844@hotmail.com;Simonr490#
393;apolonia.torrens341@hotmail.com;Apolon645#
394;guiomar.benet229@hotmail.com;Guioma9822026
395;ivan.pons478@yahoo.com;Ivanpo7882026
396;demetrio.gisbert389@gmail.com;Demetr450#
397;iris.pulido349@gmail.com;Irispu3642026
398;nazaret.abigail255@outlook.com;Nazare977#
399;primitiva.del174@gmail.com;Primit940@
400;tadeo.valencianocastejon268@gmail.com;Tadeov322@
401;sandra.tudela757@hotmail.com;Sandra399#
402;miguel.angel153@outlook.com;Miguel439_
403;rene.ballester411@outlook.com;Reneba386123
404;rita.mendoza151@hotmail.com;Ritame512123
405;raul.alarcon824@yahoo.com;Raulal469!
406;fabian.mas228@hotmail.com;Fabian338123
407;marina.del898@yahoo.com;Marina8812026
408;sabas.arcos518@hotmail.com;Sabasa437@
409;almudena.nevado366@hotmail.com;Almude754!
410;charo.millan83@gmail.com;Charom458_
411;moreno.bustamante940@outlook.com;Moreno733123
412;jacinta.nieves477@gmail.com;Jacint345!
413;cristina.huertas866@hotmail.com;Cristi940_
414;esteban.bernat25@outlook.com;Esteba186123
415;edu.pinedafuster589@hotmail.com;Edupin9962026
416;roldan.ropero789@hotmail.com;Roldan168#
417;emigdio.alonso161@yahoo.com;Emigdi2332026
418;agapito.arnau175@gmail.com;Agapit251123
419;yaiza.de164@yahoo.com;Yaizad8222026
420;jeremias.lago511@yahoo.com;Jeremi3142026
421;consuelo.azcona731@outlook.com;Consue545123
422;estrella.valenciamercader484@hotmail.com;Estrel733!
423;reyes.del475@outlook.com;Reyesd921_
424;amarilis.de916@outlook.com;Amaril3432026
425;lucas.mirandaduque204@hotmail.com;Lucasm151!
426;ligia.solera115@gmail.com;Ligias322_
427;nicodemo.berenguerhuerta907@hotmail.com;Nicode441@
428;begona.del824@gmail.com;Begona796_
429;casemiro.de614@hotmail.com;Casemi9602026
430;bonifacio.de532@gmail.com;Bonifa566123
431;jonatan.moll355@yahoo.com;Jonata642#
432;pepito.del583@yahoo.com;Pepito310_
433;jesusa.espejo897@gmail.com;Jesusa168123
434;felicidad.salud368@outlook.com;Felici114_
435;daniela.arellano982@outlook.com;Daniel948@
436;remigio.de859@yahoo.com;Remigi424_
437;buenaventura.menendez114@gmail.com;Buenav716#
438;dalila.melisa354@yahoo.com;Dalila837123
439;anastasia.ayala856@gmail.com;Anasta7802026
440;evelia.hernando457@gmail.com;Evelia102123
441;candelaria.edelmira111@yahoo.com;Candel403!
442;sabina.solera497@yahoo.com;Sabina460@
443;ruperta.ramos378@hotmail.com;Rupert629@
444;renata.palomar155@hotmail.com;Renata6862026
445;cayetana.mur699@hotmail.com;Cayeta711_
446;maria.manuela105@outlook.com;Mariam645_
447;angelica.de467@yahoo.com;Angeli763_
448;rosa.barriomas402@hotmail.com;Rosaba393@
449;lope.bernad132@gmail.com;Lopebe335_
450;ruy.rodriguez308@gmail.com;Ruyrod745_
451;delfina.mendizabal971@outlook.com;Delfin314#
452;quique.andresabella690@hotmail.com;Quique893#
453;cristian.huertas778@outlook.com;Cristi236!
454;montserrat.benitez846@gmail.com;Montse672_
455;adan.pombochaves876@outlook.com;Adanpo866@
456;felix.demetrio363@yahoo.com;Felixd775123
457;isa.berenguer372@gmail.com;Isaber103@
458;valentina.torre223@yahoo.com;Valent832!
459;panfilo.pascual720@gmail.com;Panfil5802026
460;felisa.del61@yahoo.com;Felisa567@
461;eliana.paniagua786@yahoo.com;Eliana499_
462;reina.polo601@gmail.com;Reinap227_
463;candida.santamaria355@yahoo.com;Candid3062026
464;teodosio.calderon586@gmail.com;Teodos3382026
465;trini.madrid419@gmail.com;Trinim866_
466;paulina.de632@hotmail.com;Paulin325@
467;edelmiro.coloma742@hotmail.com;Edelmi7682026
468;anselmo.verdejo353@gmail.com;Anselm836@
469;delfina.cueto20@gmail.com;Delfin489123
470;alejo.anastasio586@outlook.com;Alejoa693@
471;felisa.badia333@outlook.com;Felisa5142026
472;cintia.uribe918@gmail.com;Cintia1252026
473;ruy.pedraza23@yahoo.com;Ruyped320_
474;edgar.bueno929@gmail.com;Edgarb896#
475;aroa.pina350@outlook.com;Aroapi1162026
476;dan.de49@yahoo.com;Dandea7242026
477;arcelia.prats990@hotmail.com;Arceli538#
478;carmelita.calderon272@gmail.com;Carmel9222026
479;manuel.somoza539@yahoo.com;Manuel729!
480;manola.diazllanos88@gmail.com;Manola6202026
481;abril.del528@yahoo.com;Abrild941!
482;blanca.marin80@outlook.com;Blanca561!
483;josefina.cardonagarces161@hotmail.com;Josefi290!
484;adelardo.solana297@hotmail.com;Adelar777!
485;elvira.alcolea229@yahoo.com;Elvira268_
486;ariadna.cuesta626@outlook.com;Ariadn679#
487;loida.tello969@yahoo.com;Loidat350!
488;haroldo.rios159@outlook.com;Harold7342026
489;malena.susanita639@gmail.com;Malena851!
490;gala.codinaosuna573@yahoo.com;Galaco2572026
491;blanca.olmoperalta365@hotmail.com;Blanca996@
492;victorino.mendez508@outlook.com;Victor8062026
493;melchor.asensio870@outlook.com;Melcho581!
494;teo.sevillano428@hotmail.com;Teosev2652026
495;paloma.lujan365@gmail.com;Paloma8682026
496;toribio.de293@gmail.com;Toribi505123
497;gala.aguilera428@yahoo.com;Galaag334123
498;hermenegildo.garmendia236@yahoo.com;Hermen568123
499;bernardino.sanabria929@gmail.com;Bernar4302026
500;calixto.roda265@hotmail.com;Calixt7492026
501;lara.julian955@gmail.com;Laraju944_
502;eugenio.domingo618@outlook.com;Eugeni164!
503;eusebio.norberto959@gmail.com;Eusebi310#
504;ruperta.espana436@yahoo.com;Rupert156123
505;hernan.cabeza753@hotmail.com;Hernan869#
506;nelida.alberdi545@hotmail.com;Nelida844_
507;clemente.fausto420@yahoo.com;Clemen792_
508;eliseo.calderonsales325@gmail.com;Eliseo621!
509;nayara.gertrudis410@hotmail.com;Nayara950_
510;serafina.iglesias508@yahoo.com;Serafi2992026
511;antonio.canete62@hotmail.com;Antoni960#
512;ainara.de833@gmail.com;Ainara225@
513;agapito.sabas810@outlook.com;Agapit292@
514;marcial.rocamora492@gmail.com;Marcia4792026
515;salome.font47@outlook.com;Salome9632026
516;maria.teresa913@hotmail.com;Mariat295123
517;anacleto.gargallo827@yahoo.com;Anacle536_
518;soledad.sola832@yahoo.com;Soleda659123
519;nidia.de996@yahoo.com;Nidiad559#
520;america.rio326@hotmail.com;Americ165123
521;reyes.priego534@hotmail.com;Reyesp522#
522;quirino.de439@gmail.com;Quirin144!
523;abel.salvfuente184@gmail.com;Abelsa313#
524;emiliano.de511@yahoo.com;Emilia297!
525;eulalia.peral468@yahoo.com;Eulali504!
526;paulina.molins871@outlook.com;Paulin192_
527;jordan.ponce766@hotmail.com;Jordan1192026
528;lupita.emilia14@yahoo.com;Lupita260123
529;ernesto.abad77@hotmail.com;Ernest469!
530;jordana.amador965@outlook.com;Jordan9852026
531;aurelia.gertrudis307@gmail.com;Aureli873_
532;alberto.de952@hotmail.com;Albert326#
533;josep.porta385@yahoo.com;Josepp981#
534;maxi.valverde282@yahoo.com;Maxiva702!
535;azucena.del908@outlook.com;Azucen737123
536;erasmo.castells378@yahoo.com;Erasmo889@
537;hernan.roperohigueras319@gmail.com;Hernan674#
538;joaquin.bosch682@hotmail.com;Joaqui244#
539;borja.botella359@gmail.com;Borjab790_
540;ascension.borras640@gmail.com;Ascens395123
541;palmira.leal274@gmail.com;Palmir406_
542;jordi.salgado361@outlook.com;Jordis710!
543;alexandra.vizcaino827@yahoo.com;Alexan6802026
544;adalberto.verdugosuarez726@yahoo.com;Adalbe955#
545;juanito.ibanez120@outlook.com;Juanit569@
546;eugenia.vinasquero471@outlook.com;Eugeni8262026
547;luciana.del470@yahoo.com;Lucian839123
548;apolonia.lopez196@yahoo.com;Apolon594#
549;jordan.valenciano210@gmail.com;Jordan146#
550;olalla.de313@hotmail.com;Olalla976!
551;guiomar.blazquez668@hotmail.com;Guioma305#
552;adalberto.navas648@hotmail.com;Adalbe389!
553;florina.nicolau746@gmail.com;Florin995123
554;palmira.porras209@gmail.com;Palmir4232026
555;dimas.pagsvalverde524@gmail.com;Dimasp566#
556;omar.pastor957@gmail.com;Omarpa3072026
557;dulce.guzman314@gmail.com;Dulceg784_
558;jose.angel275@gmail.com;Josean906!
559;carlos.de592@hotmail.com;Carlos466123
560;heriberto.ordonez517@gmail.com;Heribe376!
561;mar.prats804@outlook.com;Marpra4402026
562;leire.ramos603@yahoo.com;Leirer1862026
563;abigail.ayllon105@gmail.com;Abigai941_
564;rocio.bas524@gmail.com;Rociob872_
565;sofia.granados755@yahoo.com;Sofiag546#
566;jose.manuel161@outlook.com;Josema2532026
567;rocio.nadia721@outlook.com;Rocion700!
568;eva.ros461@hotmail.com;Evaros370_
569;maria.manuela133@yahoo.com;Mariam1002026
570;adelia.moles842@yahoo.com;Adelia949_
571;leticia.noguera548@gmail.com;Letici939_
572;blas.rio718@gmail.com;Blasri316123
573;severo.matas341@outlook.com;Severo7922026
574;soledad.gomislasa75@hotmail.com;Soleda203123
575;mauricio.nino78@hotmail.com;Mauric4272026
576;zoraida.calzada641@yahoo.com;Zoraid4972026
577;felix.herrero310@outlook.com;Felixh879123
578;lola.sanmiguel571@hotmail.com;Lolasa2142026
579;paz.montserrat441@hotmail.com;Pazmon179!
580;juan.manuel844@yahoo.com;Juanma916#
581;ivan.del614@gmail.com;Ivande240123
582;victor.manuel415@gmail.com;Victor872!
583;luz.lluch702@gmail.com;Luzllu2612026
584;alonso.rios41@gmail.com;Alonso858#
585;berta.campos757@hotmail.com;Bertac280!
586;aroa.valles228@outlook.com;Aroava919@
587;viviana.cobo873@outlook.com;Vivian756123
588;marcos.canals52@yahoo.com;Marcos625_
589;ambar.barcena594@yahoo.com;Ambarb552123
590;nerea.estevez386@gmail.com;Nereae529_
591;salomon.mariscal792@yahoo.com;Salomo471_
592;vilma.lupe355@outlook.com;Vilmal3522026
593;florentina.marti566@gmail.com;Floren4092026
594;ascension.sole682@yahoo.com;Ascens446_
595;lupe.perera432@outlook.com;Lupepe829!
596;cipriano.baquero232@outlook.com;Cipria297123
597;francisca.bernardita564@outlook.com;Franci7562026
598;eutropio.vilaltaros881@outlook.com;Eutrop662@
599;rosalinda.pinilla596@outlook.com;Rosali415@
600;glauco.somoza967@gmail.com;Glauco604123
601;reyes.chacon659@outlook.com;Reyesc156#
602;ruy.lledomonreal173@gmail.com;Ruylle257#
603;valeria.andresmarquez329@hotmail.com;Valeri498#
604;ildefonso.osorio332@yahoo.com;Ildefo439_
605;blanca.gutierrez61@hotmail.com;Blanca705123
606;agueda.miguel499@gmail.com;Agueda599#
607;ambrosio.alarcon691@gmail.com;Ambros535_
608;leonardo.espanol217@hotmail.com;Leonar2042026
609;silvio.parejo133@gmail.com;Silvio813!
610;bernabe.silvio903@yahoo.com;Bernab247#
611;bibiana.talavera82@gmail.com;Bibian198123
612;felipa.marin651@yahoo.com;Felipa156!
613;humberto.nebot875@gmail.com;Humber247_
614;ingrid.canton731@gmail.com;Ingrid161_
615;erasmo.de577@gmail.com;Erasmo367!
616;adelina.colom823@outlook.com;Adelin328_
617;jose.antonio121@hotmail.com;Josean754@
618;luciano.mate645@outlook.com;Lucian310#
619;asdrubal.sarabia424@outlook.com;Asdrub950@
620;iker.ildefonso349@yahoo.com;Ikeril538#
621;xavier.amoros900@yahoo.com;Xavier639123
622;xavier.carnero434@hotmail.com;Xavier437#
623;micaela.asenjo963@outlook.com;Micael699#
624;eliseo.pelayoquesada594@gmail.com;Eliseo7612026
625;hilario.amor234@hotmail.com;Hilari502#
626;yolanda.cozar521@outlook.com;Yoland2582026
627;america.romanballesteros581@outlook.com;Americ547@
628;chita.garate249@gmail.com;Chitag998#
629;narcisa.heredia744@yahoo.com;Narcis868_
630;omar.almazan751@hotmail.com;Omaral310@
631;flavio.acerorecio224@outlook.com;Flavio7082026
632;pedro.manzanoaraujo973@yahoo.com;Pedrom153123
633;valero.castejon137@outlook.com;Valero356#
634;victor.manuel210@outlook.com;Victor276_
635;plinio.gil286@gmail.com;Plinio728@
636;juan.zabaleta239@hotmail.com;Juanza4212026
637;ani.rosales16@gmail.com;Aniros384!
638;eladio.toro300@gmail.com;Eladio9962026
639;evelia.fuentes149@yahoo.com;Evelia295!
640;apolinar.moya692@gmail.com;Apolin157@
641;marisela.azahara161@gmail.com;Marise775_
642;ana.belen242@gmail.com;Anabel616_
643;anacleto.esteban581@gmail.com;Anacle806#
644;florencia.de941@yahoo.com;Floren135@
645;vito.ferrera45@yahoo.com;Vitofe208_
646;serafina.vila68@hotmail.com;Serafi894!
647;filomena.miguel629@outlook.com;Filome706@
648;sosimo.feijoo13@yahoo.com;Sosimo2052026
649;domingo.montenegro286@hotmail.com;Doming4102026
650;aurelia.ordonez310@yahoo.com;Aureli432@
651;felipe.del497@hotmail.com;Felipe225#
652;marciano.grau418@outlook.com;Marcia845_
653;sara.badia908@gmail.com;Saraba740_
654;emma.campillo478@hotmail.com;Emmaca306#
655;bernarda.saura573@hotmail.com;Bernar359@
656;pepita.arana352@gmail.com;Pepita8532026
657;segismundo.jose326@gmail.com;Segism412_
658;claudia.del301@outlook.com;Claudi885#
659;sosimo.capdevilaabella75@hotmail.com;Sosimo705_
660;trinidad.gallart966@gmail.com;Trinid694@
661;manuel.peiro860@hotmail.com;Manuel943123
662;rebeca.marti619@yahoo.com;Rebeca890#
663;matilde.maria774@hotmail.com;Matild620#
664;francisco.jose406@yahoo.com;Franci465_
665;renato.ibanez78@gmail.com;Renato1132026
666;angelina.millan69@outlook.com;Angeli8562026
667;iker.cobo794@gmail.com;Ikerco158_
668;eliseo.de403@outlook.com;Eliseo535#
669;joel.del287@yahoo.com;Joelde498!
670;carolina.segui640@outlook.com;Caroli461_
671;jordana.sosa170@hotmail.com;Jordan686_
672;emigdio.de459@outlook.com;Emigdi917!
673;fausto.neira530@hotmail.com;Fausto937@
674;fidela.jorda466@outlook.com;Fidela985_
675;maria.fernanda193@outlook.com;Mariaf423@
676;nazario.salv316@gmail.com;Nazari432#
677;lucila.haro371@gmail.com;Lucila223!
678;sancho.vilacastilla664@yahoo.com;Sancho957!
679;maria.blazquez364@gmail.com;Mariab689#
680;jose.miguel993@outlook.com;Josemi742#
681;javier.fito917@yahoo.com;Javier690@
682;raul.gutierrezlosada185@yahoo.com;Raulgu732#
683;bautista.gomezpineda354@outlook.com;Bautis487_
684;felicidad.jara654@gmail.com;Felici431@
685;juanito.rocamora472@outlook.com;Juanit4362026
686;nadia.barros797@gmail.com;Nadiab9672026
687;saturnino.cuadrado666@gmail.com;Saturn599123
688;sabas.abascal936@hotmail.com;Sabasa157@
689;olalla.valenciano812@hotmail.com;Olalla889#
690;toribio.escriva946@hotmail.com;Toribi593_
691;apolonia.roda621@gmail.com;Apolon243123
692;felix.isidro566@gmail.com;Felixi266_
693;paula.pinol496@gmail.com;Paulap890!
694;paca.navarreteroca319@yahoo.com;Pacana4142026
695;amaro.peralibarra488@yahoo.com;Amarop822#
696;melania.griselda483@gmail.com;Melani728@
697;angelita.del253@hotmail.com;Angeli846@
698;carmela.zorrilla153@yahoo.com;Carmel613_
699;graciela.ortega235@gmail.com;Gracie259123
700;custodio.de768@gmail.com;Custod304_
701;juan.francisco860@gmail.com;Juanfr5242026
702;trinidad.bienvenida390@yahoo.com;Trinid208@
703;ofelia.montana661@hotmail.com;Ofelia297_
704;dominga.casado779@yahoo.com;Doming465@
705;dorotea.llado324@outlook.com;Dorote615_
706;flavio.plaza410@hotmail.com;Flavio275_
707;jenny.bustamante175@gmail.com;Jennyb524@
708;gilberto.peiro740@gmail.com;Gilber207123
709;maximiliano.marino727@hotmail.com;Maximi160#
710;francisco.martinezvillaverde559@hotmail.com;Franci791123
711;eva.moliner532@hotmail.com;Evamol6132026
712;amalia.acevedo566@gmail.com;Amalia959#
713;jose.del517@gmail.com;Josede9342026
714;jeronimo.sergio570@hotmail.com;Jeroni502_
715;rufino.fabregas321@hotmail.com;Rufino201_
716;nacio.valencia80@gmail.com;Naciov260_
717;gabriel.inigo210@gmail.com;Gabrie3192026
718;juan.manuel537@yahoo.com;Juanma169_
719;cristian.teruel307@yahoo.com;Cristi6792026
720;herberto.bonilla386@hotmail.com;Herber750_
721;faustino.del657@yahoo.com;Fausti4352026
722;martin.uribe167@hotmail.com;Martin2852026
723;elba.azcona172@outlook.com;Elbaaz641_
724;rodolfo.del665@yahoo.com;Rodolf892123
725;matilde.ariadna534@hotmail.com;Matild654!
726;teodosio.leiva722@hotmail.com;Teodos268#
727;guiomar.blazquez544@gmail.com;Guioma797@
728;macario.mosquera372@yahoo.com;Macari862_
729;jordana.anita276@yahoo.com;Jordan919@
730;obdulia.atienza863@hotmail.com;Obduli932#
731;heliodoro.borja711@gmail.com;Heliod315123
732;miguel.heredia967@hotmail.com;Miguel719#
733;severino.gordillo713@gmail.com;Severi657!
734;domitila.alemany195@hotmail.com;Domiti595!
735;aitana.belda469@gmail.com;Aitana486!
736;calixta.ribera278@outlook.com;Calixt4872026
737;julie.reyes621@gmail.com;Julier364_
738;rico.del563@outlook.com;Ricode684#
739;noe.rocamora920@outlook.com;Noeroc594!
740;vinicio.serra241@outlook.com;Vinici4822026
741;gaspar.juan860@gmail.com;Gaspar236_
742;dorita.diaz934@yahoo.com;Dorita6352026
743;isidro.reguera12@hotmail.com;Isidro793#
744;jenaro.carretero798@gmail.com;Jenaro861!
745;adelardo.del720@outlook.com;Adelar799123
746;luna.barral762@yahoo.com;Lunaba381@
747;roxana.escalona579@outlook.com;Roxana7192026
748;cesar.perales633@yahoo.com;Cesarp419!
749;lucia.gomez916@outlook.com;Luciag485!
750;goyo.jimenez929@hotmail.com;Goyoji783!
751;aurora.castells37@yahoo.com;Aurora416!
752;haydee.tellez365@hotmail.com;Haydee2992026
753;piedad.ruano501@gmail.com;Piedad8882026
754;constanza.de354@hotmail.com;Consta757!
755;coral.mendizabal929@gmail.com;Coralm805_
756;gaspar.olivares291@gmail.com;Gaspar3922026
757;rodolfo.del417@gmail.com;Rodolf785#
758;anna.mireia802@yahoo.com;Annami295123
759;miriam.mascaro314@gmail.com;Miriam162!
760;florentino.valenciano581@outlook.com;Floren463@
761;araceli.tejada435@hotmail.com;Aracel238@
762;sancho.robledo144@gmail.com;Sancho993@
763;eva.almazan83@hotmail.com;Evaalm495_
764;patricia.garrido350@hotmail.com;Patric754123
765;marcelo.alcalde72@yahoo.com;Marcel633@
766;aitana.mendozagalvez329@hotmail.com;Aitana767!
767;ruth.eugenia643@yahoo.com;Rutheu391@
768;vinicio.del282@yahoo.com;Vinici981_
769;efrain.falcorocamora38@yahoo.com;Efrain9502026
770;trinidad.velasco427@gmail.com;Trinid613!
771;amada.rovira617@yahoo.com;Amadar187123
772;nerea.martinpina946@outlook.com;Neream588#
773;iker.alberdi706@gmail.com;Ikeral956123
774;roxana.coloma246@outlook.com;Roxana594_
775;leon.de640@outlook.com;Leonde5472026
776;jessica.amaya524@gmail.com;Jessic257@
777;inigo.garzon129@yahoo.com;Inigog183@
778;isaias.de869@hotmail.com;Isaias496123
779;lola.riquelme573@yahoo.com;Lolari976_
780;agustina.bonet611@outlook.com;Agusti685123
781;amor.canovas746@yahoo.com;Amorca559_
782;leocadia.blazquez522@yahoo.com;Leocad9942026
783;elpidio.cazorla703@yahoo.com;Elpidi208#
784;leire.hervas848@hotmail.com;Leireh972#
785;odalis.candida33@outlook.com;Odalis5572026
786;amancio.gisbert161@gmail.com;Amanci3102026
787;victor.manuel737@outlook.com;Victor801123
788;catalina.pinol785@gmail.com;Catali917123
789;raimundo.cozar661@hotmail.com;Raimun730!
790;diana.huertas405@gmail.com;Dianah367@
791;octavio.hoyos440@gmail.com;Octavi573_
792;heliodoro.franch643@hotmail.com;Heliod115@
793;alejo.nicolas55@outlook.com;Alejon910@
794;seve.peralta953@yahoo.com;Sevepe696#
795;esteban.monreal121@outlook.com;Esteba964!
796;maricruz.tejedor400@hotmail.com;Maricr939@
797;olga.morell621@outlook.com;Olgamo8202026
798;gema.torrecilla942@hotmail.com;Gemato2272026
799;melchor.tadeo980@outlook.com;Melcho142!
800;olalla.mur213@yahoo.com;Olalla114123
801;josefa.de95@outlook.com;Josefa8582026
802;anunciacion.aragon396@yahoo.com;Anunci813#
803;pastor.boix397@hotmail.com;Pastor749@
804;dalila.somoza358@outlook.com;Dalila770_
805;octavio.arribas520@hotmail.com;Octavi238123
806;gabriel.cespedes243@gmail.com;Gabrie511@
807;juliana.carpio620@outlook.com;Julian389123
808;maria.belen914@gmail.com;Mariab7612026
809;candido.figuerola265@outlook.com;Candid183@
810;eugenia.marino895@yahoo.com;Eugeni109123
811;tania.azahara443@yahoo.com;Taniaa775@
812;feliciana.del424@yahoo.com;Felici563123
813;ruperto.fuentes839@hotmail.com;Rupert372#
814;nydia.folch872@outlook.com;Nydiaf1332026
815;gloria.de788@outlook.com;Gloria229_
816;aroa.sanchezalvaro772@yahoo.com;Aroasa139_
817;nestor.cabanillas715@outlook.com;Nestor892!
818;dulce.vila93@yahoo.com;Dulcev700_
819;onofre.maestre927@outlook.com;Onofre928@
820;gervasio.jove395@gmail.com;Gervas263_
821;rebeca.reina853@gmail.com;Rebeca365_
822;gaston.albino490@yahoo.com;Gaston770123
823;victor.manuel677@yahoo.com;Victor543_
824;jessica.del535@outlook.com;Jessic9612026
825;alex.redondo302@hotmail.com;Alexre1682026
826;alfredo.domingorio673@hotmail.com;Alfred678123
827;bruno.montenegro194@outlook.com;Brunom900!
828;leopoldo.coronado916@outlook.com;Leopol881@
829;mauricio.tomas681@gmail.com;Mauric396!
830;noelia.mendez236@yahoo.com;Noelia580123
831;cornelio.gimenez675@outlook.com;Cornel265!
832;anunciacion.carmen970@outlook.com;Anunci9652026
833;victor.mendizabal254@gmail.com;Victor348#
834;leocadia.fernandezpeiro641@yahoo.com;Leocad249_
835;carmelita.jimeneziriarte196@outlook.com;Carmel902#
836;ricardo.pascualordonez524@gmail.com;Ricard200@
837;petrona.peralta839@outlook.com;Petron437@
838;emiliano.benigno54@gmail.com;Emilia236123
839;elvira.pujadas806@outlook.com;Elvira3592026
840;berta.daza584@outlook.com;Bertad936123
841;hugo.solsona123@outlook.com;Hugoso495#
842;aura.boix850@yahoo.com;Aurabo819123
843;jose.montserrat367@gmail.com;Josemo790_
844;tatiana.del143@hotmail.com;Tatian586!
845;hector.sala993@gmail.com;Hector876_
846;emiliano.tellez78@outlook.com;Emilia332#
847;adelia.cifuentesjara301@gmail.com;Adelia497_
848;salome.uribe746@outlook.com;Salome804_
849;cesar.gilabert99@outlook.com;Cesarg849!
850;lorena.larranagaiglesia366@hotmail.com;Lorena742@
851;yessica.jove751@yahoo.com;Yessic933!
852;maristela.leire750@outlook.com;Marist321#
853;susanita.julian343@outlook.com;Susani3762026
854;anibal.montes692@outlook.com;Anibal935123
855;consuela.de470@gmail.com;Consue848123
856;emiliana.zamorano688@yahoo.com;Emilia6372026
857;belen.maria504@yahoo.com;Belenm275_
858;lucio.espanol222@gmail.com;Lucioe474123
859;paco.suarez356@gmail.com;Pacosu9802026
860;delfina.hernandez535@outlook.com;Delfin446#
861;socorro.bustamante530@outlook.com;Socorr340!
862;ema.cifuentes654@yahoo.com;Emacif384#
863;magdalena.apolonia615@outlook.com;Magdal373123
864;benjamin.toledoolivera490@yahoo.com;Benjam8972026
865;cesar.colom57@gmail.com;Cesarc141@
866;anselmo.aroca358@outlook.com;Anselm523123
867;gregorio.bayona908@gmail.com;Gregor362_
868;danilo.caroroig666@yahoo.com;Danilo892#
869;gloria.de808@yahoo.com;Gloria650@
870;gema.del952@gmail.com;Gemade8142026
871;eusebio.jose671@gmail.com;Eusebi585_
872;arcelia.llado536@gmail.com;Arceli9732026
873;patricio.amancio554@gmail.com;Patric607@
874;demetrio.sanabria660@hotmail.com;Demetr295@
875;narcisa.zabaleta243@gmail.com;Narcis415_
876;emilia.soto450@gmail.com;Emilia658!
877;poncio.ochoa481@hotmail.com;Poncio419123
878;salvador.lledo102@gmail.com;Salvad861@
879;yago.elias466@gmail.com;Yagoel625!
880;mireia.de872@outlook.com;Mireia231123
881;severo.paz81@yahoo.com;Severo979_
882;martin.gil782@hotmail.com;Martin960!
883;horacio.saura495@gmail.com;Horaci451_
884;otilia.velazquez677@hotmail.com;Otilia315_
885;joel.de146@yahoo.com;Joelde196123
886;marianela.monica23@outlook.com;Marian180123
887;felix.solera90@hotmail.com;Felixs107#
888;georgina.purificacion354@yahoo.com;Georgi385#
889;abraham.duartegrande566@hotmail.com;Abraha654!
890;teodora.sobrino771@gmail.com;Teodor282123
891;amaya.valbuena277@hotmail.com;Amayav186_
892;yago.peral550@outlook.com;Yagope186_
893;evangelina.angela830@hotmail.com;Evange973!
894;patricia.de301@gmail.com;Patric7122026
895;nieves.visitacion399@gmail.com;Nieves442#
896;reyes.garate694@outlook.com;Reyesg531123
897;cristian.loreto944@outlook.com;Cristi562@
898;claudia.criado532@outlook.com;Claudi881!
899;andrea.andres394@gmail.com;Andrea4432026
900;diana.hernandez372@hotmail.com;Dianah525123
901;geronimo.jose158@yahoo.com;Geroni174_
902;yaiza.tamayo620@hotmail.com;Yaizat503#
903;mayte.puig926@outlook.com;Maytep463@
904;carmelita.juarez833@outlook.com;Carmel556_
905;leandra.carretero762@yahoo.com;Leandr976_
906;jose.angel172@yahoo.com;Josean233!
907;micaela.bolanos147@gmail.com;Micael592123
908;vasco.blazquez976@outlook.com;Vascob921!
909;catalina.sebastian483@outlook.com;Catali1502026
910;mateo.calderoncabanas982@outlook.com;Mateoc551123
911;bonifacio.marin728@gmail.com;Bonifa194!
912;armida.amaya914@yahoo.com;Armida281_
913;gabino.posada594@outlook.com;Gabino372_
914;cleto.yanez529@yahoo.com;Cletoy437123
915;adelaida.cordero169@gmail.com;Adelai2322026
916;toribio.becerrarosello960@yahoo.com;Toribi265_
917;abril.manzanares187@yahoo.com;Abrilm661!
918;blas.fernandez587@gmail.com;Blasfe474_
919;silvestre.del895@gmail.com;Silves2382026
920;graciela.cases61@outlook.com;Gracie572#
921;obdulia.vilanovabelda195@gmail.com;Obduli4952026
922;monica.mateos596@yahoo.com;Monica775#
923;romulo.del163@hotmail.com;Romulo639_
924;julio.roca385@outlook.com;Julior293123
925;julie.mateo449@outlook.com;Juliem715123
926;bruno.chaves595@outlook.com;Brunoc868!
927;jafet.enriquez338@yahoo.com;Jafete5742026
928;silvia.bas834@yahoo.com;Silvia1872026
929;flor.de773@yahoo.com;Florde588!
930;cintia.adora130@yahoo.com;Cintia862_
931;fernando.de142@hotmail.com;Fernan454#
932;tito.otero228@hotmail.com;Titoot547!
933;mar.salazar436@hotmail.com;Marsal918!
934;miguela.tenorio997@outlook.com;Miguel741_
935;cruz.lucila226@gmail.com;Cruzlu253!
936;rosalia.rius407@yahoo.com;Rosali201@
937;magdalena.abad400@outlook.com;Magdal1362026
938;emiliana.palomar719@hotmail.com;Emilia330_
939;rocio.esparza525@outlook.com;Rocioe7812026
940;samuel.aragones393@hotmail.com;Samuel687_
941;adan.rosa90@yahoo.com;Adanro6932026
942;americo.blanco651@yahoo.com;Americ422_
943;espiridion.francisco192@gmail.com;Espiri582@
944;marciano.cervantes922@outlook.com;Marcia598#
945;concepcion.trinidad247@hotmail.com;Concep9602026
946;maria.fernanda63@gmail.com;Mariaf450123
947;purificacion.ambar545@yahoo.com;Purifi312_
948;liliana.company461@outlook.com;Lilian200@
949;chuy.barco923@yahoo.com;Chuyba137!
950;natalia.del497@yahoo.com;Natali5812026
951;natanael.alonso724@hotmail.com;Natana454#
952;anselmo.calderon978@outlook.com;Anselm9792026
953;teodoro.company253@gmail.com;Teodor6722026
954;eligia.pol551@gmail.com;Eligia406_
955;barbara.uria40@outlook.com;Barbar309@
956;alcides.marinsanchez991@gmail.com;Alcide497@
957;azeneth.aznar230@yahoo.com;Azenet368#
958;edgar.del206@yahoo.com;Edgard371!
959;alondra.julie920@yahoo.com;Alondr9912026
960;maria.carmen965@outlook.com;Mariac277@
961;iker.del316@hotmail.com;Ikerde653#
962;fabricio.francisco317@gmail.com;Fabric308123
963;adriana.hurtado783@hotmail.com;Adrian143123
964;eugenio.del947@outlook.com;Eugeni122!
965;alondra.elorza287@outlook.com;Alondr275_
966;dorotea.diez462@hotmail.com;Dorote114@
967;adrian.heras297@gmail.com;Adrian429!
968;elisabet.carpio65@outlook.com;Elisab459_
969;chita.de983@hotmail.com;Chitad699_
970;marta.pedraza690@gmail.com;Martap262@
971;alejandra.pastora198@hotmail.com;Alejan766!
972;inmaculada.castilla950@outlook.com;Inmacu8852026
973;esmeralda.hidalgo267@hotmail.com;Esmera394#
974;xavier.escriva759@hotmail.com;Xavier752123
975;jose.mari899@hotmail.com;Josema111123
976;zacarias.araujo667@gmail.com;Zacari6062026
977;benjamin.carbopombo540@yahoo.com;Benjam373_
978;fortunato.somoza824@hotmail.com;Fortun133_
979;julio.campos981@hotmail.com;Julioc107!
980;eric.hoz411@hotmail.com;Ericho196123
981;francisca.jose416@hotmail.com;Franci720_
982;serafina.de154@yahoo.com;Serafi774_
983;eusebia.murmaestre810@yahoo.com;Eusebi124!
984;damian.de73@gmail.com;Damian305_
985;benigno.del708@yahoo.com;Benign603123
986;nando.tellez105@outlook.com;Nandot122#
987;seve.benito615@outlook.com;Sevebe328@
988;eusebio.bernal169@gmail.com;Eusebi5802026
989;belen.ruth273@yahoo.com;Belenr762123
990;dora.calleja600@yahoo.com;Doraca754!
991;gervasio.de602@hotmail.com;Gervas612123
992;luciana.borras952@gmail.com;Lucian917!
993;zacarias.gonzalo814@yahoo.com;Zacari766!
994;felipa.domingoborras291@hotmail.com;Felipa247123
995;ester.frias573@outlook.com;Esterf435_
996;emilio.barroso170@gmail.com;Emilio8362026
997;hipolito.alcantaraalamo728@gmail.com;Hipoli394#
998;paulino.eric99@gmail.com;Paulin458_
999;albina.miranda995@gmail.com;Albina842#
1000;rosaura.jessica626@hotmail.com;Rosaur858!
1001;armando.manso298@hotmail.com;Armand1102026
1002;nico.vianapuerta735@hotmail.com;Nicovi828123
1003;patricio.samper602@outlook.com;Patric8982026
1004;lorenza.galindo754@yahoo.com;Lorenz787123
1005;alex.marc529@outlook.com;Alexma851_
1006;pia.salinas935@yahoo.com;Piasal958123
1007;gregorio.tomas230@yahoo.com;Gregor919123
1008;porfirio.fernandez892@hotmail.com;Porfir372#
1009;azahara.cadenas949@gmail.com;Azahar798@
1010;asuncion.cortina469@hotmail.com;Asunci7872026
1011;roberto.palau632@gmail.com;Robert810!
1012;pancho.banos30@outlook.com;Pancho859!
1013;francisco.jose324@outlook.com;Franci2032026
1014;hector.bernat274@yahoo.com;Hector716!
1015;casemiro.mate564@outlook.com;Casemi6712026
1016;macario.juangonzalez345@yahoo.com;Macari4112026
1017;nico.espejo923@hotmail.com;Nicoes783_
1018;jose.miguel363@outlook.com;Josemi310_
1019;amelia.del676@gmail.com;Amelia596123
1020;nacio.minguez967@hotmail.com;Naciom295123
1021;abraham.heriberto576@gmail.com;Abraha995_
1022;macarena.caceres513@gmail.com;Macare814#
1023;priscila.acedo956@hotmail.com;Prisci489_
1024;marisol.jauregui35@outlook.com;Mariso390_
1025;encarna.segarra431@yahoo.com;Encarn416!
1026;isaac.jose480@yahoo.com;Isaacj285!
1027;olimpia.leticia235@hotmail.com;Olimpi506!
1028;roman.guitart385@hotmail.com;Romang748123
1029;nacho.hierropatino379@gmail.com;Nachoh407!
1030;marcial.escribano185@outlook.com;Marcia9372026
1031;leandro.david89@yahoo.com;Leandr687_
1032;purificacion.villaverdelarranaga683@yahoo.com;Purifi409#
1033;silvestre.leon978@hotmail.com;Silves303@
1034;tito.chaves430@hotmail.com;Titoch155123
1035;toni.arcosoriano600@yahoo.com;Toniar612#
1036;remedios.gimenez734@yahoo.com;Remedi2272026
1037;isaura.ribera628@outlook.com;Isaura808!
1038;eligia.torrens142@hotmail.com;Eligia786!
1039;edu.jordanbarrios656@gmail.com;Edujor574123
1040;emiliano.castaneda823@outlook.com;Emilia726_
1041;cloe.blazquez374@outlook.com;Cloebl8782026
1042;luis.madrid410@outlook.com;Luisma598#
1043;maxi.gonzalo363@hotmail.com;Maxigo6942026
1044;adolfo.valcarcel391@gmail.com;Adolfo266123
1045;jose.ignacio646@gmail.com;Joseig915!
1046;agustin.villar502@gmail.com;Agusti6882026
1047;eleuterio.banos128@outlook.com;Eleute275#
1048;etelvina.terron46@hotmail.com;Etelvi984#
1049;vidal.reyes780@yahoo.com;Vidalr550@
1050;africa.juarez540@yahoo.com;Africa786#
1051;dani.serrano348@yahoo.com;Danise943!
1052;aurelia.maestre567@outlook.com;Aureli194@
1053;marisol.gala111@gmail.com;Mariso126!
1054;rosalinda.de712@gmail.com;Rosali4702026
1055;nicolas.cabanasvarela808@gmail.com;Nicola969123
1056;gabriel.urrutia95@yahoo.com;Gabrie919@
1057;isaura.de587@yahoo.com;Isaura963!
1058;macarena.hernandez324@yahoo.com;Macare357123
1059;ximena.salcedo168@yahoo.com;Ximena360#
1060;laura.pinol802@outlook.com;Laurap772123
1061;roldan.novoa217@gmail.com;Roldan286@
1062;ambrosio.angelino458@yahoo.com;Ambros544!
1063;eligio.gonzalez782@gmail.com;Eligio378@
1064;yesica.abril650@gmail.com;Yesica612!
1065;fernanda.lopez320@outlook.com;Fernan4592026
1066;lola.acedo228@yahoo.com;Lolaac904@
1067;azahara.checa397@gmail.com;Azahar305_
1068;baudelio.naranjoacuna295@hotmail.com;Baudel802!
1069;guiomar.milla831@outlook.com;Guioma385@
1070;manuela.del708@yahoo.com;Manuel462@
1071;aurora.eulalia673@yahoo.com;Aurora640!
1072;florentino.valls12@yahoo.com;Floren170_
1073;florinda.reina579@hotmail.com;Florin347_
1074;jenny.ortega502@gmail.com;Jennyo609123
1075;leocadio.palomar415@gmail.com;Leocad951123
1076;cruz.del367@hotmail.com;Cruzde1112026
1077;nazaret.vargas115@outlook.com;Nazare425#
1078;amanda.malo55@yahoo.com;Amanda884@
1079;cebrian.daniel434@hotmail.com;Cebria501@
1080;primitiva.calleja179@yahoo.com;Primit590_
1081;jose.francisco343@hotmail.com;Josefr636_
1082;eufemia.valenzuela721@gmail.com;Eufemi514!
1083;lupe.estevez768@hotmail.com;Lupees271#
1084;cosme.iglesiasvigil244@gmail.com;Cosmei826#
1085;nidia.tena920@outlook.com;Nidiat431@
1086;valerio.joaquin186@yahoo.com;Valeri696_
1087;benjamin.calderon765@gmail.com;Benjam972_
1088;aureliano.valcarcel482@gmail.com;Aureli667#
1089;heriberto.hierro673@gmail.com;Heribe870123
1090;maria.dolores513@hotmail.com;Mariad842!
1091;jacobo.barrera639@outlook.com;Jacobo356_
1092;lina.ariel103@gmail.com;Linaar179#
1093;amparo.pelaez122@gmail.com;Amparo751!
1094;nuria.vazquezborrego319@hotmail.com;Nuriav764_
1095;abril.del554@yahoo.com;Abrild188#
1096;azucena.salazar173@gmail.com;Azucen459#
1097;simon.poza163@outlook.com;Simonp454_
1098;leoncio.talavera872@hotmail.com;Leonci772123
1099;luis.lobo259@outlook.com;Luislo104_
1100;eutropio.ribera335@hotmail.com;Eutrop725#
1101;dominga.ribes104@outlook.com;Doming5652026
1102;cosme.de50@outlook.com;Cosmed468@
1103;alejandra.dafne22@outlook.com;Alejan688#
1104;gema.leal414@gmail.com;Gemale5612026
1105;nazario.canetrobledo759@yahoo.com;Nazari266!
1106;renato.pineiro168@hotmail.com;Renato1472026
1107;moises.de733@gmail.com;Moises768#
1108;margarita.mercedes375@outlook.com;Margar250!
1109;celestino.segarra327@outlook.com;Celest315123
1110;sandra.fuertes229@outlook.com;Sandra214#
1111;malena.de837@outlook.com;Malena987!
1112;amaro.samper397@hotmail.com;Amaros204!
1113;ezequiel.mollhierro334@hotmail.com;Ezequi4832026
1114;graciano.huertas768@hotmail.com;Gracia976#
1115;juan.bautista400@gmail.com;Juanba639_
1116;chuy.vicente128@outlook.com;Chuyvi809_
1117;amor.moles436@hotmail.com;Amormo8812026
1118;aurea.bernad945@gmail.com;Aureab635!
1119;maria.dolores218@outlook.com;Mariad260@
1120;domitila.aguilar975@hotmail.com;Domiti227#
1121;javiera.de715@gmail.com;Javier4352026
1122;julio.teodosio903@hotmail.com;Juliot245@
1123;iris.odalis369@hotmail.com;Irisod599#
1124;marc.espana680@outlook.com;Marces521@
1125;sosimo.azcona909@yahoo.com;Sosimo289!
1126;jose.ramon746@yahoo.com;Josera5052026
1127;africa.magdalena294@hotmail.com;Africa276@
1128;macaria.berrocal103@yahoo.com;Macari9202026
1129;marta.angelica435@gmail.com;Martaa852!
1130;adelina.roda801@gmail.com;Adelin600_
1131;fabricio.jove202@yahoo.com;Fabric752#
1132;vicente.bermudez396@outlook.com;Vicent1752026
1133;eutropio.castilla426@hotmail.com;Eutrop717!
1134;jafet.moles14@hotmail.com;Jafetm945123
1135;laura.tamarit731@yahoo.com;Laurat311#
1136;rico.checa250@hotmail.com;Ricoch436_
1137;oscar.arias183@yahoo.com;Oscara670_
1138;marita.del707@yahoo.com;Marita789123
1139;narcisa.pedro276@outlook.com;Narcis578#
1140;florencia.catalan840@yahoo.com;Floren114!
1141;gabriela.mar650@outlook.com;Gabrie2972026
1142;roman.perez426@outlook.com;Romanp7182026
1143;elodia.pina228@outlook.com;Elodia995_
1144;purificacion.abascal297@gmail.com;Purifi356#
1145;lupe.yanez805@gmail.com;Lupeya578@
1146;teo.jodar46@outlook.com;Teojod543@
1147;tania.benigna246@hotmail.com;Taniab364!
1148;encarna.llopis156@hotmail.com;Encarn178@
1149;iris.noa479@gmail.com;Irisno600123
1150;patricia.benavides561@hotmail.com;Patric809#
1151;heraclio.ricart413@gmail.com;Heracl551@
1152;nayara.cid758@yahoo.com;Nayara610@
1153;javier.campo456@yahoo.com;Javier829@
1154;gaston.garmendia492@outlook.com;Gaston518!
1155;raul.amigo563@outlook.com;Raulam279!
1156;esmeralda.evita932@hotmail.com;Esmera920123
1157;aitor.cecilio726@outlook.com;Aitorc8812026
1158;samu.walter887@outlook.com;Samuwa136#
1159;jesus.del413@yahoo.com;Jesusd890_
1160;elpidio.segura265@hotmail.com;Elpidi769!
1161;baudelio.jose600@yahoo.com;Baudel693#
1162;raul.jorda426@outlook.com;Rauljo568!
1163;charo.del475@yahoo.com;Charod191123
1164;graciano.quevedo866@hotmail.com;Gracia275!
1165;amarilis.carretero53@gmail.com;Amaril314@
1166;eduardo.amoros395@hotmail.com;Eduard6182026
1167;andres.felipe381@yahoo.com;Andres2912026
1168;etelvina.benito976@outlook.com;Etelvi894123
1169;hernando.gelabertbayona320@yahoo.com;Hernan266#
1170;carlito.nogueracarranza736@gmail.com;Carlit125_
1171;valerio.diaz418@hotmail.com;Valeri132#
1172;marita.boix769@gmail.com;Marita2032026
1173;dan.bernadfeliu190@gmail.com;Danber279_
1174;andrea.angulo409@gmail.com;Andrea1602026
1175;paula.beltran201@gmail.com;Paulab3392026
1176;paca.amores774@hotmail.com;Pacaam898@
1177;pastora.nieto716@outlook.com;Pastor735@
1178;estefania.marti359@yahoo.com;Estefa437@
1179;manuelita.iglesiagilabert887@gmail.com;Manuel323_
1180;gustavo.ocana678@outlook.com;Gustav8342026
1181;noe.gabaldon598@hotmail.com;Noegab904_
1182;veronica.sebastian380@gmail.com;Veroni694#
1183;maria.dolores596@gmail.com;Mariad7662026
1184;amelia.encarnacion379@yahoo.com;Amelia465!
1185;apolinar.de931@yahoo.com;Apolin530_
1186;porfirio.coronado983@gmail.com;Porfir873@
1187;felicia.jesusa351@hotmail.com;Felici550!
1188;renata.ignacia704@gmail.com;Renata865_
1189;adoracion.saenz891@outlook.com;Adorac963#
1190;chelo.sanabria135@hotmail.com;Chelos4752026
1191;francisca.crespihigueras952@outlook.com;Franci653123
1192;ildefonso.del299@hotmail.com;Ildefo691!
1193;venceslas.mascaro256@hotmail.com;Vences305#
1194;luisina.ribes558@gmail.com;Luisin2092026
1195;clara.busquets979@yahoo.com;Clarab2842026
1196;pacifica.figueroa670@outlook.com;Pacifi457@
1197;francisco.jose479@hotmail.com;Franci109123
1198;ramona.galan176@gmail.com;Ramona3572026
1199;concepcion.carbonell924@hotmail.com;Concep179@
1200;lino.espejo439@gmail.com;Linoes535123
1201;apolinar.muniz796@hotmail.com;Apolin3442026
1202;francisco.jose220@hotmail.com;Franci421_
1203;chelo.vilaplana751@yahoo.com;Chelov486123
1204;simon.ochoa213@gmail.com;Simono145_
1205;jenaro.iborra414@yahoo.com;Jenaro1152026
1206;gisela.salmeron852@hotmail.com;Gisela9362026
1207;dolores.pintosaez540@hotmail.com;Dolore182123
1208;maria.cristina470@gmail.com;Mariac839_
1209;jose.carlos567@hotmail.com;Joseca628#
1210;apolinar.prats800@gmail.com;Apolin852!
1211;jonatan.arenas298@gmail.com;Jonata949!
1212;jessica.mendez353@hotmail.com;Jessic279123
1213;salomon.tenorio532@outlook.com;Salomo5842026
1214;romulo.gallego873@gmail.com;Romulo138_
1215;roque.de174@yahoo.com;Roqued618_
1216;danilo.moyaduque634@hotmail.com;Danilo451123
1217;rafa.francisco558@yahoo.com;Rafafr7902026
1218;rebeca.busquetscriado728@gmail.com;Rebeca444@
1219;emilio.segarra657@outlook.com;Emilio108123
1220;alberto.mateu876@gmail.com;Albert297!
1221;gabriela.martinezcarrillo454@gmail.com;Gabrie855!
1222;itziar.nieves928@outlook.com;Itziar891!
1223;adela.vicentecuenca683@outlook.com;Adelav823_
1224;leandro.grande588@outlook.com;Leandr392!
1225;marianela.quintanilla298@hotmail.com;Marian702123
1226;donato.torre118@hotmail.com;Donato362#
1227;marisa.lucas444@hotmail.com;Marisa226!
1228;tiburcio.garces212@hotmail.com;Tiburc884!
1229;cristina.isern291@outlook.com;Cristi255_
1230;florencio.sanabria210@hotmail.com;Floren351123
1231;anselma.cuevas388@outlook.com;Anselm220123
1232;manu.galvan317@gmail.com;Manuga1222026
1233;jose.ignacio567@hotmail.com;Joseig136@
1234;jordi.serna131@hotmail.com;Jordis535!
1235;viviana.de925@yahoo.com;Vivian520_
1236;plinio.de334@yahoo.com;Plinio881!
1237;carlota.arce721@outlook.com;Carlot5022026
1238;ciro.barralpi394@hotmail.com;Ciroba585_
1239;flavio.murcia769@hotmail.com;Flavio995#
1240;manolo.ariaspuente447@yahoo.com;Manolo600@
1241;basilio.del811@yahoo.com;Basili8872026
1242;matias.del186@yahoo.com;Matias531_
1243;cristian.pujol954@gmail.com;Cristi626123
1244;begona.cuesta818@yahoo.com;Begona217@
1245;eutimio.cordoba147@gmail.com;Eutimi774_
1246;marino.mayoralcarranza697@gmail.com;Marino800#
1247;octavio.rafael951@gmail.com;Octavi517@
1248;daniela.rincon389@hotmail.com;Daniel701123
1249;paca.encarnacion945@yahoo.com;Pacaen961!
1250;diego.franch78@hotmail.com;Diegof234123
1251;teodora.bello451@outlook.com;Teodor195!
1252;vito.allerleiva294@gmail.com;Vitoal149!
1253;ignacia.tomascabezas259@gmail.com;Ignaci6602026
1254;amor.berengueraraujo74@hotmail.com;Amorbe236_
1255;alfonso.cobo308@hotmail.com;Alfons468!
1256;marcial.mugica431@gmail.com;Marcia193@
1257;esperanza.bayona625@gmail.com;Espera8432026
1258;griselda.baron505@yahoo.com;Grisel572@
1259;tatiana.penas542@yahoo.com;Tatian644@
1260;lisandro.gil375@gmail.com;Lisand600#
1261;noe.de838@gmail.com;Noedem438#
1262;tito.bellido523@outlook.com;Titobe545_
1263;carmela.adadia589@gmail.com;Carmel920!
1264;hermenegildo.pareja716@hotmail.com;Hermen1202026
1265;nydia.de338@hotmail.com;Nydiad6752026
1266;osvaldo.eustaquio252@yahoo.com;Osvald858_
1267;jimena.corbacho912@gmail.com;Jimena343_
1268;demetrio.luis423@gmail.com;Demetr486_
1269;bernardo.cadenas833@yahoo.com;Bernar8192026
1270;raimundo.taboadaroman598@gmail.com;Raimun745_
1271;gabino.gualfernandez974@yahoo.com;Gabino484@
1272;edgardo.hidalgo242@gmail.com;Edgard150!
1273;samu.palomares262@gmail.com;Samupa239#
1274;josue.de303@gmail.com;Josued561#
1275;jennifer.sainz542@hotmail.com;Jennif404!
1276;loida.codina93@hotmail.com;Loidac125!
1277;daniela.sobrino439@yahoo.com;Daniel907#
1278;nacho.marcos831@hotmail.com;Nachom821!
1279;jennifer.benavides630@gmail.com;Jennif431_
1280;eric.castelloadan165@yahoo.com;Ericca222@
1281;aristides.fidel176@yahoo.com;Aristi7352026
1282;ainoa.pla642@yahoo.com;Ainoap384@
1283;jenaro.asenjobenet256@gmail.com;Jenaro567!
1284;maria.carmen744@outlook.com;Mariac9292026
1285;federico.del944@hotmail.com;Federi307@
1286;gustavo.mendizabal828@yahoo.com;Gustav4102026
1287;valero.aguila612@outlook.com;Valero1192026
1288;maria.linares628@hotmail.com;Marial504!
1289;carmina.lillo575@gmail.com;Carmin2262026
1290;maria.jose712@yahoo.com;Mariaj7562026
1291;juan.bautista632@yahoo.com;Juanba773!
1292;bautista.del691@hotmail.com;Bautis388_
1293;azahara.suarez563@outlook.com;Azahar530!
1294;florencia.tudela147@gmail.com;Floren863123
1295;eloy.parejo586@gmail.com;Eloypa3032026
1296;flavio.polo89@hotmail.com;Flavio5402026
1297;maximiliano.bas574@outlook.com;Maximi252@
1298;fito.ramosdonaire434@yahoo.com;Fitora583123
1299;armida.ariza243@gmail.com;Armida6542026
1300;jenny.aragones53@hotmail.com;Jennya714#
1301;soraya.millan718@outlook.com;Soraya312123
1302;luis.juliacolom865@hotmail.com;Luisju579@
1303;aurelio.ramirez192@outlook.com;Aureli727_
1304;mirta.muro629@yahoo.com;Mirtam978@
1305;moises.lumbreras981@yahoo.com;Moises681_
1306;leonel.francisco799@outlook.com;Leonel475_
1307;rodolfo.hervia730@hotmail.com;Rodolf806@
1308;maria.angeles777@yahoo.com;Mariaa6132026
1309;ema.rios619@gmail.com;Emario579#
1310;jose.manuel61@outlook.com;Josema772123
1311;belen.escudero798@yahoo.com;Belene362#
1312;bernabe.vizcaino314@outlook.com;Bernab894!
1313;daniela.olga171@yahoo.com;Daniel566!
1314;cintia.del867@hotmail.com;Cintia919!
1315;ileana.alcantara837@hotmail.com;Ileana1792026
1316;nayara.abascal658@yahoo.com;Nayara601123
1317;rafaela.lujan530@outlook.com;Rafael747#
1318;alicia.romero844@gmail.com;Alicia213_
1319;amarilis.puga215@hotmail.com;Amaril875123
1320;nicolas.orozco264@hotmail.com;Nicola270123
1321;jeronimo.anacleto811@hotmail.com;Jeroni511!
1322;ramon.zabaleta800@yahoo.com;Ramonz928#
1323;berta.olive854@yahoo.com;Bertao673@
1324;coral.reyna445@gmail.com;Coralr6812026
1325;tamara.checacolom188@outlook.com;Tamara7232026
1326;jorge.de973@gmail.com;Jorged9382026
1327;olimpia.penapozuelo127@outlook.com;Olimpi867@
1328;ascension.salgado597@yahoo.com;Ascens447123
1329;belen.palma923@gmail.com;Belenp4762026
1330;albino.garmendialerma142@hotmail.com;Albino158@
1331;samanta.de293@hotmail.com;Samant306_
1332;venceslas.canellasadan535@gmail.com;Vences322_
1333;bernardo.pineda911@yahoo.com;Bernar986@
1334;gabriela.chico997@hotmail.com;Gabrie814@
1335;carlota.prado495@gmail.com;Carlot7572026
1336;eva.maria845@hotmail.com;Evamar630!
1337;pastor.villegas650@yahoo.com;Pastor192_
1338;leandro.villaverde746@outlook.com;Leandr788#
1339;gertrudis.baena373@gmail.com;Gertru798!
1340;jafet.daza107@hotmail.com;Jafetd592!
1341;valentin.cid512@outlook.com;Valent109@
1342;griselda.jerez689@hotmail.com;Grisel182!
1343;africa.baron899@gmail.com;Africa7432026
1344;juan.luis343@gmail.com;Juanlu1892026
1345;maria.pilar906@hotmail.com;Mariap8142026
1346;loreto.castro336@gmail.com;Loreto1232026
1347;dolores.posada189@outlook.com;Dolore678!
1348;joel.terron831@yahoo.com;Joelte1872026
1349;pastor.del72@yahoo.com;Pastor3842026
1350;eusebio.garmendia318@hotmail.com;Eusebi9082026
1351;jose.ramon94@yahoo.com;Josera450_
1352;edelmira.bonilla985@yahoo.com;Edelmi783!
1353;victoria.de564@gmail.com;Victor858123
1354;sol.del128@outlook.com;Soldel755!
1355;loida.pedrosa11@hotmail.com;Loidap711@
1356;graciana.gallardo736@gmail.com;Gracia1882026
1357;balduino.cases940@yahoo.com;Baldui348123
1358;edmundo.garrido768@hotmail.com;Edmund6652026
1359;micaela.valera647@yahoo.com;Micael536@
1360;florencio.oliver127@yahoo.com;Floren418#
1361;macario.narvaez246@outlook.com;Macari817_
1362;geraldo.vall512@hotmail.com;Gerald978!
1363;horacio.cerezo545@outlook.com;Horaci1282026
1364;perlita.garcia709@gmail.com;Perlit467_
1365;gonzalo.pedro787@outlook.com;Gonzal2102026
1366;cosme.escobar47@hotmail.com;Cosmee181!
1367;mamen.casalsfabregat521@hotmail.com;Mamenc105!
1368;maria.jesus393@yahoo.com;Mariaj819_
1369;isaias.del204@yahoo.com;Isaias950_
1370;antonia.vera858@yahoo.com;Antoni696_
1371;magdalena.vila170@outlook.com;Magdal238#
1372;ascension.mas755@hotmail.com;Ascens350_
1373;adalberto.de317@gmail.com;Adalbe2162026
1374;agustina.villena870@outlook.com;Agusti472#
1375;olimpia.chus675@gmail.com;Olimpi713@
1376;eugenio.vicens851@hotmail.com;Eugeni310123
1377;amador.guzman794@gmail.com;Amador867#
1378;ariadna.quesada242@yahoo.com;Ariadn165123
1379;reina.guardiola774@outlook.com;Reinag460@
1380;saturnino.toledo399@gmail.com;Saturn7362026
1381;marcelo.de11@hotmail.com;Marcel970#
1382;candelas.de700@yahoo.com;Candel216@
1383;desiderio.haro500@gmail.com;Deside196_
1384;concha.nicolas361@gmail.com;Concha296_
1385;celia.chaparro249@outlook.com;Celiac455_
1386;severo.fuenteblanes496@outlook.com;Severo581!
1387;yago.del406@outlook.com;Yagode418@
1388;aroa.simo614@outlook.com;Aroasi190#
1389;olivia.esteban702@outlook.com;Olivia940@
1390;imelda.polo406@yahoo.com;Imelda905!
1391;gustavo.campos770@outlook.com;Gustav182!
1392;manolo.cerverafuentes925@hotmail.com;Manolo361123
1393;teresa.palmer570@gmail.com;Teresa688@
1394;ciriaco.chacon603@outlook.com;Ciriac414@
1395;agustin.nogues870@hotmail.com;Agusti5622026
1396;inigo.herminio524@yahoo.com;Inigoh841_
1397;nadia.boada190@outlook.com;Nadiab887#
1398;encarnacion.cerro537@outlook.com;Encarn208@
1399;sarita.pineirobarcena208@outlook.com;Sarita598@
1400;martin.goicoecheagalvan412@hotmail.com;Martin422_
1401;chucho.del820@outlook.com;Chucho265@
1402;fortunata.ochoa625@outlook.com;Fortun428_
1403;remigio.carlosvendrell613@gmail.com;Remigi697#
1404;amador.de173@hotmail.com;Amador686!
1405;agustina.ruano630@outlook.com;Agusti352!
1406;yolanda.santana233@outlook.com;Yoland208_
1407;ruperta.de115@yahoo.com;Rupert158_
1408;reyna.valentin466@gmail.com;Reynav9982026
1409;francisco.ferrer222@gmail.com;Franci5222026
1410;lalo.calisto914@gmail.com;Laloca530123
1411;noe.capdevila255@yahoo.com;Noecap9582026
1412;luz.sarita348@yahoo.com;Luzsar468!
1413;felix.gregorio65@outlook.com;Felixg666!
1414;maria.angeles955@outlook.com;Mariaa262@
1415;casemiro.gascon413@yahoo.com;Casemi1372026
1416;juan.bautista255@yahoo.com;Juanba743@
1417;aurelio.galanalcazar119@yahoo.com;Aureli281_
1418;wilfredo.de547@outlook.com;Wilfre147!
1419;rufino.rios944@yahoo.com;Rufino141123
1420;alejo.escolano670@hotmail.com;Alejoe742_
1421;anselma.yuste346@outlook.com;Anselm910@
1422;dionisio.jaen231@yahoo.com;Dionis737_
1423;azeneth.vilaplana974@outlook.com;Azenet650_
1424;raquel.saenz613@gmail.com;Raquel477_
1425;tomas.montero803@yahoo.com;Tomasm8832026
1426;vilma.estela885@outlook.com;Vilmae743@
1427;maximiano.criado386@outlook.com;Maximi736#
1428;mariano.gilabert220@outlook.com;Marian651_
1429;fidela.paredes785@hotmail.com;Fidela823_
1430;natalia.losadafuster305@hotmail.com;Natali666_
1431;onofre.cespedes284@hotmail.com;Onofre3162026
1432;jose.angel536@hotmail.com;Josean597!
1433;pepe.zacarias756@gmail.com;Pepeza173_
1434;sara.del281@hotmail.com;Sarade197!
1435;eutimio.arribas860@hotmail.com;Eutimi290123
1436;celso.del356@outlook.com;Celsod227#
1437;ani.del608@gmail.com;Anidel547@
1438;emelina.benavides788@hotmail.com;Emelin7332026
1439;florinda.castejon425@outlook.com;Florin923@
1440;alfredo.cadenas736@gmail.com;Alfred371!
1441;pedro.bustamante673@yahoo.com;Pedrob500_
1442;daniel.ferrer622@gmail.com;Daniel362_
1443;maria.del397@gmail.com;Mariad7532026
1444;lalo.fabian855@hotmail.com;Lalofa975_
1445;dani.garces527@outlook.com;Daniga888123
1446;ana.sofia223@yahoo.com;Anasof665#
1447;roberto.herminio765@gmail.com;Robert291!
1448;noa.cornejo416@hotmail.com;Noacor864#
1449;pepito.de914@yahoo.com;Pepito684#
1450;gabriel.sancho990@gmail.com;Gabrie974#
1451;anita.cabello367@gmail.com;Anitac831!
1452;adalberto.mariscal353@yahoo.com;Adalbe909@
1453;josep.zapata972@hotmail.com;Josepz671#
1454;reyes.lumbreras855@gmail.com;Reyesl656!
1455;anacleto.del977@yahoo.com;Anacle456!
1456;cloe.lloret827@yahoo.com;Cloell969!
1457;marco.solano836@outlook.com;Marcos445!
1458;tito.de68@outlook.com;Titode854!
1459;maricruz.chaparro77@yahoo.com;Maricr837!
1460;ruperto.alvaro74@gmail.com;Rupert306_
1461;fidel.bermudez799@hotmail.com;Fidelb149123
1462;marisela.mancebo643@hotmail.com;Marise886_
1463;roman.pinto146@gmail.com;Romanp358123
1464;alondra.bermudez916@gmail.com;Alondr4362026
1465;nuria.llopis22@hotmail.com;Nurial758@
1466;maria.amador659@yahoo.com;Mariaa770123
1467;clementina.maldonado396@gmail.com;Clemen202#
1468;socorro.carrera906@hotmail.com;Socorr3552026
1469;iker.barco202@yahoo.com;Ikerba710_
1470;tristan.cabrera71@hotmail.com;Trista763123
1471;eleuterio.rodrigo677@hotmail.com;Eleute426@
1472;celia.torres157@yahoo.com;Celiat599_
1473;vidal.del618@yahoo.com;Vidald7322026
1474;calixta.arenas312@gmail.com;Calixt947!
1475;laura.folch15@gmail.com;Lauraf120123
1476;nico.luz634@hotmail.com;Nicolu535!
1477;josefa.pont925@yahoo.com;Josefa510123
1478;kike.salinas500@hotmail.com;Kikesa212!
1479;amaro.belmonte220@hotmail.com;Amarob2512026
1480;luciana.angelita663@outlook.com;Lucian572!
1481;basilio.lastra392@outlook.com;Basili371@
1482;sarita.montoya212@gmail.com;Sarita6822026
1483;manuela.camila440@yahoo.com;Manuel710_
1484;patricia.reyes767@yahoo.com;Patric819_
1485;cruz.roda639@outlook.com;Cruzro675@
1486;armida.reguera561@hotmail.com;Armida135@
1487;amaya.rocio930@hotmail.com;Amayar2562026
1488;rodolfo.requenacarrera25@hotmail.com;Rodolf548!
1489;javiera.miralles920@hotmail.com;Javier828!
1490;desiderio.roura811@outlook.com;Deside881!
1491;elpidio.de524@gmail.com;Elpidi766#
1492;jordi.tadeo879@outlook.com;Jordit849_
1493;blas.rivas945@outlook.com;Blasri441#
1494;patricio.torre549@yahoo.com;Patric907123
1495;salvador.blazquez738@yahoo.com;Salvad593123
1496;cintia.pino147@hotmail.com;Cintia117#
1497;bibiana.calatayud344@yahoo.com;Bibian3962026
1498;omar.gilabert430@outlook.com;Omargi309@
1499;isaias.del907@hotmail.com;Isaias320123
1500;celestino.garate373@outlook.com;Celest891#
1501;andrea.de893@hotmail.com;Andrea854@
1502;lalo.bernardo38@gmail.com;Lalobe821_
1503;javiera.benavides962@gmail.com;Javier278!
1504;florina.arnal313@gmail.com;Florin839_
1505;dorita.fabiana860@yahoo.com;Dorita764!
1506;teofila.cifuentes413@gmail.com;Teofil205123
1507;luis.romeubaeza920@yahoo.com;Luisro596@
1508;prudencio.anguita512@outlook.com;Pruden624#
1509;zacarias.villar824@outlook.com;Zacari329#
1510;paola.de626@yahoo.com;Paolad670_
1511;regina.ochoa895@outlook.com;Regina4522026
1512;sigfrido.cervantessanjuan132@outlook.com;Sigfri771_
1513;sandalio.urena797@gmail.com;Sandal873!
1514;enrique.guardiola833@gmail.com;Enriqu954_
1515;leandro.arce265@yahoo.com;Leandr608123
1516;amanda.antunez48@gmail.com;Amanda931!
1517;daniel.leon230@outlook.com;Daniel697@
1518;azucena.iniguez831@gmail.com;Azucen840!
1519;damian.rosado540@gmail.com;Damian669#
1520;galo.cabello692@gmail.com;Galoca1692026
1521;ruy.canton238@yahoo.com;Ruycan465123
1522;rita.blazquez15@outlook.com;Ritabl968#
1523;jacobo.jesus242@gmail.com;Jacobo364_
1524;agustina.godoy182@gmail.com;Agusti8162026
1525;obdulia.barriga295@hotmail.com;Obduli8032026
1526;nazaret.del441@hotmail.com;Nazare668123
1527;augusto.diego208@yahoo.com;August935_
1528;lazaro.modesto309@outlook.com;Lazaro843_
1529;nazaret.pinedofernandez819@gmail.com;Nazare120_
1530;lucio.palma689@gmail.com;Luciop898!
1531;jacinto.villalobos556@gmail.com;Jacint350!
1532;abraham.chucho469@hotmail.com;Abraha201#
1533;leon.erasmo600@hotmail.com;Leoner1732026
1534;ildefonso.chaves147@hotmail.com;Ildefo492#
1535;febe.merinoarregui927@yahoo.com;Febeme808123
1536;maxi.luz969@hotmail.com;Maxilu1792026
1537;alicia.lorenzo871@gmail.com;Alicia5222026
1538;rafael.guillen204@outlook.com;Rafael771_
1539;nacho.castells199@outlook.com;Nachoc451!
1540;severo.duenasrueda387@outlook.com;Severo5482026
1541;panfilo.lastramanuel662@hotmail.com;Panfil685#
1542;rocio.rius856@hotmail.com;Rocior663_
1543;saturnina.julian376@outlook.com;Saturn194_
1544;desiderio.parra28@gmail.com;Deside199!
1545;juan.cerdasanabria550@hotmail.com;Juance899_
1546;glauco.salvador154@hotmail.com;Glauco571_
1547;lorenzo.de497@hotmail.com;Lorenz697@
1548;concha.eli173@yahoo.com;Concha768123
1549;vicenta.melania210@yahoo.com;Vicent461_
1550;samanta.quiros755@yahoo.com;Samant127#
1551;ale.belmonte755@gmail.com;Alebel8452026
1552;paola.jaume152@gmail.com;Paolaj572@
1553;florentina.anguita412@gmail.com;Floren848!
1554;osvaldo.bonetbueno259@gmail.com;Osvald415@
1555;pio.molins805@gmail.com;Piomol750@
1556;fulgencio.del15@hotmail.com;Fulgen652!
1557;alejandro.valenzuela181@outlook.com;Alejan4882026
1558;estela.pazos315@outlook.com;Estela892!
1559;juan.jose824@hotmail.com;Juanjo780#
1560;emperatriz.tomasmontenegro767@yahoo.com;Empera561123
1561;renata.de556@outlook.com;Renata562_
1562;walter.peiro405@yahoo.com;Walter545_
1563;ximena.guitart603@yahoo.com;Ximena712123
1564;juan.manuel539@hotmail.com;Juanma682#
1565;cirino.barco818@outlook.com;Cirino735_
1566;felipa.mena964@outlook.com;Felipa838!
1567;gema.del121@hotmail.com;Gemade768123
1568;rolando.portasalamanca664@hotmail.com;Roland4492026
1569;simon.castellanos961@yahoo.com;Simonc869#
1570;jose.mari260@outlook.com;Josema933@
1571;graciana.plana739@hotmail.com;Gracia438#
1572;lupe.correa11@outlook.com;Lupeco276@
1573;soraya.teruel217@outlook.com;Soraya783#
1574;anacleto.gibert559@hotmail.com;Anacle598@
1575;manuel.segarra867@yahoo.com;Manuel499123
1576;lino.jara137@outlook.com;Linoja178_
1577;nydia.royo123@gmail.com;Nydiar447@
1578;gema.maria638@gmail.com;Gemama3822026
1579;juliana.cobo916@hotmail.com;Julian290@
1580;perlita.anglada855@hotmail.com;Perlit571_
1581;ignacia.alcalde499@hotmail.com;Ignaci832@
1582;calixta.rozas761@hotmail.com;Calixt677@
1583;zoraida.del212@outlook.com;Zoraid246#
1584;rosa.maria12@hotmail.com;Rosama150_
1585;nuria.torralba743@hotmail.com;Nuriat517_
1586;mamen.julia777@hotmail.com;Mamenj745123
1587;manu.sernabecerra264@hotmail.com;Manuse958!
1588;reina.del790@gmail.com;Reinad151!
1589;dionisio.carbo868@outlook.com;Dionis766@
1590;liliana.ramos220@outlook.com;Lilian624!
1591;espiridion.donairechico924@yahoo.com;Espiri602_
1592;fortunato.gironamartin637@yahoo.com;Fortun436@
1593;ramona.daza914@outlook.com;Ramona661_
1594;hector.marciano800@outlook.com;Hector500@
1595;teobaldo.tellezarcos113@yahoo.com;Teobal230#
1596;ingrid.nunez575@outlook.com;Ingrid376@
1597;marita.nebot238@hotmail.com;Marita506@
1598;enrique.mesa936@gmail.com;Enriqu346_
1599;sonia.pallars46@gmail.com;Soniap819@
1600;marcial.giner99@outlook.com;Marcia506#
1601;aroa.aguirremontana282@yahoo.com;Aroaag478!
1602;isaias.cerdaduarte798@hotmail.com;Isaias389@
1603;fidela.rubiocorbacho142@outlook.com;Fidela943123
1604;gertrudis.galiano859@outlook.com;Gertru902_
1605;gabriela.aguirre541@hotmail.com;Gabrie150_
1606;feliciano.diez848@outlook.com;Felici254_
1607;asuncion.carbo225@gmail.com;Asunci619_
1608;asdrubal.zamorano410@hotmail.com;Asdrub994#
1609;narciso.pablo400@hotmail.com;Narcis711123
1610;bautista.alfaro708@yahoo.com;Bautis699@
1611;pepita.aguilar25@hotmail.com;Pepita950123
1612;valero.carretero37@hotmail.com;Valero155!
1613;calisto.carballo238@yahoo.com;Calist475_
1614;lara.ferran217@hotmail.com;Larafe359@
1615;africa.candelaria84@yahoo.com;Africa890123
1616;iban.nunez865@gmail.com;Ibannu800123
1617;bernardo.galvan573@hotmail.com;Bernar7512026
1618;angelica.melania517@outlook.com;Angeli558#
1619;porfirio.fausto562@gmail.com;Porfir164@
1620;milagros.martin344@gmail.com;Milagr834!
1621;zoraida.bernalmarques873@yahoo.com;Zoraid9452026
1622;gala.miguel77@hotmail.com;Galami535123
1623;candelario.de826@yahoo.com;Candel438_
1624;olegario.prado875@gmail.com;Olegar227@
1625;adan.sanchez406@hotmail.com;Adansa2722026
1626;agueda.aliaga276@gmail.com;Agueda923_
1627;macario.franch109@yahoo.com;Macari2942026
1628;sergio.del227@gmail.com;Sergio760123
1629;maria.teresa634@hotmail.com;Mariat139123
1630;jenny.noriegadiez987@gmail.com;Jennyn467_
1631;cornelio.del757@outlook.com;Cornel873#
1632;lupe.garzon239@outlook.com;Lupega413!
1633;cleto.pizarrotomas892@outlook.com;Cletop538!
1634;eugenio.cabello230@yahoo.com;Eugeni556123
1635;cesar.adan862@yahoo.com;Cesara585#
1636;victor.vila683@outlook.com;Victor465_
1637;benito.donoso768@hotmail.com;Benito3262026
1638;hernan.codina626@gmail.com;Hernan841_
1639;eliseo.valencia903@gmail.com;Eliseo291_
1640;juanito.haroldo393@hotmail.com;Juanit407123
1641;ingrid.belen331@gmail.com;Ingrid237#
1642;ernesto.medina448@gmail.com;Ernest474!
1643;alma.bonet574@gmail.com;Almabo347@
1644;maria.pilar97@yahoo.com;Mariap408!
1645;aura.plana326@yahoo.com;Aurapl870_
1646;julia.castaneda124@yahoo.com;Juliac364123
1647;agueda.lucas367@outlook.com;Agueda854#
1648;rufino.del929@yahoo.com;Rufino396123
1649;silvia.ruperta236@hotmail.com;Silvia128#
1650;eugenio.gimenez522@outlook.com;Eugeni273@
1651;herberto.vilalta682@hotmail.com;Herber5482026
1652;damian.camino780@gmail.com;Damian642123
1653;nando.gelabertbueno58@gmail.com;Nandog989!
1654;toni.rodriguezamor544@hotmail.com;Toniro680@
1655;cruz.marcia772@outlook.com;Cruzma363!
1656;rafael.buendia54@yahoo.com;Rafael460@
1657;julio.cesar530@hotmail.com;Julioc395_
1658;trinidad.basilio470@hotmail.com;Trinid304#
1659;rosaura.uriarte203@hotmail.com;Rosaur3422026
1660;lorenza.moles742@outlook.com;Lorenz380123
1661;ale.de44@outlook.com;Aledel292123
1662;gregorio.mauricio700@outlook.com;Gregor618123
1663;ema.calista896@hotmail.com;Emacal9722026
1664;trinidad.barba468@gmail.com;Trinid694#
1665;santos.luna655@yahoo.com;Santos185_
1666;hilda.gertrudis281@yahoo.com;Hildag941!
1667;juan.manuel504@hotmail.com;Juanma635#
1668;gerardo.catala45@yahoo.com;Gerard765_
1669;yaiza.esparza717@hotmail.com;Yaizae289!
1670;tania.borrego999@outlook.com;Taniab519!
1671;javier.gervasio261@outlook.com;Javier8672026
1672;rodolfo.pizarro257@outlook.com;Rodolf930123
1673;luis.angel280@hotmail.com;Luisan5592026
1674;inigo.de563@outlook.com;Inigod800123
1675;olimpia.montana438@outlook.com;Olimpi857123
1676;telmo.saldana796@outlook.com;Telmos153123
1677;mario.arranz487@hotmail.com;Marioa7432026
1678;ariel.calderon614@hotmail.com;Arielc488123
1679;lorena.cespedes781@gmail.com;Lorena632_
1680;delfina.coll712@gmail.com;Delfin764_
1681;isidora.asenjo933@gmail.com;Isidor842123
1682;ester.luque533@outlook.com;Esterl288#
1683;guillermo.perea511@outlook.com;Guille441123
1684;ezequiel.de317@yahoo.com;Ezequi814@
1685;luz.castillo888@yahoo.com;Luzcas368_
1686;narcisa.pozuelo514@gmail.com;Narcis488#
1687;yago.diaz226@yahoo.com;Yagodi973@
1688;soledad.encarnita232@outlook.com;Soleda177@
1689;fortunato.camara517@outlook.com;Fortun633123
1690;gregorio.duarte321@gmail.com;Gregor454123
1691;onofre.diaz31@outlook.com;Onofre355_
1692;carmela.busquets145@gmail.com;Carmel706123
1693;dionisio.arco133@yahoo.com;Dionis996_
1694;angelino.soler762@gmail.com;Angeli388#
1695;maricruz.mosquera48@hotmail.com;Maricr130#
1696;fernando.gil743@yahoo.com;Fernan505123
1697;rufina.duque442@yahoo.com;Rufina233@
1698;modesta.goicoechea865@hotmail.com;Modest753_
1699;cecilia.chelo926@yahoo.com;Cecili3052026
1700;andres.fuster778@hotmail.com;Andres438!
1701;lucio.hernandez650@hotmail.com;Lucioh840!
1702;salud.clavero990@yahoo.com;Saludc834@
1703;alberto.colomer573@outlook.com;Albert8422026
1704;norberto.martorell493@gmail.com;Norber540123
1705;clementina.del876@yahoo.com;Clemen5662026
1706;borja.sanchez530@outlook.com;Borjas957#
1707;julio.cesar821@hotmail.com;Julioc1302026
1708;petrona.benitez706@hotmail.com;Petron1242026
1709;macaria.leal621@yahoo.com;Macari247!
1710;cosme.zurita717@yahoo.com;Cosmez891_
1711;abigail.ramon959@outlook.com;Abigai465123
1712;joel.crespo942@yahoo.com;Joelcr408#
1713;socorro.hernandez24@gmail.com;Socorr874_
1714;iker.ramis906@yahoo.com;Ikerra206#
1715;omar.bilbao193@gmail.com;Omarbi943_
1716;aranzazu.agustin20@gmail.com;Aranza445#
1717;joan.cabrera870@hotmail.com;Joanca204!
1718;reyes.francisco865@yahoo.com;Reyesf622123
1719;amor.mur549@outlook.com;Amormu7022026
1720;africa.aguado758@yahoo.com;Africa2612026
1721;nadia.sastre307@outlook.com;Nadias3002026
1722;lucila.maria202@outlook.com;Lucila2792026
1723;severo.arjona23@outlook.com;Severo312#
1724;fanny.escamilla571@gmail.com;Fannye841!
1725;rosa.gallartcatalan452@hotmail.com;Rosaga593123
1726;augusto.ropero748@outlook.com;August161#
1727;asuncion.galindo809@hotmail.com;Asunci536#
1728;valentina.alvarez110@outlook.com;Valent981@
1729;ligia.de64@hotmail.com;Ligiad321_
1730;luna.campillo618@outlook.com;Lunaca296#
1731;arsenio.fernandez737@gmail.com;Arseni853#
1732;mercedes.reina699@outlook.com;Merced233_
1733;maria.jose399@outlook.com;Mariaj333!
1734;irene.roldan743@gmail.com;Irener993#
1735;laura.fidela433@yahoo.com;Lauraf104123
1736;isidora.suarez513@hotmail.com;Isidor734#
1737;plinio.jordi22@outlook.com;Plinio5112026
1738;cebrian.cristian245@hotmail.com;Cebria1872026
1739;eulalia.portero951@yahoo.com;Eulali636!
1740;manuela.escolano138@outlook.com;Manuel8362026
1741;humberto.barros353@gmail.com;Humber336123
1742;jose.angel743@yahoo.com;Josean623123
1743;flora.mayoral146@hotmail.com;Floram428#
1744;xavier.valenzuela213@yahoo.com;Xavier682#
1745;pili.atienza711@outlook.com;Piliat936!
1746;narciso.eliseo351@hotmail.com;Narcis784!
1747;juan.jose649@yahoo.com;Juanjo8922026
1748;pastor.tamarit308@yahoo.com;Pastor321#
1749;simon.nadalmonreal971@yahoo.com;Simonn533_
1750;paula.galvez152@gmail.com;Paulag224123
1751;agapito.lucas294@gmail.com;Agapit777_
1752;lalo.roman885@hotmail.com;Laloro7892026
1753;constanza.cerezo551@hotmail.com;Consta279_
1754;dora.palacio982@gmail.com;Dorapa927123
1755;tomas.pozo578@gmail.com;Tomasp7622026
1756;flor.de201@outlook.com;Florde149_
1757;blas.del681@outlook.com;Blasde448@
1758;inigo.quero947@hotmail.com;Inigoq283_
1759;adoracion.jauregui673@yahoo.com;Adorac711@
1760;hector.gallardo374@hotmail.com;Hector926_
1761;carmelo.mateo842@outlook.com;Carmel394@
1762;feliciano.de845@hotmail.com;Felici6632026
1763;amanda.pacheco871@outlook.com;Amanda458_
1764;geronimo.armas621@outlook.com;Geroni5052026
1765;ruben.sainz643@gmail.com;Rubens244_
1766;florencia.sobrino787@outlook.com;Floren115@
1767;olimpia.cortessalv938@yahoo.com;Olimpi2092026
1768;tamara.vall980@gmail.com;Tamara7002026
1769;gisela.valverde810@gmail.com;Gisela321@
1770;teodosio.tovar924@gmail.com;Teodos299_
1771;juan.jose873@yahoo.com;Juanjo283_
1772;cristina.garcia858@outlook.com;Cristi251#
1773;florinda.gibert154@yahoo.com;Florin2392026
1774;remedios.valenciano144@yahoo.com;Remedi276123
1775;angeles.ayuso83@gmail.com;Angele8802026
1776;amor.arenas755@yahoo.com;Amorar328@
1777;tomas.salas583@gmail.com;Tomass6112026
1778;tiburcio.canton826@hotmail.com;Tiburc597#
1779;florentina.madrigal720@gmail.com;Floren100123
1780;azahar.mendez616@hotmail.com;Azahar8852026
1781;ignacio.barriosbaena877@gmail.com;Ignaci207_
1782;fulgencio.bernat78@hotmail.com;Fulgen990@
1783;faustino.vizcaino465@yahoo.com;Fausti847!
1784;emigdio.bustamante606@gmail.com;Emigdi232123
1785;hortensia.pinedo969@gmail.com;Horten927123
1786;tecla.cidsomoza820@hotmail.com;Teclac415!
1787;milagros.andrade762@outlook.com;Milagr9962026
1788;visitacion.haroortiz410@yahoo.com;Visita9032026
1789;adolfo.caballero844@gmail.com;Adolfo782@
1790;feliciana.trujillo116@yahoo.com;Felici643#
1791;odalis.ruedaayllon533@yahoo.com;Odalis612_
1792;amalia.del874@outlook.com;Amalia572@
1793;guillermo.melero201@hotmail.com;Guille966_
1794;gilberto.villaverde237@gmail.com;Gilber891!
1795;cecilio.otero950@yahoo.com;Cecili496@
1796;roman.leon581@yahoo.com;Romanl656@
1797;daniela.mariscal488@yahoo.com;Daniel388#
1798;luis.cabeza505@hotmail.com;Luisca7392026
1799;anastasia.echeverria567@gmail.com;Anasta352123
1800;victor.andres305@yahoo.com;Victor717#
1801;rosaura.pons370@hotmail.com;Rosaur592!
1802;lupita.olive688@gmail.com;Lupita633123
1803;gema.del706@hotmail.com;Gemade205#
1804;rolando.losada264@hotmail.com;Roland378123
1805;cristian.diez245@gmail.com;Cristi954_
1806;santiago.geronimo886@outlook.com;Santia3282026
1807;sarita.matas708@yahoo.com;Sarita6702026
1808;felisa.escamilla808@gmail.com;Felisa430_
1809;olga.villena710@outlook.com;Olgavi536@
1810;casemiro.rodriguez352@gmail.com;Casemi528!
1811;socorro.carrillo897@yahoo.com;Socorr494_
1812;lucas.quesada909@hotmail.com;Lucasq164_
1813;adrian.torrecilla610@yahoo.com;Adrian119_
1814;walter.barbavara842@yahoo.com;Walter9542026
1815;maximo.arcocabrero137@hotmail.com;Maximo9772026
1816;abraham.asensio31@outlook.com;Abraha408_
1817;andres.felipe234@yahoo.com;Andres449!
1818;ale.alonso159@outlook.com;Alealo470_
1819;jonatan.robles186@hotmail.com;Jonata886@
1820;trini.vergara123@hotmail.com;Triniv369@
1821;rebeca.pineiro55@gmail.com;Rebeca1822026
1822;rodolfo.bonifacio203@outlook.com;Rodolf932!
1823;eligio.batalla813@hotmail.com;Eligio696#
1824;valentin.rivas860@outlook.com;Valent745!
1825;noelia.patino858@yahoo.com;Noelia8712026
1826;leopoldo.del892@hotmail.com;Leopol494123
1827;evelia.roda527@gmail.com;Evelia441#
1828;maxi.taboada831@gmail.com;Maxita849@
1829;maxi.de864@yahoo.com;Maxide679@
1830;lope.sabater962@yahoo.com;Lopesa852_
1831;teodoro.gutierrez111@outlook.com;Teodor490@
1832;beatriz.bermejo28@outlook.com;Beatri698_
1833;viviana.querol675@hotmail.com;Vivian198#
1834;gabriela.coronado120@hotmail.com;Gabrie831_
1835;marisa.aguadoguzman488@gmail.com;Marisa829@
1836;atilio.amando891@outlook.com;Atilio801123
1837;marco.blazquez122@hotmail.com;Marcob7442026
1838;berto.domenech294@yahoo.com;Bertod546#
1839;camila.gordillo949@gmail.com;Camila6022026
1840;jeronimo.cebrian219@hotmail.com;Jeroni2582026
1841;agueda.arnaiz946@outlook.com;Agueda578#
1842;celia.lopez93@hotmail.com;Celial519@
1843;fabiola.aviles49@gmail.com;Fabiol947123
1844;placido.hurtado471@hotmail.com;Placid846_
1845;chuy.guillen482@outlook.com;Chuygu989123
1846;azahara.sanmartin46@yahoo.com;Azahar932123
1847;ani.portillo264@yahoo.com;Anipor179#
1848;nilo.dominguez474@gmail.com;Nilodo811!
1849;ignacia.villaverde675@outlook.com;Ignaci658!
1850;gertrudis.aguado881@yahoo.com;Gertru350@
1851;rolando.mur336@yahoo.com;Roland556@
1852;juanita.navarro98@yahoo.com;Juanit334#
1853;jose.carlos876@outlook.com;Joseca8652026
1854;bruno.miguel553@hotmail.com;Brunom966123
1855;graciana.hervia292@hotmail.com;Gracia908!
1856;leticia.bolanos681@hotmail.com;Letici389#
1857;albano.gamez540@gmail.com;Albano862_
1858;jose.antonio280@hotmail.com;Josean555@
1859;chema.oliva330@yahoo.com;Chemao977!
1860;primitivo.riquelme190@outlook.com;Primit383_
1861;baltasar.vilaplana160@yahoo.com;Baltas687!
1862;azucena.codina939@outlook.com;Azucen623!
1863;danilo.giralt785@yahoo.com;Danilo460#
1864;cristian.hidalgo639@yahoo.com;Cristi320@
1865;rafa.bermudez933@gmail.com;Rafabe494!
1866;esmeralda.rincon638@hotmail.com;Esmera132@
1867;placido.adalberto308@gmail.com;Placid229123
1868;marina.evita939@gmail.com;Marina277!
1869;lilia.malo509@yahoo.com;Liliam846!
1870;adalberto.arnaiz846@hotmail.com;Adalbe625#
1871;atilio.ramos752@yahoo.com;Atilio274!
1872;jimena.alegria461@yahoo.com;Jimena838#
1873;calista.del539@yahoo.com;Calist979!
1874;nydia.del251@yahoo.com;Nydiad335#
1875;brunilda.iniguezcampo536@yahoo.com;Brunil220!
1876;amalia.bru808@yahoo.com;Amalia737_
1877;maria.cristina50@gmail.com;Mariac916_
1878;beatriz.izquierdo257@hotmail.com;Beatri975#
1879;ainoa.gisbert789@gmail.com;Ainoag1662026
1880;bernardino.coloma949@hotmail.com;Bernar752#
1881;fermin.rodriguez227@hotmail.com;Fermin650_
1882;cloe.lopez174@hotmail.com;Cloelo905!
1883;abraham.guardiola658@hotmail.com;Abraha172@
1884;juan.carlos766@hotmail.com;Juanca107123
1885;candelas.anaya756@gmail.com;Candel408@
1886;josep.granados496@gmail.com;Josepg303#
1887;juan.bautista832@yahoo.com;Juanba9732026
1888;gustavo.roperozaragoza109@outlook.com;Gustav296#
1889;evaristo.ramirez838@gmail.com;Evaris932!
1890;maria.jesus336@outlook.com;Mariaj954!
1891;poncio.huertas630@yahoo.com;Poncio109#
1892;emiliana.llado453@yahoo.com;Emilia353123
1893;lupe.rourafranco617@gmail.com;Lupero5642026
1894;javier.llorente726@yahoo.com;Javier730#
1895;lalo.trujillo129@outlook.com;Lalotr248123
1896;florentino.escriva237@hotmail.com;Floren2912026
1897;maria.jose283@outlook.com;Mariaj577@
1898;nazario.oliveras255@gmail.com;Nazari602_
1899;sonia.cazorla364@hotmail.com;Soniac255123
1900;sandalio.iniguez127@yahoo.com;Sandal168@
1901;lalo.leopoldo351@hotmail.com;Lalole430@
1902;fortunato.vidal598@hotmail.com;Fortun989@
1903;nilo.joaquin715@outlook.com;Nilojo7942026
1904;patricia.lobo939@yahoo.com;Patric939#
1905;teofila.roda14@gmail.com;Teofil966_
1906;amaro.guardia581@gmail.com;Amarog5052026
1907;alcides.de244@yahoo.com;Alcide174_
1908;joaquin.juan713@yahoo.com;Joaqui912#
1909;florina.de794@yahoo.com;Florin221!
1910;olegario.pinto422@gmail.com;Olegar165_
1911;valentina.galloescriva702@yahoo.com;Valent112@
1912;andres.felipe395@hotmail.com;Andres745_
1913;andrea.del506@gmail.com;Andrea806!
1914;hermenegildo.ripoll545@hotmail.com;Hermen8682026
1915;jaime.de34@yahoo.com;Jaimed619#
1916;aroa.nadal384@hotmail.com;Aroana907123
1917;estefania.vera885@yahoo.com;Estefa448!
1918;alexandra.bayon57@yahoo.com;Alexan887@
1919;mar.marmolfigueras548@yahoo.com;Marmar977123
1920;maria.jose204@outlook.com;Mariaj689!
1921;ale.vazquez906@yahoo.com;Alevaz181_
1922;maite.ugarte275@yahoo.com;Maiteu990@
1923;herminia.perellomontoya149@hotmail.com;Hermin521123
1924;flor.de592@hotmail.com;Florde809123
1925;violeta.cabanas207@yahoo.com;Violet412_
1926;balduino.pascual116@outlook.com;Baldui345!
1927;candelaria.caro822@hotmail.com;Candel422123
1928;rosaura.lledo453@yahoo.com;Rosaur388!
1929;azeneth.ledesma156@outlook.com;Azenet520@
1930;sara.uribe773@hotmail.com;Saraur808!
1931;benito.camps737@outlook.com;Benito495_
1932;mario.arrieta83@outlook.com;Marioa720_
1933;yaiza.ricart163@hotmail.com;Yaizar315#
1934;agustina.barrigacarrasco652@yahoo.com;Agusti966@
1935;noa.viana118@gmail.com;Noavia298_
1936;vinicio.angellobato333@yahoo.com;Vinici831_
1937;javiera.ramirez428@gmail.com;Javier721_
1938;adolfo.ribaquintana243@outlook.com;Adolfo906_
1939;filomena.santamaria675@hotmail.com;Filome164!
1940;gertrudis.lorenza636@outlook.com;Gertru430#
1941;andrea.garrido186@hotmail.com;Andrea962_
1942;vito.mas866@gmail.com;Vitoma495_
1943;francisco.andres372@gmail.com;Franci894!
1944;duilio.manjon692@yahoo.com;Duilio315_
1945;sebastian.sebastian754@gmail.com;Sebast486!
1946;isidora.navarro517@yahoo.com;Isidor8812026
1947;erasmo.pinto198@outlook.com;Erasmo745#
1948;pablo.del554@outlook.com;Pablod5792026
1949;maxima.jordana870@gmail.com;Maxima719@
1950;rico.ugarte891@hotmail.com;Ricoug971_
1951;anacleto.florentino23@gmail.com;Anacle7622026
1952;elena.jara795@hotmail.com;Elenaj684!
1953;ruperta.echevarria520@outlook.com;Rupert8772026
1954;edelmira.cardona303@hotmail.com;Edelmi491!
1955;tiburcio.de702@outlook.com;Tiburc686#
1956;luisa.quero386@hotmail.com;Luisaq871@
1957;georgina.bernal435@outlook.com;Georgi371123
1958;xavier.del896@gmail.com;Xavier514_
1959;melisa.batlle76@hotmail.com;Melisa857123
1960;azeneth.torrensamo508@outlook.com;Azenet2042026
1961;merche.barco363@hotmail.com;Merche170_
1962;quique.sastre690@hotmail.com;Quique825@
1963;jose.miguel210@hotmail.com;Josemi787_
1964;nazaret.mayo486@gmail.com;Nazare529123
1965;maria.cepeda749@hotmail.com;Mariac930#
1966;nazaret.garate346@outlook.com;Nazare9592026
1967;fortunata.manzanares48@outlook.com;Fortun900#
1968;mamen.campillo422@yahoo.com;Mamenc594#
1969;roldan.bilbaocardenas189@hotmail.com;Roldan379123
1970;miriam.de280@hotmail.com;Miriam382@
1971;eliseo.comas64@hotmail.com;Eliseo546_
1972;leticia.azeneth85@yahoo.com;Letici5382026
1973;amaya.bernarda406@hotmail.com;Amayab339123
1974;erasmo.espada672@yahoo.com;Erasmo614123
1975;carlota.calderoncastilla99@gmail.com;Carlot148@
1976;hernando.guzman46@outlook.com;Hernan632#
1977;jose.luis511@hotmail.com;Joselu8192026
1978;amado.garriganogueira672@yahoo.com;Amadog788123
1979;noelia.martorelltamarit982@yahoo.com;Noelia478123
1980;custodio.mora944@gmail.com;Custod776@
1981;tatiana.sole765@gmail.com;Tatian202!
1982;priscila.marino256@outlook.com;Prisci532123
1983;jordi.de743@outlook.com;Jordid662123
1984;eutropio.villanuevamarin787@outlook.com;Eutrop7492026
1985;marta.nayara487@gmail.com;Martan207@
1986;leandro.manzano544@outlook.com;Leandr2902026
1987;benita.cano930@gmail.com;Benita383_
1988;odalis.mesa164@gmail.com;Odalis679#
1989;mirta.osorio953@gmail.com;Mirtao193_
1990;sabina.novoa805@yahoo.com;Sabina8552026
1991;edu.iniesta552@hotmail.com;Eduini569@
1992;juan.jose132@gmail.com;Juanjo139#
1993;aurora.lopez913@hotmail.com;Aurora443!
1994;amilcar.rodriguez520@hotmail.com;Amilca691_
1995;che.jodar147@outlook.com;Chejod217!
1996;fausto.de354@yahoo.com;Fausto979@
1997;custodia.tena316@gmail.com;Custod474!
1998;julian.jerez609@outlook.com;Julian466@
1999;montserrat.agullo586@hotmail.com;Montse880#
2000;alba.galan475@yahoo.com;Albaga320@
2001;anacleto.ricoibanez829@gmail.com;Anacle697#
2002;ruy.leonardo509@gmail.com;Ruyleo284!
2003;marino.vicente273@gmail.com;Marino692_
2004;delfina.paula987@gmail.com;Delfin118#
2005;barbara.peinadonavarrete832@yahoo.com;Barbar456!
2006;isaura.sebastian284@yahoo.com;Isaura647@
2007;leandra.jimenez562@yahoo.com;Leandr443@
2008;erasmo.hoz697@outlook.com;Erasmo762@
2009;amor.galvezlanda96@gmail.com;Amorga790#
2010;magdalena.madrigal80@outlook.com;Magdal630!
2011;joaquin.aguileracarpio112@hotmail.com;Joaqui218_
2012;tiburcio.cesar264@gmail.com;Tiburc747123
2013;maxi.carballoagullo936@outlook.com;Maxica731!
2014;aristides.giron408@yahoo.com;Aristi724#
2015;marcelo.duenas496@hotmail.com;Marcel770!
2016;fabiana.del223@hotmail.com;Fabian401@
2017;noelia.nieto700@yahoo.com;Noelia358!
2018;eusebia.pina880@yahoo.com;Eusebi437@
2019;nicolas.carrion621@yahoo.com;Nicola132!
2020;fernando.lucas925@outlook.com;Fernan196!
2021;ruperto.porta50@hotmail.com;Rupert8302026
2022;maximiliano.criado973@outlook.com;Maximi587@
2023;dani.tejeraroldan691@hotmail.com;Danite992_
2024;humberto.yuste32@outlook.com;Humber757!
2025;narcisa.campos262@hotmail.com;Narcis767#
2026;calisto.boadaibanez584@hotmail.com;Calist978!
2027;jose.ramon60@hotmail.com;Josera2912026
2028;rosalina.aguilera777@hotmail.com;Rosali344#
2029;dorita.gil668@outlook.com;Dorita370@
2030;rene.espejo184@hotmail.com;Renees419!
2031;marc.ayala793@gmail.com;Marcay712_
2032;odalis.falcon818@outlook.com;Odalis290#
2033;bibiana.vaquero407@yahoo.com;Bibian298_
2034;ramiro.higueras556@hotmail.com;Ramiro3562026
2035;teodora.jaumeclavero835@gmail.com;Teodor239@
2036;aaron.saura584@hotmail.com;Aarons297123
2037;eva.huguet673@gmail.com;Evahug339123
2038;maria.cristina789@outlook.com;Mariac514!
2039;cayetano.jimenez205@gmail.com;Cayeta157#
2040;lourdes.cornejocalderon267@outlook.com;Lourde642123
2041;espiridion.puga327@outlook.com;Espiri5472026
2042;valeria.pablo350@yahoo.com;Valeri178!
2043;rosendo.nunez594@hotmail.com;Rosend5132026
2044;custodio.casanovas67@yahoo.com;Custod234123
2045;domingo.espada927@yahoo.com;Doming647123
2046;aroa.galan46@yahoo.com;Aroaga194123
2047;judith.arco986@gmail.com;Judith902@
2048;azucena.priego464@yahoo.com;Azucen359!
2049;yaiza.bermudez745@outlook.com;Yaizab169!
2050;amancio.paez523@gmail.com;Amanci133_
2051;cristian.fiol225@outlook.com;Cristi749#
2052;chus.berenguer340@yahoo.com;Chusbe5282026
2053;alvaro.iglesia577@hotmail.com;Alvaro435_
2054;jose.ignacio912@hotmail.com;Joseig200!
2055;manu.anayamadrid452@yahoo.com;Manuan775123
2056;maria.teresa198@hotmail.com;Mariat759@
2057;segismundo.planatapia700@yahoo.com;Segism963#
2058;marcelo.de737@hotmail.com;Marcel765123
2059;marta.del192@hotmail.com;Martad464@
2060;cristobal.angel203@gmail.com;Cristo104123
2061;judith.reig626@gmail.com;Judith496123
2062;carmina.ortuno138@outlook.com;Carmin460@
2063;lilia.bautista984@gmail.com;Liliab4812026
2064;carmen.del847@outlook.com;Carmen919!
2065;joel.garcia244@hotmail.com;Joelga253!
2066;mateo.dieguez164@gmail.com;Mateod206!
2067;salomon.toledollorens949@hotmail.com;Salomo121123
2068;urbano.de148@outlook.com;Urbano795!
2069;rosendo.jorda748@yahoo.com;Rosend980!
2070;narcisa.solera225@yahoo.com;Narcis542_
2071;jorge.ambrosio605@outlook.com;Jorgea9332026
2072;miguela.millan11@outlook.com;Miguel822_
2073;urbano.sanabria516@yahoo.com;Urbano614@
2074;hipolito.benavent213@outlook.com;Hipoli221!
2075;amancio.aguilar164@gmail.com;Amanci185#
2076;ainoa.falcon779@hotmail.com;Ainoaf211@
2077;manuela.osoriococa867@yahoo.com;Manuel134!
2078;evangelina.rey405@yahoo.com;Evange750#
2079;pedro.adrian320@yahoo.com;Pedroa1252026
2080;maribel.cidmancebo568@gmail.com;Maribe2352026
2081;narcisa.egea680@outlook.com;Narcis4922026
2082;anselma.tejero98@yahoo.com;Anselm437@
2083;jorge.abrilgabaldon212@hotmail.com;Jorgea6762026
2084;graciano.de21@outlook.com;Gracia513@
2085;alex.pombo385@gmail.com;Alexpo876!
2086;cornelio.ramon452@yahoo.com;Cornel186_
2087;che.desiderio970@hotmail.com;Chedes8232026
2088;aitor.bauz182@gmail.com;Aitorb808@
2089;bautista.valbuena154@gmail.com;Bautis9162026
2090;moises.marti244@hotmail.com;Moises477_
2091;ciriaco.redondo232@outlook.com;Ciriac800!
2092;flora.blanch221@yahoo.com;Florab796@
2093;albert.gutierrez673@yahoo.com;Albert652!
2094;dimas.nunez757@hotmail.com;Dimasn194_
2095;bernabe.arteaga193@hotmail.com;Bernab279123
2096;severiano.neira657@hotmail.com;Severi619_
2097;buenaventura.rius263@hotmail.com;Buenav732!
2098;emiliano.sanjuan585@gmail.com;Emilia607@
2099;reina.pont494@gmail.com;Reinap798@
2100;lola.santiago123@outlook.com;Lolasa997!
2101;luis.angel31@hotmail.com;Luisan8902026
2102;chus.pereira568@outlook.com;Chuspe374#
2103;esmeralda.villalonga885@gmail.com;Esmera768123
2104;abraham.bayona412@hotmail.com;Abraha975123
2105;rufino.amo875@hotmail.com;Rufino363123
2106;ana.sofia123@hotmail.com;Anasof575_
2107;kike.juan983@hotmail.com;Kikeju662@
2108;dolores.castillo369@yahoo.com;Dolore108_
2109;carlito.aguilera908@yahoo.com;Carlit717#
2110;marcial.raimundo604@yahoo.com;Marcia9682026
2111;candido.de497@outlook.com;Candid489123
2112;evita.del17@outlook.com;Evitad5392026
2113;eliseo.acevedo607@yahoo.com;Eliseo962#
2114;cirino.berenguerpizarro39@yahoo.com;Cirino620#
2115;africa.calleja227@yahoo.com;Africa562_
2116;lino.fabregaspineda358@yahoo.com;Linofa885_
2117;jordan.aznar152@yahoo.com;Jordan6622026
2118;amancio.grau916@hotmail.com;Amanci467@
2119;debora.beltran713@hotmail.com;Debora440@
2120;fanny.somoza483@gmail.com;Fannys3222026
2121;adan.bilbao893@gmail.com;Adanbi653123
2122;teodora.salvador198@gmail.com;Teodor616_
2123;mariano.macias205@yahoo.com;Marian470_
2124;marina.vera550@hotmail.com;Marina1102026
2125;felisa.del986@outlook.com;Felisa564#
2126;flavia.aleman746@hotmail.com;Flavia314@
2127;araceli.maestre366@yahoo.com;Aracel266#
2128;irma.del680@hotmail.com;Irmade309@
2129;sandalio.de299@yahoo.com;Sandal890_
2130;lazaro.cortina335@gmail.com;Lazaro411_
2131;camilo.pereirasales12@outlook.com;Camilo738#
2132;elisabet.friasarenas938@yahoo.com;Elisab461!
2133;natalia.jara704@yahoo.com;Natali8512026
2134;eugenia.pavon537@outlook.com;Eugeni4652026
2135;emma.camps333@yahoo.com;Emmaca259@
2136;jaime.eric931@yahoo.com;Jaimee492#
2137;rocio.sastre578@yahoo.com;Rocios853@
2138;tere.galvan50@hotmail.com;Terega776@
2139;placido.joaquin873@hotmail.com;Placid969#
2140;alicia.cantonalvaro39@outlook.com;Alicia3552026
2141;trini.del59@hotmail.com;Trinid579_
2142;isidora.verdu102@outlook.com;Isidor935@
2143;teresita.lucas639@outlook.com;Teresi290_
2144;armando.carretero526@yahoo.com;Armand405@
2145;lina.candela255@outlook.com;Linaca214_
2146;teobaldo.fonseca416@outlook.com;Teobal757123
2147;perla.nuria176@hotmail.com;Perlan435#
2148;clotilde.gisbert742@hotmail.com;Clotil837_
2149;bibiana.sanchez359@outlook.com;Bibian778#
2150;amor.barreda637@gmail.com;Amorba4142026
2151;maria.jesus365@outlook.com;Mariaj317#
2152;isa.beltranramirez910@gmail.com;Isabel810_
2153;josefina.ropero334@hotmail.com;Josefi4882026
2154;vera.cuenca503@hotmail.com;Veracu672!
2155;amalia.jaramayo576@gmail.com;Amalia818#
2156;ciriaco.leal26@outlook.com;Ciriac589!
2157;lara.izaguirre834@gmail.com;Laraiz871_
2158;adriana.alcalde817@yahoo.com;Adrian2982026
2159;gema.trujillo422@gmail.com;Gematr181#
2160;jacinto.vives314@hotmail.com;Jacint435_
2161;soraya.morante543@hotmail.com;Soraya218!
2162;concha.armas435@yahoo.com;Concha7212026
2163;maria.manuela440@outlook.com;Mariam516#
2164;eusebio.rossellomarino894@hotmail.com;Eusebi839!
2165;clotilde.garriga514@yahoo.com;Clotil284_
2166;zaira.encarnacion968@gmail.com;Zairae140!
2167;adolfo.duran506@outlook.com;Adolfo107_
2168;joaquina.del461@gmail.com;Joaqui1212026
2169;eulalia.polo936@outlook.com;Eulali820123
2170;fortunata.melero877@hotmail.com;Fortun8462026
2171;roberto.rosado832@outlook.com;Robert889#
2172;felix.luis651@hotmail.com;Felixl401!
2173;basilio.clemente249@gmail.com;Basili6302026
2174;roberto.eligio255@outlook.com;Robert439#
2175;bernabe.de486@outlook.com;Bernab181#
2176;seve.fuente222@yahoo.com;Sevefu769#
2177;jose.mari887@yahoo.com;Josema9772026
2178;maria.verdugo263@yahoo.com;Mariav2372026
2179;jaime.carreras891@outlook.com;Jaimec9052026
2180;abilio.madrigal585@yahoo.com;Abilio865123
2181;manolo.haroplaza20@outlook.com;Manolo969!
2182;anita.manzano392@hotmail.com;Anitam157123
2183;felicidad.company366@gmail.com;Felici2752026
2184;demetrio.benet56@hotmail.com;Demetr714@
2185;gaspar.de290@gmail.com;Gaspar8922026
2186;javi.de604@hotmail.com;Javide416!
2187;cruz.amaya228@yahoo.com;Cruzam826#
2188;maria.angeles616@yahoo.com;Mariaa683123
2189;priscila.andres447@yahoo.com;Prisci584@
2190;francisco.javier883@gmail.com;Franci885#
2191;saturnino.lluch552@hotmail.com;Saturn427123
2192;aaron.arjona442@hotmail.com;Aarona380@
2193;claudia.tormosebastian234@hotmail.com;Claudi835!
2194;camilo.osorio437@yahoo.com;Camilo430_
2195;marisa.pia751@outlook.com;Marisa794@
2196;marciano.del83@outlook.com;Marcia602!
2197;gregorio.gonzalez378@hotmail.com;Gregor609_
2198;tomasa.barcelo244@yahoo.com;Tomasa208123
2199;palmira.guillen522@gmail.com;Palmir108!
2200;ana.sofia23@hotmail.com;Anasof3542026
2201;ciriaco.palau676@yahoo.com;Ciriac797123
2202;estrella.riba954@hotmail.com;Estrel530#
2203;rolando.mohamed688@yahoo.com;Roland365@
2204;marisa.rubio496@yahoo.com;Marisa703_
2205;magdalena.acedo714@hotmail.com;Magdal9542026
2206;sol.plaza43@hotmail.com;Solpla926@
2207;magdalena.anna799@hotmail.com;Magdal321123
2208;ester.aurora704@yahoo.com;Estera538_
2209;francisco.javier14@gmail.com;Franci961#
2210;moises.alcaraz867@gmail.com;Moises5022026
2211;chus.roca822@outlook.com;Chusro621!
2212;fernando.puga790@gmail.com;Fernan432!
2213;lupe.galvez693@yahoo.com;Lupega790123
2214;tristan.jimenez315@yahoo.com;Trista512#
2215;fermin.jacobo29@outlook.com;Fermin802@
2216;nacio.mateu604@hotmail.com;Naciom387@
2217;nilda.josefa986@hotmail.com;Nildaj332#
2218;claudia.de682@gmail.com;Claudi909123
2219;leocadia.tudela994@outlook.com;Leocad8252026
2220;rosalinda.mora653@gmail.com;Rosali930123
2221;adoracion.tovar420@hotmail.com;Adorac194@
2222;buenaventura.velazquez691@yahoo.com;Buenav3372026
2223;paco.de787@yahoo.com;Pacode544#
2224;martina.gertrudis537@outlook.com;Martin613_
2225;priscila.tejedor765@yahoo.com;Prisci563@
2226;irene.aguila354@hotmail.com;Irenea944!
2227;barbara.montes339@yahoo.com;Barbar680_
2228;silvia.ainoa36@hotmail.com;Silvia2332026
2229;cipriano.estevezsaavedra861@outlook.com;Cipria2232026
2230;ulises.rodriguez798@hotmail.com;Ulises396_
2231;victor.novoa819@outlook.com;Victor562!
2232;graciela.rosa512@gmail.com;Gracie418@
2233;maria.casal825@gmail.com;Mariac877@
2234;juan.antonio62@gmail.com;Juanan588#
2235;rosalinda.bartolome903@outlook.com;Rosali375#
2236;camila.llano60@outlook.com;Camila449_
2237;aaron.galianoriera453@yahoo.com;Aarong250!
2238;flavio.pineiro557@hotmail.com;Flavio447_
2239;maxima.simo44@yahoo.com;Maxima704!
2240;javiera.cadenas724@gmail.com;Javier150_
2241;vanesa.gomis161@yahoo.com;Vanesa547_
2242;albina.figueroa410@hotmail.com;Albina285#
2243;clemente.del520@hotmail.com;Clemen2272026
2244;teresa.fabregas649@hotmail.com;Teresa721!
2245;maxi.jimenezmartin682@yahoo.com;Maxiji669#
2246;ariel.cervera540@hotmail.com;Arielc658@
2247;prudencio.elpidio413@outlook.com;Pruden342!
2248;santiago.del890@outlook.com;Santia3472026
2249;herminia.villegas922@outlook.com;Hermin872@
2250;anunciacion.perla770@hotmail.com;Anunci4502026
2251;mauricio.canet458@yahoo.com;Mauric112!
2252;caridad.palomar440@gmail.com;Carida4692026
2253;evita.peralta318@gmail.com;Evitap762123
2254;rafa.font119@outlook.com;Rafafo646_
2255;marcelino.pedraza555@outlook.com;Marcel682@
2256;octavia.vilma336@hotmail.com;Octavi432_
2257;trini.de586@hotmail.com;Trinid458_
2258;alejandra.diez125@yahoo.com;Alejan976123
2259;melisa.varela685@hotmail.com;Melisa5032026
2260;andrea.de835@yahoo.com;Andrea138123
2261;juana.de716@hotmail.com;Juanad314@
2262;ariel.de695@outlook.com;Arield329123
2263;fito.lobato116@outlook.com;Fitolo729123
2264;leon.de563@yahoo.com;Leonde1972026
2265;viviana.llano969@gmail.com;Vivian4832026
2266;chelo.guardiolafrias642@outlook.com;Chelog344123
2267;tamara.chus743@outlook.com;Tamara959@
2268;adolfo.piquer916@gmail.com;Adolfo102#
2269;luna.vall866@outlook.com;Lunava618!
2270;aranzazu.escribano528@hotmail.com;Aranza366_
2271;kike.rovira536@yahoo.com;Kikero483#
2272;jesusa.llobetcastejon752@outlook.com;Jesusa479#
2273;jenaro.lillo34@hotmail.com;Jenaro949#
2274;estefania.acuna217@gmail.com;Estefa721!
2275;danilo.aurelio691@yahoo.com;Danilo278_
2276;juanita.rodrigo908@gmail.com;Juanit815#
2277;jacinto.gallardo282@hotmail.com;Jacint393#
2278;ruperta.diez267@gmail.com;Rupert112_
2279;florinda.carbajo880@outlook.com;Florin318!
2280;zacarias.gualborja32@gmail.com;Zacari524_
2281;antonia.alcala43@hotmail.com;Antoni9692026
2282;felipa.cornejogarzon781@gmail.com;Felipa150_
2283;lupe.sotelo476@hotmail.com;Lupeso900_
2284;miguel.alberovalcarcel262@hotmail.com;Miguel262_
2285;luis.angel378@yahoo.com;Luisan464@
2286;adan.pujol406@outlook.com;Adanpu788123
2287;leonardo.borrell658@hotmail.com;Leonar154#
2288;gala.arco515@hotmail.com;Galaar151_
2289;cristina.esteve548@outlook.com;Cristi975!
2290;nilo.acuna978@gmail.com;Niloac9332026
2291;adan.sierra463@gmail.com;Adansi706!
2292;modesta.marmol754@outlook.com;Modest500#
2293;jose.maria263@gmail.com;Josema4022026
2294;georgina.vila353@outlook.com;Georgi540@
2295;corona.millan392@yahoo.com;Corona576!
2296;caridad.odalis84@yahoo.com;Carida193#
2297;pepe.camara117@outlook.com;Pepeca7262026
2298;irma.casado197@gmail.com;Irmaca595!
2299;luis.espana994@gmail.com;Luises706!
2300;adelardo.ruano596@gmail.com;Adelar749@
2301;rafa.rodriguez476@outlook.com;Rafaro810_
2302;americo.amat222@yahoo.com;Americ365#
2303;agata.bas284@outlook.com;Agatab698#
2304;loreto.de671@outlook.com;Loreto248123
2305;angela.ferrandez541@outlook.com;Angela661@
2306;tecla.fabiana774@hotmail.com;Teclaf8652026
2307;lilia.alsina895@hotmail.com;Liliaa918_
2308;josep.cuenca35@hotmail.com;Josepc9802026
2309;carina.leticia873@hotmail.com;Carina937!
2310;adolfo.valverde210@outlook.com;Adolfo187@
2311;loreto.casado232@yahoo.com;Loreto641#
2312;jose.luis495@gmail.com;Joselu797_
2313;walter.burgos185@outlook.com;Walter454123
2314;anselmo.rocacepeda383@gmail.com;Anselm310!
2315;isidoro.jover597@hotmail.com;Isidor3632026
2316;gabino.casas322@yahoo.com;Gabino647_
2317;flavia.marquez291@yahoo.com;Flavia320#
2318;alfonso.huertas762@outlook.com;Alfons301!
2319;natalio.moll938@gmail.com;Natali165@
2320;bonifacio.amor284@yahoo.com;Bonifa421@
2321;alicia.casal265@outlook.com;Alicia5212026
2322;luciana.acuna597@outlook.com;Lucian208123
2323;benito.inigo808@hotmail.com;Benito547!
2324;goyo.nicolau552@gmail.com;Goyoni792#
2325;maximino.martin766@hotmail.com;Maximi543@
2326;demetrio.riquelme765@gmail.com;Demetr786_
2327;rosario.santamaria377@gmail.com;Rosari424@
2328;francisca.penalver524@outlook.com;Franci179@
2329;lucio.ramirez253@outlook.com;Lucior383123
2330;hector.dalmau445@yahoo.com;Hector332#
2331;inmaculada.aguirrebarcena779@gmail.com;Inmacu946@
2332;fabricio.plana479@gmail.com;Fabric2672026
2333;dora.torrecilla872@outlook.com;Dorato740_
2334;eli.plana821@hotmail.com;Elipla539@
2335;montserrat.amador788@hotmail.com;Montse522#
2336;rosalia.salamanca565@hotmail.com;Rosali5092026
2337;moises.torralba418@yahoo.com;Moises717#
2338;felix.hierro573@gmail.com;Felixh864!
2339;edgardo.pinilla985@yahoo.com;Edgard440_
2340;victorino.roma938@gmail.com;Victor377@
2341;ruperto.del92@gmail.com;Rupert144#
2342;vera.marin382@hotmail.com;Verama463!
2343;ascension.araujo201@gmail.com;Ascens306123
2344;dorita.osuna181@outlook.com;Dorita3922026
2345;samanta.estebancortina423@outlook.com;Samant822#
2346;modesta.salazar804@yahoo.com;Modest6072026
2347;fulgencio.asensio357@yahoo.com;Fulgen3322026
2348;cesar.sans408@outlook.com;Cesars3982026
2349;azucena.tomas35@yahoo.com;Azucen401!
2350;duilio.baro971@hotmail.com;Duilio984!
2351;araceli.cespedes293@hotmail.com;Aracel3022026
2352;timoteo.de59@yahoo.com;Timote124#
2353;ruy.carbajo798@outlook.com;Ruycar718123
2354;renato.tena705@yahoo.com;Renato218!
2355;marisol.rodriguez607@outlook.com;Mariso553!
2356;palmira.flor32@outlook.com;Palmir440123
2357;espiridion.losa463@hotmail.com;Espiri855@
2358;mauricio.estevez398@yahoo.com;Mauric551#
2359;bienvenida.alcaldealvarado82@gmail.com;Bienve961!
2360;benito.amoresmolina799@outlook.com;Benito856#
2361;teodora.soler40@gmail.com;Teodor866@
2362;fanny.molina828@gmail.com;Fannym807_
2363;jose.antonio42@yahoo.com;Josean165123
2364;carlos.tito742@yahoo.com;Carlos7892026
2365;olga.vall165@outlook.com;Olgava707@
2366;arsenio.sancho887@hotmail.com;Arseni903_
2367;albano.quintanilla178@gmail.com;Albano245!
2368;ezequiel.palomar282@yahoo.com;Ezequi865!
2369;ezequiel.asensio46@outlook.com;Ezequi404!
2370;che.de844@hotmail.com;Chedeh7682026
2371;domitila.de394@gmail.com;Domiti674@
2372;hortensia.ferrandez221@outlook.com;Horten9712026
2373;lucia.luis343@outlook.com;Lucial712123
2374;lidia.juan885@outlook.com;Lidiaj309_
2375;fabio.enriquez389@gmail.com;Fabioe600_
2376;petrona.galan354@hotmail.com;Petron453#
2377;alejandra.ordonez519@yahoo.com;Alejan351#
2378;rosaura.gallardosolsona433@yahoo.com;Rosaur894@
2379;luciano.sastre347@gmail.com;Lucian540@
2380;domitila.aliaga928@hotmail.com;Domiti213@
2381;dorotea.del768@hotmail.com;Dorote9282026
2382;margarita.ruiz997@gmail.com;Margar1632026
2383;gabino.grau309@hotmail.com;Gabino413!
2384;eligia.domingoseco527@gmail.com;Eligia2022026
2385;francisca.arcos609@outlook.com;Franci7722026
2386;clementina.losada83@gmail.com;Clemen274@
2387;bienvenida.uriarte167@outlook.com;Bienve3882026
2388;agustina.hernandez691@yahoo.com;Agusti960#
2389;inocencio.del207@gmail.com;Inocen705_
2390;crescencia.guijarro238@outlook.com;Cresce503@
2391;graciela.garrido625@yahoo.com;Gracie583#
2392;bartolome.chaparro20@gmail.com;Bartol749_
2393;susanita.del785@outlook.com;Susani574!
2394;blas.leonel900@hotmail.com;Blasle659_
2395;adoracion.castellanos651@gmail.com;Adorac452#
2396;tadeo.jose603@outlook.com;Tadeoj110!
2397;lucas.toledo786@gmail.com;Lucast353#
2398;adrian.leal302@outlook.com;Adrian654@
2399;ildefonso.borrell207@hotmail.com;Ildefo7182026
2400;curro.dominguezllobet405@outlook.com;Currod345123
2401;tamara.cuadrado873@outlook.com;Tamara564_
2402;casandra.maria518@yahoo.com;Casand318@
2403;odalis.micaela378@yahoo.com;Odalis599123
2404;nydia.jerez184@outlook.com;Nydiaj627123
2405;manuelita.mate336@yahoo.com;Manuel228!
2406;carmela.de16@hotmail.com;Carmel1232026
2407;rufino.alfaro675@yahoo.com;Rufino813@
2408;horacio.del749@outlook.com;Horaci769#
2409;eloisa.rebollo764@outlook.com;Eloisa7612026
2410;florinda.mayte685@hotmail.com;Florin376_
2411;fernanda.del522@outlook.com;Fernan966123
2412;leire.blasco621@outlook.com;Leireb916@
2413;eusebia.garate954@yahoo.com;Eusebi982123
2414;humberto.aviles834@gmail.com;Humber965_
2415;javi.sotelo241@outlook.com;Javiso124#
2416;zaida.sanmartin287@hotmail.com;Zaidas3042026
2417;marcio.bonillacamps367@hotmail.com;Marcio249#
2418;lupe.amoros994@gmail.com;Lupeam899_
2419;vicente.buendia23@outlook.com;Vicent413!
2420;agueda.sosa828@hotmail.com;Agueda659#
2421;lucio.nevado670@gmail.com;Lucion7602026
2422;baldomero.de350@hotmail.com;Baldom926123
2423;fabiola.calzada935@outlook.com;Fabiol8242026
2424;dario.martin421@yahoo.com;Dariom446_
2425;samu.nadal609@hotmail.com;Samuna406_
2426;nayara.chaves872@hotmail.com;Nayara204@
2427;manola.cerro248@hotmail.com;Manola440@
2428;jonatan.alfonsoaroca826@outlook.com;Jonata242_
2429;crescencia.del934@yahoo.com;Cresce310#
2430;gracia.juarezgarriga330@hotmail.com;Gracia106@
2431;hortensia.rodrigo665@hotmail.com;Horten581@
2432;tere.orozco414@outlook.com;Tereor829#
2433;cebrian.exposito891@yahoo.com;Cebria386@
2434;adoracion.adan844@gmail.com;Adorac398#
2435;lara.navarreterivera150@yahoo.com;Larana150_
2436;jessica.rosello790@outlook.com;Jessic457123
2437;elena.gallardo28@hotmail.com;Elenag3482026
2438;nelida.toledo41@yahoo.com;Nelida461#
2439;lara.casarestoro614@hotmail.com;Laraca544123
2440;armando.leon161@yahoo.com;Armand633123
2441;chema.pinedo78@outlook.com;Chemap861123
2442;reyes.baez792@hotmail.com;Reyesb734!
2443;herberto.sevillano907@outlook.com;Herber5192026
2444;nacio.bermudez194@yahoo.com;Naciob940@
2445;encarnacion.del882@outlook.com;Encarn780123
2446;rafael.maloluque508@yahoo.com;Rafael125123
2447;ricarda.arroyo180@outlook.com;Ricard6692026
2448;pacifica.del879@hotmail.com;Pacifi720!
2449;romulo.cleto719@yahoo.com;Romulo731_
2450;bernarda.vilanova974@outlook.com;Bernar416@
2451;eutimio.valero688@gmail.com;Eutimi879!
2452;maximiano.arce906@gmail.com;Maximi880@
2453;placido.vilanova837@gmail.com;Placid1072026
2454;luna.guardiola558@outlook.com;Lunagu141_
2455;isidoro.camino293@hotmail.com;Isidor287!
2456;amparo.costa150@gmail.com;Amparo350123
2457;esther.toledoyanez199@gmail.com;Esther126@
2458;iker.zorrilla410@gmail.com;Ikerzo687@
2459;ariel.mugica264@gmail.com;Arielm265!
2460;manola.de233@gmail.com;Manola378123
2461;azucena.carretero672@yahoo.com;Azucen100#
2462;benito.belmonte58@yahoo.com;Benito697@
2463;brigida.roma859@outlook.com;Brigid5822026
2464;montserrat.tamayo615@yahoo.com;Montse782123
2465;amparo.dominguez501@yahoo.com;Amparo421123
2466;candela.canete825@outlook.com;Candel878!
2467;calixta.mendez129@hotmail.com;Calixt157_
2468;manuela.manso330@yahoo.com;Manuel536_
2469;jonatan.ariza333@outlook.com;Jonata744#
2470;carlito.del297@gmail.com;Carlit144123
2471;albano.fortuny995@hotmail.com;Albano535!
2472;soraya.luis112@hotmail.com;Soraya457_
2473;maribel.ruiz341@gmail.com;Maribe446#
2474;moreno.pascual77@outlook.com;Moreno130123
2475;edelmiro.menendez756@outlook.com;Edelmi254@
2476;abraham.costa133@gmail.com;Abraha974#
2477;judith.espinosa98@outlook.com;Judith221123
2478;matilde.barbero745@outlook.com;Matild3182026
2479;constanza.gonzalez242@hotmail.com;Consta575123
2480;flor.peravillegas86@yahoo.com;Florpe412123
2481;ana.alicia86@outlook.com;Anaali192@
2482;kike.ariza431@outlook.com;Kikear262_
2483;serafina.hurtado292@outlook.com;Serafi757123
2484;florencio.arcos106@yahoo.com;Floren880123
2485;aitana.cervantes916@yahoo.com;Aitana134#
2486;cebrian.sanjuan965@hotmail.com;Cebria881@
2487;onofre.alegria176@hotmail.com;Onofre9672026
2488;iban.teruel714@yahoo.com;Ibante979@
2489;jose.mari905@yahoo.com;Josema860123
2490;marcial.yanez153@outlook.com;Marcia243_
2491;victoria.quintanilla195@gmail.com;Victor6692026
2492;maria.timoteo55@outlook.com;Mariat370#
2493;roman.vazquez653@yahoo.com;Romanv323!
2494;serafina.valdes40@outlook.com;Serafi700!
2495;lisandro.guillen879@yahoo.com;Lisand899!
2496;artemio.santos712@yahoo.com;Artemi9662026
2497;bernarda.maria243@outlook.com;Bernar937@
2498;eustaquio.arias248@gmail.com;Eustaq151#
2499;viviana.tovar165@hotmail.com;Vivian310!
2500;alejandro.gomez919@yahoo.com;Alejan932123
2501;maria.teresa771@outlook.com;Mariat472#
2502;andres.felipe485@hotmail.com;Andres434123
2503;carlos.estevez583@yahoo.com;Carlos4952026
2504;marina.de377@gmail.com;Marina934123
2505;oriana.bertran302@gmail.com;Oriana418_
2506;ruben.mendez114@outlook.com;Rubenm954#
2507;javi.llorens443@outlook.com;Javill954123
2508;jordan.mate578@yahoo.com;Jordan720!
2509;jose.francisco484@hotmail.com;Josefr704#
2510;leandra.izquierdo253@gmail.com;Leandr657_
2511;monica.llobet893@outlook.com;Monica321@
2512;azucena.escalona78@gmail.com;Azucen210_
2513;sabas.de728@outlook.com;Sabasd898_
2514;evangelina.segui600@hotmail.com;Evange798#
2515;almudena.diaz102@gmail.com;Almude744_
2516;magdalena.riquelme209@yahoo.com;Magdal5712026
2517;marco.pelayo442@gmail.com;Marcop839!
2518;paloma.nino368@gmail.com;Paloma776!
2519;almudena.girona722@gmail.com;Almude184@
2520;adrian.feijoo95@hotmail.com;Adrian721_
2521;amilcar.torrent833@gmail.com;Amilca616_
2522;eva.del561@gmail.com;Evadel836123
2523;jose.ignacio933@hotmail.com;Joseig117123
2524;consuelo.pardo185@hotmail.com;Consue603#
2525;rosa.esteban356@outlook.com;Rosaes516!
2526;ruperta.rojas344@yahoo.com;Rupert400123
2527;ignacia.perera753@outlook.com;Ignaci4502026
2528;lola.solsona705@outlook.com;Lolaso569@
2529;telmo.maldonado498@yahoo.com;Telmom7532026
2530;azahara.de416@hotmail.com;Azahar5022026
2531;ciriaco.tomas505@yahoo.com;Ciriac477@
2532;jose.ignacio362@yahoo.com;Joseig617#
2533;eutropio.pastor231@yahoo.com;Eutrop6622026
2534;azeneth.lastra493@yahoo.com;Azenet734!
2535;dimas.santamariaescriva630@hotmail.com;Dimass2722026
2536;feliciano.canales682@gmail.com;Felici355!
2537;soledad.estevez544@hotmail.com;Soleda277!
2538;marciano.cortina983@outlook.com;Marcia533@
2539;herminia.calvo97@yahoo.com;Hermin800!
2540;sara.ramirezalba458@outlook.com;Sarara398#
2541;gracia.dominguez278@hotmail.com;Gracia116_
2542;carla.bartolome285@gmail.com;Carlab635123
2543;maria.jesus97@yahoo.com;Mariaj1852026
2544;dionisio.castro79@yahoo.com;Dionis5072026
2545;maria.jose136@yahoo.com;Mariaj673!
2546;macarena.figueras896@outlook.com;Macare526#
2547;angelina.segarra197@outlook.com;Angeli174#
2548;florina.vallejo288@yahoo.com;Florin752@
2549;sebastian.camino350@gmail.com;Sebast933!
2550;vasco.asensio888@yahoo.com;Vascoa600123
2551;curro.jose605@gmail.com;Curroj2592026
2552;espiridion.valls707@hotmail.com;Espiri623_
2553;aranzazu.nicolau744@gmail.com;Aranza3772026
2554;rosendo.viana375@hotmail.com;Rosend162@
2555;basilio.remigio639@yahoo.com;Basili858!
2556;luis.de11@outlook.com;Luisde7012026
2557;belen.nereida188@gmail.com;Belenn323@
2558;teodosio.mendizabal821@yahoo.com;Teodos595@
2559;pastora.becerra485@yahoo.com;Pastor1852026
2560;anunciacion.silva819@hotmail.com;Anunci472@
2561;adolfo.pinacarbo713@yahoo.com;Adolfo611!
2562;florinda.bosch312@hotmail.com;Florin806#
2563;olimpia.de298@yahoo.com;Olimpi471!
2564;consuelo.hidalgo640@outlook.com;Consue706#
2565;ema.barral64@gmail.com;Emabar377_
2566;felix.diez963@gmail.com;Felixd178_
2567;amancio.montserratocana36@gmail.com;Amanci560@
2568;danilo.francisco526@hotmail.com;Danilo199@
2569;reina.joverenriquez415@outlook.com;Reinaj780123
2570;juan.manuel456@hotmail.com;Juanma973@
2571;hermenegildo.noriega701@yahoo.com;Hermen880!
2572;abilio.noguera268@hotmail.com;Abilio3212026
2573;irene.ariza748@gmail.com;Irenea285_
2574;espiridion.del650@yahoo.com;Espiri444#
2575;americo.lopez436@gmail.com;Americ963_
2576;amaya.rosello727@outlook.com;Amayar686123
2577;rico.ferrandez281@hotmail.com;Ricofe687#
2578;juan.jose49@outlook.com;Juanjo916#
2579;rosendo.del371@outlook.com;Rosend312123
2580;edu.iniguez256@outlook.com;Eduini1852026
2581;david.tello583@outlook.com;Davidt7802026
2582;casandra.navas588@outlook.com;Casand499@
2583;dionisia.isa747@hotmail.com;Dionis1152026
2584;candela.carvajal724@outlook.com;Candel903!
2585;rosalia.amatcarbajo756@yahoo.com;Rosali814#
2586;eliseo.somoza927@outlook.com;Eliseo955#
2587;albano.azorin476@hotmail.com;Albano308!
2588;hipolito.barroso380@outlook.com;Hipoli2962026
2589;susana.valenzuela537@outlook.com;Susana325123
2590;ciro.peral536@hotmail.com;Cirope9322026
2591;dionisio.del239@yahoo.com;Dionis668_
2592;alma.diez588@gmail.com;Almadi176123
2593;ambrosio.benaventeiriarte232@outlook.com;Ambros589_
2594;encarnacion.lledo905@outlook.com;Encarn853#
2595;manuelita.saenz954@yahoo.com;Manuel492123
2596;america.soler749@gmail.com;Americ254@
2597;amaro.leiva801@gmail.com;Amarol445123
2598;luisa.lupita230@yahoo.com;Luisal6692026
2599;hermenegildo.de331@outlook.com;Hermen510!
2600;perla.rosaura806@outlook.com;Perlar445@
2601;ester.alberosalazar898@outlook.com;Estera262!
2602;zaida.valentin480@gmail.com;Zaidav560_
2603;mayte.aparicio229@outlook.com;Maytea789@
2604;teo.salazar33@yahoo.com;Teosal7132026
2605;urbano.sosa460@yahoo.com;Urbano788#
2606;jacobo.pina813@outlook.com;Jacobo861123
2607;herminio.carrasco907@gmail.com;Hermin996_
2608;hector.pepito156@outlook.com;Hector5092026
2609;hilda.rojas331@gmail.com;Hildar782!
2610;araceli.martin814@hotmail.com;Aracel9412026
2611;calisto.lorenzo779@hotmail.com;Calist579!
2612;sofia.domenech387@hotmail.com;Sofiad334@
2613;yaiza.espada654@gmail.com;Yaizae413123
2614;pia.uribe875@yahoo.com;Piauri945@
2615;cosme.gonzalez31@outlook.com;Cosmeg4152026
2616;ricardo.coll438@gmail.com;Ricard378#
2617;candela.adan159@outlook.com;Candel3302026
2618;hilda.del641@outlook.com;Hildad805!
2619;miriam.avila419@gmail.com;Miriam843#
2620;ovidio.perezramon672@hotmail.com;Ovidio767_
2621;jeronimo.araujo321@hotmail.com;Jeroni901123
2622;isabela.neira722@hotmail.com;Isabel264@
2623;isidoro.lujan599@gmail.com;Isidor4962026
2624;maribel.garzon169@yahoo.com;Maribe468!
2625;prudencia.fabregat662@outlook.com;Pruden360#
2626;sandalio.pino942@gmail.com;Sandal823@
2627;urbano.albero567@gmail.com;Urbano236@
2628;horacio.egea118@outlook.com;Horaci652@
2629;gabino.cobo610@outlook.com;Gabino5402026
2630;leonardo.duran393@outlook.com;Leonar262!
2631;anunciacion.acevedo515@hotmail.com;Anunci115_
2632;alfredo.giner686@yahoo.com;Alfred566_
2633;candelas.alamo580@gmail.com;Candel6422026
2634;reina.mena777@gmail.com;Reinam453@
2635;inigo.montero628@outlook.com;Inigom459#
2636;dani.ferrandez671@hotmail.com;Danife5502026
2637;javiera.barrio677@outlook.com;Javier814@
2638;francisco.jose891@hotmail.com;Franci3902026
2639;itziar.valencia198@hotmail.com;Itziar6772026
2640;malena.gallart880@yahoo.com;Malena818!
2641;joan.dominguez651@outlook.com;Joando942123
2642;federico.jose937@hotmail.com;Federi1672026
2643;roque.del957@gmail.com;Roqued356#
2644;julio.ninogarcia205@outlook.com;Julion399@
2645;cecilio.baeza438@hotmail.com;Cecili674123
2646;pio.glauco918@hotmail.com;Piogla635_
2647;paz.benitez31@hotmail.com;Pazben563#
2648;toni.esparza995@hotmail.com;Tonies165#
2649;teresita.crespo990@outlook.com;Teresi552123
2650;espiridion.figueroa974@hotmail.com;Espiri467!
2651;amor.alegre792@outlook.com;Amoral3472026
2652;lorenza.costa549@hotmail.com;Lorenz577@
2653;andrea.lledobellido489@yahoo.com;Andrea4062026
2654;gregorio.arranzgalindo453@outlook.com;Gregor433!
2655;arcelia.carballo278@yahoo.com;Arceli4212026
2656;amanda.maria51@yahoo.com;Amanda348!
2657;elias.bernardino167@gmail.com;Eliasb858_
2658;dorita.menendez250@outlook.com;Dorita913!
2659;tito.fermin158@hotmail.com;Titofe7882026
2660;dario.salom908@yahoo.com;Darios624_
2661;loreto.angelina386@outlook.com;Loreto421#
2662;rosalina.melero127@hotmail.com;Rosali454#
2663;bonifacio.alberto249@hotmail.com;Bonifa7122026
2664;emilia.tena402@gmail.com;Emilia8322026
2665;saturnino.cobos246@gmail.com;Saturn258!
2666;brigida.ripoll103@gmail.com;Brigid345123
2667;arturo.quevedo180@yahoo.com;Arturo285#
2668;poncio.nacio625@outlook.com;Poncio6362026
2669;amalia.canton272@yahoo.com;Amalia765123
2670;rosalinda.raya393@hotmail.com;Rosali974_
2671;wilfredo.prat407@yahoo.com;Wilfre661#
2672;nerea.losada396@hotmail.com;Nereal409_
2673;kike.rivas141@yahoo.com;Kikeri940!
2674;jose.miguel628@gmail.com;Josemi340!
2675;sol.del967@gmail.com;Soldel247#
2676;liliana.del776@outlook.com;Lilian8982026
2677;eva.viana252@yahoo.com;Evavia938@
2678;virgilio.manzanares889@yahoo.com;Virgil468#
2679;zoraida.barranco492@yahoo.com;Zoraid474!
2680;rosa.maria93@yahoo.com;Rosama113@
2681;irene.de473@yahoo.com;Irened477123
2682;augusto.manzano832@outlook.com;August4452026
2683;abigail.maria391@gmail.com;Abigai777#
2684;nayara.baro867@outlook.com;Nayara421!
2685;graciano.pedrosa567@outlook.com;Gracia366_
2686;lucio.padilla604@hotmail.com;Luciop376@
2687;purificacion.del672@hotmail.com;Purifi180_
2688;baldomero.cobos251@gmail.com;Baldom612@
2689;ciro.pavon467@gmail.com;Ciropa783!
2690;juan.estrada677@yahoo.com;Juanes184123
2691;maxi.moreno699@hotmail.com;Maximo620123
2692;virgilio.pina280@outlook.com;Virgil309123
2693;benigno.cardonaaragones248@yahoo.com;Benign747@
2694;caridad.urrutia351@hotmail.com;Carida968@
2695;leocadio.roman196@outlook.com;Leocad395_
2696;isabela.arnauvicens655@outlook.com;Isabel9752026
2697;edmundo.gabino382@hotmail.com;Edmund240@
2698;yaiza.pomares797@outlook.com;Yaizap386#
2699;flavia.gallo457@hotmail.com;Flavia753!
2700;guiomar.sastre127@yahoo.com;Guioma711_
2701;regina.zabalapereira563@yahoo.com;Regina670@
2702;marcos.reynaldo285@hotmail.com;Marcos271_
2703;roque.palacioreig446@hotmail.com;Roquep468!
2704;ciro.escamilla63@hotmail.com;Ciroes215!
2705;seve.rey910@hotmail.com;Severe785123
2706;sebastian.nicanor28@gmail.com;Sebast119@
2707;paola.ale846@outlook.com;Paolaa732_
2708;armando.falconsainz570@yahoo.com;Armand4332026
2709;regina.del528@gmail.com;Regina2722026
2710;elpidio.amigo363@gmail.com;Elpidi618!
2711;jovita.fuster783@hotmail.com;Jovita503_
2712;reinaldo.alberola256@hotmail.com;Reinal9802026
2713;leonardo.cerro639@yahoo.com;Leonar2562026
2714;eric.pina65@outlook.com;Ericpi2702026
2715;che.mosquera541@gmail.com;Chemos481!
2716;jonatan.pol475@hotmail.com;Jonata6952026
2717;loida.alcalde946@yahoo.com;Loidaa252123
2718;julio.cesar185@hotmail.com;Julioc956!
2719;bernardita.andreu65@hotmail.com;Bernar971#
2720;salome.rueda417@yahoo.com;Salome253!
2721;vicente.calderon485@gmail.com;Vicent662!
2722;espiridion.samper336@gmail.com;Espiri6752026
2723;angeles.talavera836@gmail.com;Angele800_
2724;bienvenida.miralles127@hotmail.com;Bienve386@
2725;teofilo.saavedracardenas39@gmail.com;Teofil870!
2726;palmira.ibarra335@gmail.com;Palmir237_
2727;maximiliano.robles489@gmail.com;Maximi9922026
2728;moreno.ortega51@yahoo.com;Moreno974@
2729;sancho.nieto584@outlook.com;Sancho655!
2730;isaac.riveravaldes560@hotmail.com;Isaacr1742026
2731;jafet.canas673@gmail.com;Jafetc542@
2732;victor.saldana758@gmail.com;Victor951@
2733;lucas.alcaraz965@hotmail.com;Lucasa123_
2734;nelida.tome742@gmail.com;Nelida850123
2735;lope.de825@gmail.com;Lopede467@
2736;maria.egea277@outlook.com;Mariae2402026
2737;sebastian.rivas26@outlook.com;Sebast127#
2738;soledad.bello677@gmail.com;Soleda403@
2739;imelda.egea884@hotmail.com;Imelda6152026
2740;maria.carmen413@outlook.com;Mariac186!
2741;julia.bernad148@outlook.com;Juliab296123
2742;marco.valdes394@outlook.com;Marcov264_
2743;lucas.ferrandiz544@gmail.com;Lucasf802123
2744;calixto.tormo801@yahoo.com;Calixt3192026
2745;jovita.vigil972@gmail.com;Jovita589_
2746;gervasio.jerez844@outlook.com;Gervas928_
2747;pelayo.rincon132@yahoo.com;Pelayo789#
2748;debora.bautistalago468@yahoo.com;Debora216!
2749;balduino.del375@gmail.com;Baldui398@
2750;paz.trillo662@gmail.com;Paztri237@
2751;victor.ramirez699@hotmail.com;Victor429!
2752;paulino.de38@yahoo.com;Paulin127!
2753;fidela.belen707@hotmail.com;Fidela592@
2754;beatriz.bernat165@hotmail.com;Beatri463123
2755;javiera.maria414@hotmail.com;Javier817#
2756;sebastian.neira901@outlook.com;Sebast798@
2757;maximiano.hidalgo956@hotmail.com;Maximi755@
2758;ximena.eufemia601@yahoo.com;Ximena260#
2759;luciano.lucena688@yahoo.com;Lucian6662026
2760;ascension.riquelmeegea767@outlook.com;Ascens370#
2761;pilar.quintanilla258@outlook.com;Pilarq246_
2762;bernarda.abella659@hotmail.com;Bernar744#
2763;osvaldo.de284@gmail.com;Osvald666_
2764;leonel.penalver237@gmail.com;Leonel2242026
2765;panfilo.martin401@hotmail.com;Panfil791_
2766;maria.belen681@gmail.com;Mariab567#
2767;aristides.roldan222@outlook.com;Aristi6652026
2768;margarita.benitez60@gmail.com;Margar192123
2769;isaac.prado927@hotmail.com;Isaacp5902026
2770;hipolito.cervera131@yahoo.com;Hipoli984#
2771;tamara.canas513@outlook.com;Tamara796@
2772;dani.jauregui51@yahoo.com;Danija816@
2773;merche.quintanilla576@outlook.com;Merche302_
2774;carina.pinto354@outlook.com;Carina3502026
2775;andres.palacios595@yahoo.com;Andres388123
2776;viviana.ortega382@yahoo.com;Vivian894123
2777;emiliano.artigas423@gmail.com;Emilia369@
2778;montserrat.de630@yahoo.com;Montse764_
2779;morena.moraleda134@hotmail.com;Morena564123
2780;tito.de993@hotmail.com;Titode5632026
2781;agueda.aviles664@outlook.com;Agueda659123
2782;gabino.felix804@yahoo.com;Gabino695@
2783;teodoro.rosendo474@yahoo.com;Teodor339@
2784;andrea.cazorla886@yahoo.com;Andrea727#
2785;elodia.arnaiz308@hotmail.com;Elodia955#
2786;trinidad.donoso993@gmail.com;Trinid915!
2787;maxi.guzman626@yahoo.com;Maxigu2762026
2788;teobaldo.granados502@yahoo.com;Teobal105#
2789;maria.gordillo232@yahoo.com;Mariag314123
2790;aranzazu.morata659@yahoo.com;Aranza4392026
2791;encarnacion.romanayala647@yahoo.com;Encarn985123
2792;esteban.hurtado115@yahoo.com;Esteba910#
2793;francisco.peralta686@gmail.com;Franci211!
2794;javier.talavera955@hotmail.com;Javier872!
2795;anabel.marisa725@gmail.com;Anabel951123
2796;carmen.cuenca970@gmail.com;Carmen106!
2797;julio.cesar608@yahoo.com;Julioc454!
2798;cayetano.marmol546@outlook.com;Cayeta711@
2799;maria.jesus626@gmail.com;Mariaj941#
2800;visitacion.espadaguardiola50@yahoo.com;Visita104123
2801;piedad.canals264@yahoo.com;Piedad845#
2802;jonatan.vara165@yahoo.com;Jonata236#
2803;saturnina.iriarte676@outlook.com;Saturn922_
2804;loreto.blanca636@gmail.com;Loreto151123
2805;morena.sarmientogallo643@hotmail.com;Morena257123
2806;goyo.escamilla214@hotmail.com;Goyoes756_
2807;chus.torrent689@yahoo.com;Chusto112123
2808;ildefonso.cazorla17@hotmail.com;Ildefo734!
2809;laura.villa549@hotmail.com;Laurav814123
2810;miguel.angel198@gmail.com;Miguel385@
2811;jacinto.rosaduran620@gmail.com;Jacint1242026
2812;maria.manuela936@yahoo.com;Mariam516@
2813;tiburcio.lucasblazquez78@gmail.com;Tiburc302_
2814;bautista.daza541@hotmail.com;Bautis666#
2815;gerardo.maestre577@hotmail.com;Gerard539_
2816;saturnina.segura342@gmail.com;Saturn429_
2817;mariano.vergara880@gmail.com;Marian984#
2818;nicolasa.maricela585@hotmail.com;Nicola542_
2819;nicodemo.reyes268@outlook.com;Nicode7612026
2820;anastasia.zabaleta679@hotmail.com;Anasta568#
2821;clementina.blazquez138@yahoo.com;Clemen302_
2822;fabio.hernando336@gmail.com;Fabioh800!
2823;elisabet.de30@yahoo.com;Elisab4852026
2824;eligia.guzman37@hotmail.com;Eligia422@
2825;encarnita.valles263@yahoo.com;Encarn102123
2826;anunciacion.iborra13@outlook.com;Anunci171!
2827;faustino.manrique245@hotmail.com;Fausti286_
2828;horacio.bonifacio656@hotmail.com;Horaci439123
2829;adelardo.olivares710@gmail.com;Adelar921_
2830;quirino.del764@hotmail.com;Quirin7482026
2831;jose.antonio876@yahoo.com;Josean764!
2832;chema.carretero908@outlook.com;Chemac9422026
2833;godofredo.manso611@outlook.com;Godofr4342026
2834;marcia.burgos626@yahoo.com;Marcia887_
2835;manuela.martorell410@hotmail.com;Manuel704#
2836;ariadna.tello203@outlook.com;Ariadn216_
2837;carlito.gil679@gmail.com;Carlit2432026
2838;bernabe.ramiro679@outlook.com;Bernab678@
2839;gervasio.quevedoduarte413@gmail.com;Gervas329123
2840;nilo.solana318@yahoo.com;Niloso8922026
2841;jose.antonio146@yahoo.com;Josean957#
2842;iris.hervia752@gmail.com;Irishe605123
2843;valentin.bernabe105@outlook.com;Valent898#
2844;leocadio.ferrandiz582@yahoo.com;Leocad1452026
2845;paco.sebastian482@outlook.com;Pacose550123
2846;raquel.blanch762@yahoo.com;Raquel141!
2847;lazaro.del15@outlook.com;Lazaro205@
2848;florentino.tejada951@yahoo.com;Floren942123
2849;jose.maria189@hotmail.com;Josema258#
2850;sandalio.pujadas328@outlook.com;Sandal735!
2851;victoria.del734@outlook.com;Victor314!
2852;fabricio.riushierro374@outlook.com;Fabric4332026
2853;natalio.romero805@outlook.com;Natali779!
2854;xiomara.caro195@hotmail.com;Xiomar147123
2855;isidora.regueraguzman944@yahoo.com;Isidor274@
2856;ruperta.nogueira27@yahoo.com;Rupert403_
2857;salud.goicoechea315@yahoo.com;Saludg616_
2858;olivia.remedios56@yahoo.com;Olivia460123
2859;rosa.pedrero74@outlook.com;Rosape4802026
2860;salud.rosales120@yahoo.com;Saludr868#
2861;ileana.lamas906@outlook.com;Ileana604_
2862;iker.pinedo771@hotmail.com;Ikerpi1162026
2863;felix.seco539@gmail.com;Felixs882#
2864;paco.sabaterasensio578@gmail.com;Pacosa274_
2865;dalila.marti156@outlook.com;Dalila127123
2866;elisa.oriana863@outlook.com;Elisao158_
2867;mohamed.cid26@yahoo.com;Mohame8592026
2868;renato.sanchezferrero75@yahoo.com;Renato189123
2869;geronimo.villar26@gmail.com;Geroni3112026
2870;bienvenida.mayol641@gmail.com;Bienve385@
2871;selena.pi175@hotmail.com;Selena8662026
2872;julian.pina757@hotmail.com;Julian959!
2873;ramiro.pineiro673@hotmail.com;Ramiro680_
2874;aura.tapialasa111@outlook.com;Aurata163#
2875;socorro.oliver462@hotmail.com;Socorr706_
2876;alma.querolzurita864@yahoo.com;Almaqu4722026
2877;omar.calvet45@yahoo.com;Omarca651@
2878;efrain.jerez438@hotmail.com;Efrain995!
2879;maria.manuela330@outlook.com;Mariam647123
2880;yesica.villena896@gmail.com;Yesica392@
2881;ani.salome225@gmail.com;Anisal844123
2882;javi.sureda517@yahoo.com;Javisu171#
2883;eusebio.cabanillas330@gmail.com;Eusebi145123
2884;nacio.martorell479@hotmail.com;Naciom106@
2885;africa.del102@yahoo.com;Africa6142026
2886;marino.blazquez223@hotmail.com;Marino858!
2887;victor.del469@yahoo.com;Victor425_
2888;feliciano.salomon545@hotmail.com;Felici302#
2889;eugenia.cornejo537@gmail.com;Eugeni858123
2890;rosalva.aguilo892@outlook.com;Rosalv638_
2891;salome.tena480@hotmail.com;Salome122@
2892;gala.lola144@outlook.com;Galalo706#
2893;priscila.quesada48@gmail.com;Prisci536123
2894;leyre.cortina664@outlook.com;Leyrec843_
2895;ema.de460@outlook.com;Emadec790#
2896;maricruz.corral335@gmail.com;Maricr114_
2897;leire.de304@yahoo.com;Leired413!
2898;lina.borras455@outlook.com;Linabo113@
2899;adelia.carballo41@hotmail.com;Adelia5872026
2900;maxi.calleja338@hotmail.com;Maxica404@
2901;vinicio.lerma749@yahoo.com;Vinici935@
2902;adalberto.ramon695@hotmail.com;Adalbe115@
2903;daniel.prado738@yahoo.com;Daniel969_
2904;natalia.garateescriva431@outlook.com;Natali874123
2905;asuncion.blazquez589@gmail.com;Asunci780_
2906;felipa.garay842@hotmail.com;Felipa817123
2907;danilo.gibert277@gmail.com;Danilo163#
2908;modesta.nicolau524@yahoo.com;Modest964#
2909;lalo.araujo119@outlook.com;Laloar622123
2910;marita.galvez127@yahoo.com;Marita803@
2911;isaias.del107@gmail.com;Isaias1762026
2912;isidora.uriarte412@yahoo.com;Isidor924123
2913;almudena.pinedo840@yahoo.com;Almude249#
2914;dario.feijoo878@yahoo.com;Dariof119_
2915;pablo.de308@yahoo.com;Pablod995@
2916;maria.cristina386@outlook.com;Mariac2752026
2917;juan.pablo413@hotmail.com;Juanpa428#
2918;aurora.segui97@hotmail.com;Aurora7552026
2919;oriana.rivas258@hotmail.com;Oriana673123
2920;nazaret.torresreina314@outlook.com;Nazare403#
2921;lorenzo.montalban732@gmail.com;Lorenz563#
2922;olalla.julia150@gmail.com;Olalla421!
2923;anselmo.bayona12@gmail.com;Anselm8462026
2924;candelario.palomar620@hotmail.com;Candel489123
2925;victor.espana981@yahoo.com;Victor3772026
2926;lucia.campos851@gmail.com;Luciac739!
2927;cloe.porcel983@hotmail.com;Cloepo482!
2928;ariadna.olive742@outlook.com;Ariadn152123
2929;bibiana.cuevas163@hotmail.com;Bibian2762026
2930;maxi.aznar504@yahoo.com;Maxiaz1782026
2931;luis.angel844@gmail.com;Luisan253#
2932;goyo.lloret137@hotmail.com;Goyoll897#
2933;trinidad.de92@gmail.com;Trinid927#
2934;julian.garmendia538@gmail.com;Julian642!
2935;albino.jose874@yahoo.com;Albino883#
2936;augusto.de696@gmail.com;August336123
2937;pastora.bosch873@outlook.com;Pastor5682026
2938;iris.tejero811@hotmail.com;Iriste500#
2939;sebastian.pareja874@yahoo.com;Sebast4722026
2940;hermenegildo.calleja231@hotmail.com;Hermen334@
2941;gaspar.verdugo398@outlook.com;Gaspar381#
2942;armando.julian158@hotmail.com;Armand9932026
2943;erasmo.jimenez79@outlook.com;Erasmo466_
2944;herminio.correa46@outlook.com;Hermin185!
2945;luisina.cepeda74@outlook.com;Luisin479!
2946;manuel.lamas323@outlook.com;Manuel108_
2947;bartolome.silva335@hotmail.com;Bartol524123
2948;javi.dalmauvicens661@gmail.com;Javida755@
2949;emiliana.ortega747@gmail.com;Emilia309!
2950;graciela.novoa217@gmail.com;Gracie308!
2951;carolina.sanmiguel302@yahoo.com;Caroli147@
2952;chus.villaverde424@hotmail.com;Chusvi4132026
2953;federico.salcedo101@yahoo.com;Federi187_
2954;herberto.garcia165@outlook.com;Herber153_
2955;joaquina.sarita244@outlook.com;Joaqui864#
2956;martirio.bayo829@outlook.com;Martir116_
2957;marcelo.de686@hotmail.com;Marcel8002026
2958;rocio.izquierdo44@hotmail.com;Rocioi904@
2959;elba.juan397@outlook.com;Elbaju766@
2960;heliodoro.del244@yahoo.com;Heliod402@
2961;luis.canterotejedor195@hotmail.com;Luisca1392026
2962;martina.borregoaliaga365@outlook.com;Martin506@
2963;maximiano.bejarano263@outlook.com;Maximi868@
2964;amor.martinez286@outlook.com;Amorma183!
2965;micaela.del459@outlook.com;Micael424123
2966;benigno.cerro737@gmail.com;Benign1652026
2967;hector.velasco145@gmail.com;Hector377#
2968;angela.moraleda470@hotmail.com;Angela252_
2969;francisco.jose714@yahoo.com;Franci948123
2970;elisabet.borrego33@hotmail.com;Elisab674123
2971;alba.jennifer333@hotmail.com;Albaje428!
2972;elias.calderon29@outlook.com;Eliasc491@
2973;jeremias.de505@gmail.com;Jeremi276#
2974;dorita.de617@outlook.com;Dorita125#
2975;prudencia.santostirado536@yahoo.com;Pruden523123
2976;prudencio.pardo886@hotmail.com;Pruden184_
2977;gregorio.teodoro409@yahoo.com;Gregor662_
2978;juan.pablo827@hotmail.com;Juanpa549!
2979;azahara.del331@gmail.com;Azahar274#
2980;agustin.diez846@yahoo.com;Agusti789!
2981;adalberto.vives122@yahoo.com;Adalbe625123
2982;isidoro.trinidad418@yahoo.com;Isidor3272026
2983;estefania.puig974@hotmail.com;Estefa602123
2984;ivan.pizarro700@yahoo.com;Ivanpi9002026
2985;mireia.del910@yahoo.com;Mireia320123
2986;javier.nicolas755@outlook.com;Javier492!
2987;mercedes.ingrid851@outlook.com;Merced562#
2988;edgardo.sainz761@outlook.com;Edgard520#
2989;vinicio.grau482@yahoo.com;Vinici277!
2990;elodia.belen751@outlook.com;Elodia803!
2991;marino.villenacarvajal789@gmail.com;Marino2622026
2992;graciano.cuervo229@hotmail.com;Gracia550_
2993;benigno.olmedo505@yahoo.com;Benign410@
2994;hector.uribe829@gmail.com;Hector811#
2995;perlita.royo705@hotmail.com;Perlit558_
2996;fito.vicensgaliano552@outlook.com;Fitovi870#
2997;hernando.tome519@yahoo.com;Hernan847123
2998;felicidad.enriquez118@gmail.com;Felici197@
2999;olimpia.jara350@hotmail.com;Olimpi803_
3000;humberto.roma269@outlook.com;Humber740#
3001;dominga.celia743@outlook.com;Doming878@
3002;gloria.del616@yahoo.com;Gloria106123
3003;crescencia.codina370@hotmail.com;Cresce7172026
3004;saturnino.baquero882@hotmail.com;Saturn603_
3005;guillermo.romero781@outlook.com;Guille725123
3006;zacarias.plaza519@outlook.com;Zacari767#
3007;rafaela.de710@yahoo.com;Rafael886_
3008;anabel.canals733@gmail.com;Anabel5922026
3009;sara.martorell344@gmail.com;Sarama830@
3010;manu.munoztenorio110@outlook.com;Manumu3042026
3011;eva.segarra771@yahoo.com;Evaseg477!
3012;prudencia.casanova380@outlook.com;Pruden3992026
3013;eduardo.pellicer268@outlook.com;Eduard616_
3014;bernabe.company506@yahoo.com;Bernab656_
3015;juliana.luquecarranza167@hotmail.com;Julian147_
3016;pascuala.teofila423@hotmail.com;Pascua856_
3017;chus.villenaaragon655@yahoo.com;Chusvi5692026
3018;jennifer.vazquez67@gmail.com;Jennif505@
3019;felisa.almagro51@gmail.com;Felisa450@
3020;maxi.llorens880@outlook.com;Maxill254!
3021;herberto.guerrero446@yahoo.com;Herber787#
3022;mariano.pellicer663@gmail.com;Marian496123
3023;lorenza.falco742@gmail.com;Lorenz272#
3024;fernanda.castellanos669@outlook.com;Fernan275@
3025;silvestre.del230@gmail.com;Silves720@
3026;marcelo.ballesteroscervera960@gmail.com;Marcel738!
3027;roque.escobar519@hotmail.com;Roquee673_
3028;emigdio.barranco463@gmail.com;Emigdi589_
3029;humberto.calatayud901@gmail.com;Humber331!
3030;angelita.falco247@outlook.com;Angeli826123
3031;basilio.cazorla477@hotmail.com;Basili131123
3032;viviana.barco911@yahoo.com;Vivian1812026
3033;flora.bueno274@gmail.com;Florab9292026
3034;angelica.rosagalvan915@gmail.com;Angeli878!
3035;crescencia.colomermarmol651@gmail.com;Cresce180@
3036;sarita.nunezisern767@outlook.com;Sarita355#
3037;nydia.carbo886@hotmail.com;Nydiac478123
3038;agapito.cayetano653@hotmail.com;Agapit4722026
3039;inigo.juan209@hotmail.com;Inigoj291_
3040;noe.caminoramon679@hotmail.com;Noecam438@
3041;modesto.riverocerdan62@yahoo.com;Modest215@
3042;apolinar.toni797@yahoo.com;Apolin607_
3043;ciro.batlle791@yahoo.com;Ciroba960@
3044;bernarda.arevaloaller657@outlook.com;Bernar900@
3045;efrain.bartolome772@outlook.com;Efrain567!
3046;chuy.gallartrequena36@hotmail.com;Chuyga861_
3047;anunciacion.miguela898@gmail.com;Anunci642123
3048;horacio.borrasbaro386@gmail.com;Horaci1772026
3049;miriam.carbajo925@hotmail.com;Miriam338#
3050;fidela.azcona910@gmail.com;Fidela6272026
3051;roman.canton38@hotmail.com;Romanc646_
3052;felipe.montoya815@outlook.com;Felipe272#
3053;valerio.iglesia463@hotmail.com;Valeri415#
3054;marisa.del765@outlook.com;Marisa6772026
3055;oscar.ordonez45@yahoo.com;Oscaro650@
3056;seve.noguerajuan581@hotmail.com;Seveno1922026
3057;paulino.edgar371@hotmail.com;Paulin142!
3058;perlita.calleja211@hotmail.com;Perlit7142026
3059;patricia.cervera429@yahoo.com;Patric311@
3060;luz.de717@yahoo.com;Luzder860_
3061;manolo.abella709@hotmail.com;Manolo594#
3062;fidel.almeida53@yahoo.com;Fidela383_
3063;isidro.tejedor148@outlook.com;Isidro385@
3064;tania.monteropera863@gmail.com;Taniam647#
3065;jose.antonio846@hotmail.com;Josean998!
3066;marisela.molins177@outlook.com;Marise854@
3067;aroa.jimenez770@gmail.com;Aroaji9242026
3068;duilio.fajardo812@gmail.com;Duilio755_
3069;hilario.ortuno612@hotmail.com;Hilari287_
3070;saturnino.de412@yahoo.com;Saturn5602026
3071;mar.villalobos783@gmail.com;Marvil460#
3072;vasco.teruel755@hotmail.com;Vascot157_
3073;joaquina.tellez281@gmail.com;Joaqui8772026
3074;jose.angel862@hotmail.com;Josean102@
3075;lorena.del878@yahoo.com;Lorena854!
3076;jose.francisco916@gmail.com;Josefr988#
3077;osvaldo.velez104@gmail.com;Osvald848123
3078;belen.oller280@hotmail.com;Beleno849#
3079;hermenegildo.bernad242@hotmail.com;Hermen427_
3080;benito.fabricio550@hotmail.com;Benito350_
3081;cesar.cipriano897@hotmail.com;Cesarc1702026
3082;cayetana.irma723@yahoo.com;Cayeta601123
3083;manu.carpio296@gmail.com;Manuca289123
3084;lalo.del567@gmail.com;Lalode689!
3085;jennifer.de869@gmail.com;Jennif769123
3086;susanita.hervia940@gmail.com;Susani269123
3087;luisina.salinas643@outlook.com;Luisin325@
3088;evelia.jacinta595@gmail.com;Evelia156!
3089;carmen.pozuelo639@outlook.com;Carmen827123
3090;julio.blazquez444@gmail.com;Juliob903!
3091;felicia.andrade266@gmail.com;Felici574!
3092;julia.mayo682@outlook.com;Juliam779123
3093;santos.gordillo651@gmail.com;Santos413@
3094;rosalinda.tormo802@hotmail.com;Rosali688#
3095;maricela.mendizabal213@hotmail.com;Marice905123
3096;adoracion.tejero987@gmail.com;Adorac371_
3097;marciano.de204@yahoo.com;Marcia484@
3098;carina.quero186@outlook.com;Carina336!
3099;heliodoro.de620@hotmail.com;Heliod932#
3100;rosalva.sebastian163@hotmail.com;Rosalv7242026
3101;sebastian.ledesmasaldana738@yahoo.com;Sebast391@
3102;aurora.bernad533@hotmail.com;Aurora701_
3103;lino.contreras353@gmail.com;Linoco8542026
3104;joaquina.del651@yahoo.com;Joaqui762_
3105;jose.maria140@hotmail.com;Josema545@
3106;goyo.arroyo584@gmail.com;Goyoar285_
3107;malena.melero500@yahoo.com;Malena376_
3108;jeremias.escalona873@hotmail.com;Jeremi651#
3109;flavio.bonet530@hotmail.com;Flavio960#
3110;maximiano.del66@hotmail.com;Maximi5402026
3111;marcia.arribasmelendez398@outlook.com;Marcia1232026
3112;ricarda.callerma614@yahoo.com;Ricard655#
3113;clarisa.brigida795@gmail.com;Claris4502026
3114;bruno.del341@hotmail.com;Brunod551@
3115;francisco.javier463@hotmail.com;Franci854@
3116;adelia.gilabertgrande708@outlook.com;Adelia4362026
3117;nacho.pla350@yahoo.com;Nachop7622026
3118;milagros.moll102@yahoo.com;Milagr3102026
3119;eliana.maricela560@hotmail.com;Eliana487123
3120;aaron.de992@gmail.com;Aarond4622026
3121;luna.del437@yahoo.com;Lunade796@
3122;victorino.ordonez166@gmail.com;Victor898@
3123;leonel.vall211@hotmail.com;Leonel479123
3124;urbano.del118@hotmail.com;Urbano468_
3125;natanael.capdevila624@yahoo.com;Natana5782026
3126;hermenegildo.de459@gmail.com;Hermen685123
3127;rolando.barbero116@yahoo.com;Roland8192026
3128;africa.flor317@yahoo.com;Africa979123
3129;quirino.de16@hotmail.com;Quirin670#
3130;cintia.claverodaza659@hotmail.com;Cintia518@
3131;pia.casanova559@yahoo.com;Piacas344123
3132;ines.perera184@yahoo.com;Inespe368#
3133;juan.carlos17@gmail.com;Juanca164#
3134;fabiana.calvo605@hotmail.com;Fabian941123
3135;filomena.castillo700@yahoo.com;Filome5792026
3136;dimas.guerrerocarretero140@gmail.com;Dimasg775123
3137;silvia.eusebia885@hotmail.com;Silvia950#
3138;luna.frias542@yahoo.com;Lunafr8832026
3139;fermin.galindo428@hotmail.com;Fermin316!
3140;begona.baron59@gmail.com;Begona583@
3141;angelina.de547@hotmail.com;Angeli424_
3142;andres.julianvelasco894@outlook.com;Andres8032026
3143;amarilis.perea700@outlook.com;Amaril1312026
3144;fausto.ramos416@outlook.com;Fausto752!
3145;maria.carropintor280@gmail.com;Mariac175_
3146;joel.riquelmenavas240@gmail.com;Joelri744#
3147;barbara.duarte39@yahoo.com;Barbar684@
3148;vicente.mercader151@yahoo.com;Vicent927!
3149;lucila.zabala955@outlook.com;Lucila799!
3150;agustina.olivepomares554@gmail.com;Agusti565123
3151;tania.del361@gmail.com;Taniad129123
3152;odalis.plana611@gmail.com;Odalis399!
3153;maura.carbonell895@hotmail.com;Maurac1122026
3154;ale.iriarte835@yahoo.com;Aleiri747#
3155;asuncion.fabiana989@outlook.com;Asunci847123
3156;samanta.merino577@gmail.com;Samant5262026
3157;ursula.yuste627@yahoo.com;Ursula104@
3158;nicanor.cabrero587@hotmail.com;Nicano1672026
3159;obdulia.giron337@yahoo.com;Obduli567@
3160;aroa.roca507@outlook.com;Aroaro327_
3161;debora.domenech589@hotmail.com;Debora383!
3162;arsenio.urrutia900@hotmail.com;Arseni150_
3163;nando.juanrubio10@outlook.com;Nandoj632@
3164;piedad.hoz828@yahoo.com;Piedad101#
3165;anselma.clavero389@outlook.com;Anselm6712026
3166;artemio.ferrera497@yahoo.com;Artemi832_
3167;mirta.moles608@gmail.com;Mirtam596#
3168;angelica.del671@yahoo.com;Angeli343@
3169;elias.galan104@gmail.com;Eliasg399#
3170;trini.moreno419@outlook.com;Trinim2132026
3171;maximiliano.del585@gmail.com;Maximi577_
3172;agustina.rozas291@yahoo.com;Agusti285123
3173;fabricio.saez855@hotmail.com;Fabric177@
3174;paulina.guitart934@hotmail.com;Paulin937!
3175;loida.del259@hotmail.com;Loidad541#
3176;godofredo.adan423@yahoo.com;Godofr247!
3177;estela.del268@gmail.com;Estela790@
3178;camilo.victor500@yahoo.com;Camilo931#
3179;timoteo.guerra375@gmail.com;Timote138@
3180;domingo.felix170@gmail.com;Doming332123
3181;eduardo.penalver448@outlook.com;Eduard283#
3182;olimpia.miguel887@hotmail.com;Olimpi164@
3183;maria.luisa936@hotmail.com;Marial322123
3184;abraham.amigojodar570@outlook.com;Abraha743#
3185;duilio.tormozurita538@outlook.com;Duilio172123
3186;juana.de454@yahoo.com;Juanad529_
3187;anselma.vilanova407@outlook.com;Anselm183!
3188;flavio.sacristan522@outlook.com;Flavio789!
3189;sebastian.lucena900@gmail.com;Sebast926123
3190;damian.roldanrodriguez265@outlook.com;Damian698123
3191;chus.ramis939@yahoo.com;Chusra397!
3192;pilar.tenorio434@outlook.com;Pilart384123
3193;judith.sala185@gmail.com;Judith452123
3194;begona.irma767@yahoo.com;Begona485@
3195;odalis.solis475@gmail.com;Odalis796@
3196;amelia.rosario507@gmail.com;Amelia469_
3197;encarnacion.de943@hotmail.com;Encarn3482026
3198;cloe.del393@gmail.com;Cloede857!
3199;gema.jove924@hotmail.com;Gemajo8202026
3200;dionisia.cueto164@hotmail.com;Dionis511#
3201;amando.del931@gmail.com;Amando206123
3202;dan.giralt211@hotmail.com;Dangir874@
3203;coral.del996@outlook.com;Corald417_
3204;humberto.pulido520@gmail.com;Humber371@
3205;fidela.fiolgutierrez530@outlook.com;Fidela445_
3206;rogelio.ciriaco701@hotmail.com;Rogeli4772026
3207;florencio.fernandez768@hotmail.com;Floren760123
3208;carolina.catalan743@outlook.com;Caroli543@
3209;saturnino.palacios31@outlook.com;Saturn746@
3210;hector.fernandezmorante38@hotmail.com;Hector458123
3211;santiago.perello848@gmail.com;Santia781_
3212;marciano.romero232@hotmail.com;Marcia7012026
3213;edelmira.lopez99@gmail.com;Edelmi481#
3214;climaco.gallo852@outlook.com;Climac690@
3215;eloy.pinedo115@yahoo.com;Eloypi457123
3216;jose.maria434@yahoo.com;Josema768_
3217;eric.chaparro961@gmail.com;Ericch192!
3218;rico.lagunadaza503@hotmail.com;Ricola207_
3219;fidel.de156@yahoo.com;Fideld523#
3220;anastasio.jurado173@hotmail.com;Anasta125123
3221;gustavo.mohamed21@outlook.com;Gustav6592026
3222;florentino.molina101@hotmail.com;Floren104_
3223;ulises.de264@outlook.com;Ulises792@
3224;consuelo.de927@hotmail.com;Consue844#
3225;luciano.somoza488@yahoo.com;Lucian638123
3226;ale.barberozurita797@outlook.com;Alebar690_
3227;jorge.vendrell983@hotmail.com;Jorgev450_
3228;julia.carolina399@gmail.com;Juliac984123
3229;dimas.mugica286@yahoo.com;Dimasm473!
3230;ambrosio.del300@outlook.com;Ambros222#
3231;domingo.de803@yahoo.com;Doming294_
3232;esperanza.alcaraz730@outlook.com;Espera524!
3233;lupe.portillo483@hotmail.com;Lupepo767123
3234;leonardo.morell378@gmail.com;Leonar817@
3235;charo.de603@gmail.com;Charod873123
3236;faustino.mayoral316@outlook.com;Fausti621#
3237;carla.fuente952@outlook.com;Carlaf324@
3238;aureliano.fuentes462@outlook.com;Aureli677@
3239;leire.redondo424@hotmail.com;Leirer752!
3240;che.ferrandiz68@yahoo.com;Chefer680#
3241;lino.campo818@yahoo.com;Linoca142!
3242;iris.ayllon865@yahoo.com;Irisay393123
3243;apolinar.solanosuarez410@outlook.com;Apolin702_
3244;chema.maximo736@hotmail.com;Chemam664!
3245;maria.alberto442@outlook.com;Mariaa520#
3246;calixto.gimenez812@yahoo.com;Calixt7102026
3247;renato.roblesmarmol410@outlook.com;Renato6532026
3248;tono.simon917@outlook.com;Tonosi748!
3249;ricardo.rochacarnero924@outlook.com;Ricard287#
3250;fermin.atienza772@outlook.com;Fermin815@
3251;faustino.andreschamorro249@outlook.com;Fausti1212026
3252;teo.lucas253@gmail.com;Teoluc379#
3253;fabian.daza142@yahoo.com;Fabian777!
3254;nilda.saavedraserra549@outlook.com;Nildas263_
3255;hernando.perea26@yahoo.com;Hernan414#
3256;soraya.miro625@yahoo.com;Soraya888_
3257;leire.pont642@yahoo.com;Leirep2452026
3258;claudio.pinol608@gmail.com;Claudi281!
3259;jose.manuel997@gmail.com;Josema3562026
3260;guadalupe.jodar723@hotmail.com;Guadal6422026
3261;ainara.carbajoangulo421@outlook.com;Ainara8872026
3262;eustaquio.frutos170@outlook.com;Eustaq256#
3263;duilio.gelabertcalzada301@hotmail.com;Duilio1512026
3264;juan.manuel779@hotmail.com;Juanma156_
3265;vilma.hervia626@outlook.com;Vilmah294@
3266;fermin.caceres941@gmail.com;Fermin284#
3267;alicia.maria435@outlook.com;Alicia8122026
3268;maxima.navas548@gmail.com;Maxima674#
3269;elpidio.cuenca241@yahoo.com;Elpidi929!
3270;ximena.segovia595@outlook.com;Ximena6232026
3271;isaura.bastida586@yahoo.com;Isaura183_
3272;damian.juan533@gmail.com;Damian322#
3273;corona.sala994@hotmail.com;Corona157_
3274;albert.sosa10@outlook.com;Albert561123
3275;yago.ribas793@gmail.com;Yagori951!
3276;marcio.perera759@gmail.com;Marcio4022026
3277;juan.francisco46@gmail.com;Juanfr266#
3278;gloria.pinol407@gmail.com;Gloria154@
3279;nicolasa.luisa776@yahoo.com;Nicola3422026
3280;maxi.palomar15@outlook.com;Maxipa982123
3281;maria.carmen692@gmail.com;Mariac264123
3282;hector.corbacho96@hotmail.com;Hector851123
3283;anunciacion.andrade31@outlook.com;Anunci1512026
3284;artemio.del314@yahoo.com;Artemi656_
3285;romulo.vazquez203@gmail.com;Romulo177_
3286;pascual.del402@hotmail.com;Pascua802#
3287;juanita.pazos475@outlook.com;Juanit863#
3288;leocadio.palomares620@gmail.com;Leocad476@
3289;ana.belen41@gmail.com;Anabel771!
3290;renato.verdejo500@yahoo.com;Renato4802026
3291;cloe.del95@gmail.com;Cloede506@
3292;calixto.alarconprada514@gmail.com;Calixt538123
3293;guillermo.francisco225@gmail.com;Guille142@
3294;candido.arnau261@yahoo.com;Candid313!
3295;pedro.marmol84@yahoo.com;Pedrom966123
3296;luz.vilar134@gmail.com;Luzvil993123
3297;cesar.barral527@gmail.com;Cesarb908123
3298;etelvina.de603@yahoo.com;Etelvi2552026
3299;victor.silvio67@outlook.com;Victor704_
3300;gloria.alvaro245@yahoo.com;Gloria687!
3301;nacio.olmedo360@outlook.com;Nacioo3842026
3302;noemi.tello245@gmail.com;Noemit226#
3303;eleuterio.gabriel942@outlook.com;Eleute9252026
3304;pio.del831@yahoo.com;Piodel171!
3305;patricio.pachecopatino713@yahoo.com;Patric667_
3306;coral.del625@gmail.com;Corald181#
3307;aaron.del456@gmail.com;Aarond528#
3308;celestina.catala709@outlook.com;Celest6232026
3309;nuria.marin306@yahoo.com;Nuriam300_
3310;alejandro.marquez58@yahoo.com;Alejan541#
3311;nadia.elias912@gmail.com;Nadiae752!
3312;narcisa.acedo411@yahoo.com;Narcis1872026
3313;severo.villaverde821@gmail.com;Severo118123
3314;climaco.lujan902@hotmail.com;Climac471@
3315;concepcion.pont522@outlook.com;Concep575123
3316;samuel.de789@outlook.com;Samuel852123
3317;rebeca.tellococa899@hotmail.com;Rebeca713#
3318;encarnita.iris374@yahoo.com;Encarn373!
3319;nacio.fabregasbotella106@gmail.com;Naciof486#
3320;vera.garay226@hotmail.com;Veraga282#
3321;sergio.masdaza556@outlook.com;Sergio225!
3322;teresita.octavia12@yahoo.com;Teresi449123
3323;maria.fernanda346@yahoo.com;Mariaf980!
3324;joel.pablo369@gmail.com;Joelpa626!
3325;alcides.rivera796@outlook.com;Alcide767@
3326;nando.felix483@hotmail.com;Nandof767123
3327;cayetana.feijoo310@hotmail.com;Cayeta604!
3328;luna.lopezolivera917@gmail.com;Lunalo450!
3329;odalis.sanjuan123@gmail.com;Odalis936!
3330;ingrid.menendez158@yahoo.com;Ingrid276_
3331;ismael.losadarivera365@gmail.com;Ismael968@
3332;herminio.hierro369@outlook.com;Hermin202#
3333;rosendo.jimenez739@hotmail.com;Rosend470_
3334;flavio.calvetfrutos241@gmail.com;Flavio604!
3335;pastora.ricart582@yahoo.com;Pastor649@
3336;liliana.polo491@gmail.com;Lilian9182026
3337;remigio.de50@yahoo.com;Remigi927#
3338;eusebia.alfaro309@yahoo.com;Eusebi851!
3339;cipriano.prat900@gmail.com;Cipria247123
3340;susana.mayo927@gmail.com;Susana437!
3341;felicia.solis397@gmail.com;Felici972!
3342;candelario.valencia716@outlook.com;Candel230#
3343;jose.mari660@outlook.com;Josema774@
3344;teobaldo.estevez704@outlook.com;Teobal901!
3345;raul.carbajo549@hotmail.com;Raulca914!
3346;ruperta.morantevillar368@yahoo.com;Rupert117_
3347;maxi.badia813@gmail.com;Maxiba711_
3348;alfonso.ruano176@hotmail.com;Alfons328!
3349;guadalupe.vazquez717@gmail.com;Guadal876@
3350;pablo.blanco710@gmail.com;Pablob101#
3351;etelvina.bibiana571@gmail.com;Etelvi336#
3352;maria.del387@yahoo.com;Mariad770_
3353;enrique.amoros886@hotmail.com;Enriqu215#
3354;angela.velasco462@hotmail.com;Angela456!
3355;amancio.samuel823@outlook.com;Amanci919_
3356;mariana.espana595@gmail.com;Marian567@
3357;noa.de411@hotmail.com;Noadem303_
3358;rosalia.ferrandez564@yahoo.com;Rosali733_
3359;pilar.ayala333@gmail.com;Pilara284_
3360;miguela.salmeron230@yahoo.com;Miguel545@
3361;jose.maria474@yahoo.com;Josema650!
3362;sabas.de678@gmail.com;Sabasd735_
3363;raul.jaume678@outlook.com;Raulja432@
3364;odalys.carranza539@yahoo.com;Odalys1282026
3365;bernardino.maldonado502@outlook.com;Bernar709123
3366;baltasar.vizcaino919@yahoo.com;Baltas401_
3367;edelmira.cuellar246@outlook.com;Edelmi359_
3368;aura.parejo53@outlook.com;Aurapa695@
3369;roman.cristian712@gmail.com;Romanc489#
3370;modesta.sales141@outlook.com;Modest538#
3371;marciano.eduardo95@outlook.com;Marcia820@
3372;asdrubal.palau76@yahoo.com;Asdrub851@
3373;nadia.florina289@hotmail.com;Nadiaf962#
3374;marcial.pomares322@hotmail.com;Marcia698#
3375;marcela.monreal357@yahoo.com;Marcel603123
3376;primitivo.del182@yahoo.com;Primit476#
3377;charo.de481@gmail.com;Charod748@
3378;antonio.quero562@gmail.com;Antoni369@
3379;joaquin.amador904@outlook.com;Joaqui988!
3380;jose.leonaguila18@outlook.com;Josele699123
3381;edelmiro.albero820@hotmail.com;Edelmi870@
3382;patricio.gimenezarroyo816@outlook.com;Patric1642026
3383;cirino.de47@yahoo.com;Cirino6792026
3384;artemio.severo314@gmail.com;Artemi681#
3385;estrella.alfonso972@hotmail.com;Estrel606123
3386;teresita.hoyos505@outlook.com;Teresi717!
3387;nicolas.conesa256@hotmail.com;Nicola494123
3388;alonso.crespi736@outlook.com;Alonso6452026
3389;mireia.esmeralda202@yahoo.com;Mireia117!
3390;salud.carrillo710@yahoo.com;Saludc835#
3391;purificacion.sabater286@hotmail.com;Purifi312_
3392;pastor.gomez569@yahoo.com;Pastor902123
3393;roman.moreno601@outlook.com;Romanm582123
3394;miguela.querol608@outlook.com;Miguel946123
3395;maria.carmen326@yahoo.com;Mariac509123
3396;violeta.murillo517@yahoo.com;Violet9272026
3397;odalys.enriquez368@gmail.com;Odalys559#
3398;renata.del609@yahoo.com;Renata874!
3399;irene.salvadorsans262@hotmail.com;Irenes756#
3400;aura.lourdes593@yahoo.com;Auralo223!
3401;carmina.ojeda548@gmail.com;Carmin5072026
3402;ulises.roman690@hotmail.com;Ulises2062026
3403;esther.casanovas157@gmail.com;Esther290#
3404;patricio.mauricio394@yahoo.com;Patric936#
3405;ricarda.beltran403@outlook.com;Ricard2392026
3406;alonso.belda663@yahoo.com;Alonso492#
3407;carmina.duarte219@yahoo.com;Carmin604@
3408;juan.manuel377@hotmail.com;Juanma169#
3409;olimpia.salamanca721@gmail.com;Olimpi342123
3410;leonardo.montero791@yahoo.com;Leonar786123
3411;jose.luis199@gmail.com;Joselu389#
3412;pastor.de414@gmail.com;Pastor5662026
3413;florencia.roura913@gmail.com;Floren333@
3414;dominga.america769@outlook.com;Doming9532026
3415;leandro.de157@outlook.com;Leandr822!
3416;cecilia.orozco919@outlook.com;Cecili3872026
3417;gil.agustin281@hotmail.com;Gilagu125_
3418;lucia.barros242@gmail.com;Luciab1952026
3419;leon.mateos75@yahoo.com;Leonma335@
3420;edelmiro.diez294@gmail.com;Edelmi910#
3421;eusebia.gonzalez129@hotmail.com;Eusebi106@
3422;miguela.cuenca687@yahoo.com;Miguel413123
3423;juan.alamo785@gmail.com;Juanal948123
3424;fermin.del418@outlook.com;Fermin177_
3425;gonzalo.solis610@yahoo.com;Gonzal360#
3426;gabino.roman589@hotmail.com;Gabino2852026
3427;silvia.rosalia92@outlook.com;Silvia829123
3428;evaristo.garces967@hotmail.com;Evaris116!
3429;maria.jose460@gmail.com;Mariaj193#
3430;berto.miro913@outlook.com;Bertom450_
3431;emma.murcia720@hotmail.com;Emmamu3372026
3432;juan.flor79@yahoo.com;Juanfl838@
3433;emelina.barriga315@hotmail.com;Emelin797#
3434;vasco.pavon443@yahoo.com;Vascop265_
3435;isaura.constanza805@yahoo.com;Isaura677_
3436;cloe.llobet696@gmail.com;Cloell3372026
3437;mirta.montenegro712@outlook.com;Mirtam267123
3438;berto.tormo292@gmail.com;Bertot604@
3439;leandro.conesa300@hotmail.com;Leandr5912026
3440;modesto.quirogapeiro616@yahoo.com;Modest682!
3441;artemio.anglada315@gmail.com;Artemi9192026
3442;guadalupe.baeza189@gmail.com;Guadal811!
3443;jacinto.estevezcarranza720@gmail.com;Jacint924#
3444;beatriz.feliciana409@outlook.com;Beatri112!
3445;mateo.villalonga716@yahoo.com;Mateov526@
3446;dani.anibal867@hotmail.com;Danian130!
3447;ximena.lozano681@hotmail.com;Ximena272123
3448;victoriano.carranza447@gmail.com;Victor892_
3449;leonor.segarraelias392@yahoo.com;Leonor780@
3450;armida.leonaguilera331@hotmail.com;Armida872@
3451;leopoldo.trujilloalfaro607@hotmail.com;Leopol476!
3452;angelino.cardenas279@yahoo.com;Angeli486_
3453;borja.del858@hotmail.com;Borjad980_
3454;dani.carrasco804@outlook.com;Danica280_
3455;artemio.arce496@yahoo.com;Artemi482!
3456;agata.llorente126@gmail.com;Agatal779!
3457;feliciana.jaracortina11@yahoo.com;Felici855!
3458;rosa.maria222@outlook.com;Rosama248_
3459;magdalena.colomer590@outlook.com;Magdal457_
3460;rodrigo.calvet891@outlook.com;Rodrig527_
3461;fortunata.llorens714@hotmail.com;Fortun3432026
3462;nayara.portero405@gmail.com;Nayara776123
3463;jennifer.del526@outlook.com;Jennif545!
3464;josep.escamilla171@outlook.com;Josepe779@
3465;buenaventura.rojasmanrique391@yahoo.com;Buenav151123
3466;joel.rivera989@hotmail.com;Joelri7812026
3467;luisa.vizcaino35@gmail.com;Luisav383!
3468;venceslas.moreno886@outlook.com;Vences119@
3469;jessica.blascoberenguer166@hotmail.com;Jessic766@
3470;amada.acosta227@outlook.com;Amadaa7182026
3471;dorita.de577@yahoo.com;Dorita702!
3472;sofia.cuadrado15@gmail.com;Sofiac649_
3473;fatima.alarcon907@outlook.com;Fatima651!
3474;domingo.morantealcolea94@outlook.com;Doming410@
3475;efrain.cuellar916@gmail.com;Efrain512123
3476;gabriel.ferrerocaparros76@gmail.com;Gabrie237@
3477;maria.martinez999@hotmail.com;Mariam495#
3478;ambrosio.hervas271@gmail.com;Ambros569123
3479;violeta.bolanos824@hotmail.com;Violet2372026
3480;gustavo.guillen552@yahoo.com;Gustav967123
3481;leire.puente392@gmail.com;Leirep855!
3482;crescencia.berta963@yahoo.com;Cresce730_
3483;graciela.melendez742@gmail.com;Gracie182@
3484;hipolito.mulet541@yahoo.com;Hipoli852@
3485;augusto.mercader48@outlook.com;August885_
3486;jeronimo.linares345@hotmail.com;Jeroni793_
3487;ciriaco.sevillano920@hotmail.com;Ciriac4212026
3488;nazaret.diez707@yahoo.com;Nazare525!
3489;encarnacion.del742@hotmail.com;Encarn425_
3490;venceslas.padilla33@yahoo.com;Vences527@
3491;elisabet.sabater430@gmail.com;Elisab177@
3492;ramiro.llorente238@outlook.com;Ramiro857#
3493;felicia.amada992@outlook.com;Felici471!
3494;javiera.fonseca562@hotmail.com;Javier599!
3495;jose.josep933@yahoo.com;Josejo425@
3496;hugo.rocha485@gmail.com;Hugoro714!
3497;marcia.batlle100@outlook.com;Marcia783!
3498;saturnino.martinez805@outlook.com;Saturn792@
3499;eugenio.moreno349@outlook.com;Eugeni119@
3500;oriana.rodriguez607@gmail.com;Oriana912123
3501;toribio.ojeda20@yahoo.com;Toribi732#
3502;fabricio.fajardo654@gmail.com;Fabric962123
3503;miguel.arnaiz464@yahoo.com;Miguel9762026
3504;jose.luis269@hotmail.com;Joselu826@
3505;candida.lillo115@outlook.com;Candid938#
3506;nereida.del931@yahoo.com;Nereid739_
3507;ruth.castejon821@yahoo.com;Ruthca569!
3508;herberto.alvarado874@hotmail.com;Herber853123
3509;bibiana.del29@hotmail.com;Bibian562@
3510;pedro.de728@hotmail.com;Pedrod1582026
3511;narciso.bonet11@outlook.com;Narcis6822026
3512;teobaldo.de942@hotmail.com;Teobal728@
3513;elisabet.exposito80@yahoo.com;Elisab764!
3514;remedios.de651@outlook.com;Remedi9022026
3515;sofia.pedrosa698@outlook.com;Sofiap572@
3516;delfina.cabezas945@outlook.com;Delfin1992026
3517;ascension.manrique303@outlook.com;Ascens619@
3518;guiomar.cuesta198@gmail.com;Guioma6272026
3519;irene.del933@gmail.com;Irened784#
3520;carla.figueras767@yahoo.com;Carlaf155_
3521;natalia.blanchcabello230@gmail.com;Natali310!
3522;jorge.ochoa524@gmail.com;Jorgeo901_
3523;augusto.jover522@gmail.com;August717123
3524;manu.hervas689@gmail.com;Manuhe350_
3525;graciano.arroyo549@outlook.com;Gracia520_
3526;candido.moliner861@outlook.com;Candid583#
3527;clara.girona593@hotmail.com;Clarag733123
3528;lope.valenzuela918@yahoo.com;Lopeva724123
3529;ariel.rosadofabra278@yahoo.com;Arielr916!
3530;corona.paula954@outlook.com;Corona783@
3531;magdalena.pena718@outlook.com;Magdal173#
3532;anacleto.segura58@hotmail.com;Anacle761!
3533;maria.dolores713@yahoo.com;Mariad261_
3534;tristan.hernando140@outlook.com;Trista503123
3535;reyna.serrano855@gmail.com;Reynas940@
3536;elisa.manrique117@hotmail.com;Elisam107_
3537;florencio.de185@hotmail.com;Floren877123
3538;emelina.valencia235@outlook.com;Emelin467123
3539;judith.pinol748@yahoo.com;Judith246_
3540;marisol.vargas674@hotmail.com;Mariso487!
3541;marco.rico796@hotmail.com;Marcor329!
3542;dulce.vilalta834@gmail.com;Dulcev520#
3543;heliodoro.anguitamayol431@hotmail.com;Heliod138@
3544;adriana.rosales138@yahoo.com;Adrian904_
3545;edelmiro.pont252@hotmail.com;Edelmi484_
3546;pepito.ribes880@yahoo.com;Pepito8442026
3547;manuelita.tejero194@yahoo.com;Manuel6112026
3548;paco.de541@outlook.com;Pacode566!
3549;aranzazu.revilla834@gmail.com;Aranza758!
3550;maria.teresa878@gmail.com;Mariat329_
3551;balduino.de12@gmail.com;Baldui334_
3552;ramiro.ramiro616@outlook.com;Ramiro953@
3553;venceslas.pinadominguez810@yahoo.com;Vences281#
3554;olivia.trillo639@outlook.com;Olivia8552026
3555;amparo.manso539@yahoo.com;Amparo482_
3556;bautista.de594@gmail.com;Bautis776123
3557;adora.pina726@hotmail.com;Adorap381!
3558;teofilo.botella644@hotmail.com;Teofil216123
3559;goyo.moll666@gmail.com;Goyomo875_
3560;hermenegildo.barco22@yahoo.com;Hermen985123
3561;alcides.palomar624@outlook.com;Alcide702!
3562;cristian.de837@gmail.com;Cristi558!
3563;marianela.reyes872@outlook.com;Marian702!
3564;encarna.oliver389@outlook.com;Encarn321!
3565;candelas.pardo513@yahoo.com;Candel146_
3566;jacinta.sobrino353@yahoo.com;Jacint904_
3567;apolinar.galiano548@gmail.com;Apolin660123
3568;santos.bueno101@hotmail.com;Santos661!
3569;agustin.martinezbarba716@yahoo.com;Agusti186123
3570;etelvina.del612@gmail.com;Etelvi415_
3571;heraclio.roldanabellan436@hotmail.com;Heracl5172026
3572;adan.francisco990@gmail.com;Adanfr957@
3573;herminia.del875@yahoo.com;Hermin179_
3574;cruz.chamorro444@gmail.com;Cruzch572_
3575;herminia.coronado887@outlook.com;Hermin322123
3576;obdulia.serrano353@hotmail.com;Obduli696123
3577;ramon.de706@gmail.com;Ramond350123
3578;roberto.balaguer413@gmail.com;Robert510#
3579;flavio.jorda143@yahoo.com;Flavio471#
3580;barbara.landa110@gmail.com;Barbar874_
3581;che.alonso301@outlook.com;Chealo753!
3582;jeremias.patino353@yahoo.com;Jeremi6932026
3583;isidro.morera415@gmail.com;Isidro7502026
3584;saturnina.fuentes308@gmail.com;Saturn866_
3585;abril.barco717@yahoo.com;Abrilb994_
3586;eligia.prats170@yahoo.com;Eligia8502026
3587;chema.echevarria994@yahoo.com;Chemae154_
3588;toni.del926@yahoo.com;Tonide644@
3589;camilo.aleman392@gmail.com;Camilo176#
3590;petrona.dieguez508@outlook.com;Petron718!
3591;matias.riveramosquera18@gmail.com;Matias827#
3592;basilio.prieto243@hotmail.com;Basili660!
3593;florencio.carrasco741@outlook.com;Floren348_
3594;lara.ingrid944@hotmail.com;Larain689#
3595;eloisa.del859@outlook.com;Eloisa657#
3596;yolanda.del663@hotmail.com;Yoland933@
3597;gala.tenorioferrandez219@gmail.com;Galate2292026
3598;jesusa.bejarano667@yahoo.com;Jesusa419123
3599;emilio.chus253@hotmail.com;Emilio1842026
3600;manolo.vilanova896@hotmail.com;Manolo5602026
3601;berto.almansa219@gmail.com;Bertoa835!
3602;demetrio.ramis909@outlook.com;Demetr1362026
3603;calixto.carrion12@hotmail.com;Calixt6212026
3604;teresita.clarisa863@hotmail.com;Teresi209_
3605;hipolito.zaragoza857@gmail.com;Hipoli200_
3606;iris.rios626@outlook.com;Irisri491123
3607;alex.bermejo477@hotmail.com;Alexbe279@
3608;isidoro.ayala415@gmail.com;Isidor903123
3609;jose.angel533@yahoo.com;Josean6952026
3610;cleto.mayoral88@gmail.com;Cletom728123
3611;regulo.catalan650@outlook.com;Regulo621@
3612;manuelita.del488@hotmail.com;Manuel181@
3613;angel.arnaiz234@outlook.com;Angela5672026
3614;noelia.ainoa130@hotmail.com;Noelia537!
3615;leyre.elorza78@outlook.com;Leyree623#
3616;arturo.abella323@gmail.com;Arturo784_
3617;fanny.cuervo641@outlook.com;Fannyc702#
3618;jose.manuel924@hotmail.com;Josema741#
3619;anna.castrillo481@gmail.com;Annaca507_
3620;roque.benavides793@outlook.com;Roqueb236#
3621;horacio.prats604@outlook.com;Horaci564!
3622;nazaret.asensio218@outlook.com;Nazare397_
3623;salomon.zorrilla844@yahoo.com;Salomo818#
3624;sabas.abril946@hotmail.com;Sabasa1122026
3625;noa.rodrigo594@hotmail.com;Noarod379!
3626;miguela.zabala217@yahoo.com;Miguel5762026
3627;lucio.de154@gmail.com;Luciod383!
3628;isaac.cardenasvillalba834@hotmail.com;Isaacc767!
3629;paco.ropero394@gmail.com;Pacoro128@
3630;ana.alberdi710@gmail.com;Anaalb922_
3631;ruben.espinosa235@gmail.com;Rubene1042026
3632;cristina.agusti131@yahoo.com;Cristi244#
3633;gala.tapia102@outlook.com;Galata683!
3634;soledad.vara156@gmail.com;Soleda283_
3635;porfirio.fernandez807@gmail.com;Porfir9522026
3636;ana.perea660@yahoo.com;Anaper349123
3637;fausto.barral409@outlook.com;Fausto652@
3638;jose.manuel990@yahoo.com;Josema984@
3639;salud.burgos835@outlook.com;Saludb781_
3640;felipa.saenz96@hotmail.com;Felipa571@
3641;maria.dolores387@outlook.com;Mariad368@
3642;florencio.adanvelasco801@outlook.com;Floren572!
3643;vanesa.llano226@hotmail.com;Vanesa395#
3644;fabiola.mari960@hotmail.com;Fabiol398_
3645;alejo.rochatejero226@outlook.com;Alejor742@
3646;dolores.de562@gmail.com;Dolore660#
3647;cintia.caparros632@outlook.com;Cintia168@
3648;gustavo.palau493@outlook.com;Gustav635_
3649;pastora.rosales661@outlook.com;Pastor306!
3650;jesus.gonzalez732@yahoo.com;Jesusg979_
3651;porfirio.lorenzo902@gmail.com;Porfir845_
3652;maria.del172@yahoo.com;Mariad8852026
3653;faustino.aller401@hotmail.com;Fausti198_
3654;claudio.del754@yahoo.com;Claudi142#
3655;genoveva.iniesta684@gmail.com;Genove867#
3656;quique.sedano302@hotmail.com;Quique925#
3657;jacinto.garriga382@yahoo.com;Jacint590123
3658;jose.ramon702@outlook.com;Josera406123
3659;eliana.arenasboada474@yahoo.com;Eliana428123
3660;pepe.almeida416@hotmail.com;Pepeal281_
3661;rolando.del49@outlook.com;Roland594123
3662;jenny.juan247@outlook.com;Jennyj233_
3663;vanesa.del541@gmail.com;Vanesa223@
3664;ignacio.mendez548@gmail.com;Ignaci840@
3665;renata.del989@hotmail.com;Renata476!
3666;marianela.mayoral871@hotmail.com;Marian783123
3667;iker.pena260@gmail.com;Ikerpe517123
3668;evangelina.guitart769@yahoo.com;Evange846_
3669;ingrid.acedo536@hotmail.com;Ingrid148#
3670;angela.andrade646@gmail.com;Angela340#
3671;silvestre.quero417@gmail.com;Silves894123
3672;juan.bautista630@gmail.com;Juanba616#
3673;severino.tormo418@outlook.com;Severi6252026
3674;antonio.castellanos571@yahoo.com;Antoni726123
3675;martirio.marin515@hotmail.com;Martir639#
3676;concha.navas538@gmail.com;Concha597123
3677;segismundo.nicolau284@hotmail.com;Segism270!
3678;olegario.ribera65@gmail.com;Olegar307_
3679;apolonia.hortensia189@hotmail.com;Apolon383#
3680;efrain.saenz585@yahoo.com;Efrain531#
3681;isidro.manu442@hotmail.com;Isidro877@
3682;casandra.gomila728@outlook.com;Casand532123
3683;leonor.larrea636@yahoo.com;Leonor9922026
3684;liliana.company169@yahoo.com;Lilian476@
3685;julia.aguilera186@gmail.com;Juliaa229_
3686;milagros.sedano769@outlook.com;Milagr140@
3687;yolanda.alberola21@hotmail.com;Yoland558123
3688;alonso.segismundo492@hotmail.com;Alonso770!
3689;magdalena.sastre65@outlook.com;Magdal658123
3690;herminia.borras329@hotmail.com;Hermin592!
3691;ruperto.sancho527@outlook.com;Rupert326_
3692;andres.mendozatorrijos489@yahoo.com;Andres639@
3693;agata.jaen752@outlook.com;Agataj914@
3694;fabiola.arana339@yahoo.com;Fabiol7652026
3695;amor.teresa77@gmail.com;Amorte516!
3696;nicanor.ros98@gmail.com;Nicano136_
3697;edmundo.piquer954@yahoo.com;Edmund885@
3698;silvia.tur927@gmail.com;Silvia1932026
3699;fabiola.bernat485@outlook.com;Fabiol898@
3700;dario.comas648@yahoo.com;Darioc705_
3701;juan.luis594@outlook.com;Juanlu747@
3702;ramiro.montana429@gmail.com;Ramiro143@
3703;feliciano.salinas271@hotmail.com;Felici317_
3704;odalis.de309@yahoo.com;Odalis497123
3705;eliana.aramburu568@hotmail.com;Eliana1102026
3706;bienvenida.diez571@yahoo.com;Bienve755123
3707;mar.gamez219@gmail.com;Margam544_
3708;tomasa.crespisanchez677@outlook.com;Tomasa852#
3709;socorro.grau366@outlook.com;Socorr687_
3710;aura.uriarte78@gmail.com;Auraur2252026
3711;gonzalo.fabregat501@yahoo.com;Gonzal507#
3712;narcisa.arana154@gmail.com;Narcis132@
3713;rosalinda.espana358@outlook.com;Rosali910123
3714;evita.ariza980@outlook.com;Evitaa991_
3715;herminia.cabeza943@hotmail.com;Hermin425!
3716;sarita.borja546@gmail.com;Sarita4772026
3717;anastasia.bolanos141@gmail.com;Anasta904#
3718;benigno.borrego250@yahoo.com;Benign155@
3719;carlota.herrero419@hotmail.com;Carlot426123
3720;oriana.boix946@outlook.com;Oriana573_
3721;isaura.maria475@gmail.com;Isaura6452026
3722;emilio.berenguer690@yahoo.com;Emilio7252026
3723;constanza.linaresvazquez104@gmail.com;Consta279!
3724;jose.luis919@hotmail.com;Joselu540_
3725;ricarda.ropero74@gmail.com;Ricard619!
3726;julieta.arreguidalmau244@outlook.com;Juliet200#
3727;cosme.del556@outlook.com;Cosmed815#
3728;ildefonso.osuna346@yahoo.com;Ildefo556#
3729;elisabet.crespi205@yahoo.com;Elisab151@
3730;jimena.criado240@hotmail.com;Jimena6872026
3731;alicia.pellicer952@hotmail.com;Alicia6572026
3732;luis.tormo177@outlook.com;Luisto7062026
3733;amada.rocha445@hotmail.com;Amadar446123
3734;flavia.nicolasa681@gmail.com;Flavia415_
3735;paula.bosch610@outlook.com;Paulab8522026
3736;amarilis.nicolas384@outlook.com;Amaril473123
3737;cristobal.aguilar231@yahoo.com;Cristo400#
3738;evangelina.hierro449@outlook.com;Evange815_
3739;fausto.giron116@yahoo.com;Fausto721123
3740;pepito.serrano734@hotmail.com;Pepito331!
3741;elpidio.flor106@hotmail.com;Elpidi279!
3742;natividad.quero968@yahoo.com;Nativi930123
3743;leonor.azorin975@yahoo.com;Leonor7052026
3744;samuel.almagro336@gmail.com;Samuel443@
3745;bernardino.marcos19@outlook.com;Bernar147!
3746;nicodemo.heliodoro359@outlook.com;Nicode518@
3747;jennifer.boadasanchez525@yahoo.com;Jennif353123
3748;octavia.berta156@yahoo.com;Octavi9602026
3749;miriam.cortes641@outlook.com;Miriam455123
3750;rosalia.mosquera726@hotmail.com;Rosali7542026
3751;teresita.de701@gmail.com;Teresi150#
3752;santiago.del911@yahoo.com;Santia338_
3753;pelayo.noguera967@hotmail.com;Pelayo190@
3754;maxi.parra940@hotmail.com;Maxipa802_
3755;heriberto.daza327@outlook.com;Heribe2522026
3756;fermin.azorin402@hotmail.com;Fermin534_
3757;benita.roxana674@yahoo.com;Benita309_
3758;ligia.sevillano744@yahoo.com;Ligias991_
3759;guillermo.canalsibanez94@hotmail.com;Guille8882026
3760;maxi.atilio64@gmail.com;Maxiat196#
3761;crescencia.gema514@outlook.com;Cresce183123
3762;jafet.gomila516@gmail.com;Jafetg404@
3763;virgilio.tomepoza967@hotmail.com;Virgil897_
3764;arsenio.navas314@outlook.com;Arseni894#
3765;anastasio.redondo636@yahoo.com;Anasta292@
3766;martirio.zaragoza804@gmail.com;Martir875#
3767;anselma.carballo470@outlook.com;Anselm852123
3768;valerio.rolando383@hotmail.com;Valeri581!
3769;efrain.vazquez180@hotmail.com;Efrain936123
3770;veronica.canet208@gmail.com;Veroni689!
3771;hortensia.villalobos960@outlook.com;Horten143!
3772;narcisa.medina209@hotmail.com;Narcis231123
3773;almudena.chaparro799@gmail.com;Almude532_
3774;florina.ursula632@yahoo.com;Florin193@
3775;lucia.de375@gmail.com;Luciad585@
3776;edgardo.solana304@gmail.com;Edgard167@
3777;agapito.ramos549@hotmail.com;Agapit156_
3778;fanny.arellano302@yahoo.com;Fannya151_
3779;macario.de860@hotmail.com;Macari556_
3780;nazaret.graciela182@hotmail.com;Nazare712@
3781;estefania.higueras979@yahoo.com;Estefa718123
3782;leyre.tovar43@hotmail.com;Leyret398123
3783;severo.tormo391@outlook.com;Severo593!
3784;teo.arana789@hotmail.com;Teoara2392026
3785;efrain.tovar338@outlook.com;Efrain810#
3786;leandro.leal503@outlook.com;Leandr770@
3787;paulino.higueras412@yahoo.com;Paulin786123
3788;rosaura.herrera200@yahoo.com;Rosaur127_
3789;florencio.pedrosa733@outlook.com;Floren751!
3790;ligia.jacinta839@gmail.com;Ligiaj158@
3791;hernan.fontribas212@gmail.com;Hernan851#
3792;flora.fernandez267@yahoo.com;Floraf5142026
3793;yessica.soria642@outlook.com;Yessic160#
3794;roldan.pera249@yahoo.com;Roldan619@
3795;gregorio.duenas639@hotmail.com;Gregor629_
3796;mamen.carreras65@gmail.com;Mamenc471#
3797;graciela.salome104@gmail.com;Gracie469#
3798;andres.belda743@yahoo.com;Andres571!
3799;salome.bernal368@gmail.com;Salome6202026
3800;miguela.marmolvelazquez774@gmail.com;Miguel274@
3801;pelayo.ribasreyes877@gmail.com;Pelayo898123
3802;josep.solana444@hotmail.com;Joseps252_
3803;julie.de974@gmail.com;Julied7762026
3804;regina.ponce65@yahoo.com;Regina323#
3805;nestor.carbajo544@hotmail.com;Nestor819#
3806;maximo.barreda885@gmail.com;Maximo300_
3807;fernanda.baeza222@yahoo.com;Fernan929#
3808;fulgencio.de338@outlook.com;Fulgen7542026
3809;angelina.hernandez211@gmail.com;Angeli791#
3810;margarita.carmona164@gmail.com;Margar314123
3811;toni.sosa970@gmail.com;Toniso556_
3812;manu.tere189@outlook.com;Manute178123
3813;anabel.tena983@hotmail.com;Anabel262#
3814;cristian.pineda711@yahoo.com;Cristi569@
3815;paco.luis199@gmail.com;Pacolu293@
3816;cristobal.severiano184@yahoo.com;Cristo785@
3817;nico.prat106@yahoo.com;Nicopr920123
3818;edu.quesadapujol314@outlook.com;Eduque310@
3819;ingrid.cabrera825@yahoo.com;Ingrid2622026
3820;seve.ferran521@hotmail.com;Sevefe127_
3821;luciana.guitart280@outlook.com;Lucian7672026
3822;piedad.del338@outlook.com;Piedad354#
3823;jose.luis584@gmail.com;Joselu592123
3824;loreto.montes63@gmail.com;Loreto962123
3825;rebeca.del817@outlook.com;Rebeca479_
3826;maria.manuela340@outlook.com;Mariam621!
3827;ruy.valbuena985@hotmail.com;Ruyval913123
3828;melisa.nieto647@gmail.com;Melisa400#
3829;angel.quero529@hotmail.com;Angelq921_
3830;reyes.falcon186@yahoo.com;Reyesf892#
3831;fernando.buendia403@outlook.com;Fernan365123
3832;nazaret.mur546@outlook.com;Nazare1692026
3833;olegario.alcolea172@yahoo.com;Olegar898#
3834;anastasio.nogues367@yahoo.com;Anasta849_
3835;marisa.del42@hotmail.com;Marisa231123
3836;bruno.gomis479@outlook.com;Brunog532#
3837;eustaquio.carneromilla40@hotmail.com;Eustaq105@
3838;rene.plana934@outlook.com;Renepl167!
3839;maria.belen543@hotmail.com;Mariab493!
3840;pelayo.acedo152@yahoo.com;Pelayo858#
3841;demetrio.lloretarjona287@outlook.com;Demetr277#
3842;agapito.almansa232@yahoo.com;Agapit389_
3843;fortunata.canete671@yahoo.com;Fortun457!
3844;susana.de156@gmail.com;Susana643!
3845;aroa.rivera742@yahoo.com;Aroari174!
3846;alfonso.pi977@gmail.com;Alfons3452026
3847;eulalia.regina635@yahoo.com;Eulali302#
3848;rosario.gelabertvalcarcel734@hotmail.com;Rosari489@
3849;isa.oliveras301@outlook.com;Isaoli214#
3850;julie.galan697@hotmail.com;Julieg612@
3851;emilia.itziar722@yahoo.com;Emilia306!
3852;salvador.ferreraarevalo501@gmail.com;Salvad796@
3853;omar.acero879@hotmail.com;Omarac2102026
3854;toribio.orozco926@yahoo.com;Toribi4592026
3855;cleto.canals932@hotmail.com;Cletoc6192026
3856;hilario.aleman37@outlook.com;Hilari934!
3857;fatima.donoso896@yahoo.com;Fatima448@
3858;bernabe.quintero757@gmail.com;Bernab394_
3859;lorenza.trujillosaavedra357@hotmail.com;Lorenz163123
3860;hipolito.edgardo916@yahoo.com;Hipoli724!
3861;natividad.alegre250@hotmail.com;Nativi473@
3862;artemio.boix402@gmail.com;Artemi2252026
3863;nelida.del415@yahoo.com;Nelida913#
3864;francisca.saenz717@yahoo.com;Franci6872026
3865;dario.alcolea746@yahoo.com;Darioa282#
3866;aitana.mendizabal528@yahoo.com;Aitana451@
3867;rafaela.riquelme172@gmail.com;Rafael392_
3868;narciso.oliva605@yahoo.com;Narcis912123
3869;francisco.cirino472@hotmail.com;Franci972_
3870;fortunato.noriega92@outlook.com;Fortun693!
3871;julian.moll606@gmail.com;Julian943#
3872;marisol.oliver678@yahoo.com;Mariso403123
3873;ovidio.cabrera21@gmail.com;Ovidio522@
3874;salomon.dalmau666@outlook.com;Salomo911#
3875;carolina.aragones715@outlook.com;Caroli323!
3876;noemi.espana164@hotmail.com;Noemie434#
3877;ceferino.carbonell431@yahoo.com;Ceferi672!
3878;emilio.navassarabia564@yahoo.com;Emilio655123
3879;custodia.pereragiron657@gmail.com;Custod367123
3880;gerardo.de238@hotmail.com;Gerard690123
3881;faustino.gimeno282@gmail.com;Fausti724_
3882;emiliano.castells20@hotmail.com;Emilia1322026
3883;miguela.barredasevillano100@hotmail.com;Miguel607123
3884;bernarda.santana279@yahoo.com;Bernar746#
3885;nacho.ulises72@outlook.com;Nachou402_
3886;julian.quesada187@outlook.com;Julian7032026
3887;caridad.casares109@yahoo.com;Carida6562026
3888;ismael.gomez872@yahoo.com;Ismael868@
3889;dora.busquets685@hotmail.com;Dorabu476123
3890;luis.angel810@gmail.com;Luisan5142026
3891;matilde.iglesia322@hotmail.com;Matild415123
3892;domitila.alejandra851@hotmail.com;Domiti314_
3893;eulalia.ramirez104@hotmail.com;Eulali234#
3894;pia.zaragoza797@outlook.com;Piazar414#
3895;yaiza.chacon665@gmail.com;Yaizac532!
3896;goyo.vazquez678@hotmail.com;Goyova618123
3897;natalia.vidal495@hotmail.com;Natali276#
3898;rico.feijooespejo233@outlook.com;Ricofe421#
3899;aurora.losa988@outlook.com;Aurora842@
3900;amando.alarcon36@yahoo.com;Amando668123
3901;artemio.checa788@gmail.com;Artemi445!
3902;chus.berenguer38@outlook.com;Chusbe7662026
3903;luciana.pascual422@hotmail.com;Lucian1982026
3904;raquel.peinadoballesteros279@outlook.com;Raquel827123
3905;fito.fiol317@gmail.com;Fitofi868#
3906;griselda.torrecilla597@yahoo.com;Grisel655!
3907;leonel.del129@hotmail.com;Leonel374#
3908;haydee.eva351@hotmail.com;Haydee870@
3909;narcisa.manuel413@outlook.com;Narcis750!
3910;montserrat.acuna996@gmail.com;Montse165#
3911;ana.sofia581@gmail.com;Anasof981!
3912;olimpia.zorrilla740@yahoo.com;Olimpi840#
3913;urbano.reinaldo168@hotmail.com;Urbano375@
3914;corona.vinas888@gmail.com;Corona981_
3915;rafa.nunez525@outlook.com;Rafanu2392026
3916;nazaret.silva823@gmail.com;Nazare779123
3917;natalia.carrera676@hotmail.com;Natali693_
3918;armando.palmer192@outlook.com;Armand333123
3919;fatima.de185@hotmail.com;Fatima994#
3920;ulises.garces659@outlook.com;Ulises758_
3921;valerio.lozano957@hotmail.com;Valeri350!
3922;edelmira.madrid897@outlook.com;Edelmi558123
3923;florentina.pineiro287@yahoo.com;Floren347_
3924;rico.amancio511@hotmail.com;Ricoam595_
3925;valentina.canas196@gmail.com;Valent136123
3926;graciana.exposito445@hotmail.com;Gracia3292026
3927;agapito.solera860@gmail.com;Agapit172#
3928;trinidad.tolosa911@outlook.com;Trinid2692026
3929;aurelio.castrillo142@yahoo.com;Aureli194!
3930;priscila.pina752@yahoo.com;Prisci943123
3931;eusebia.cobocastell508@outlook.com;Eusebi252_
3932;florencia.de539@hotmail.com;Floren931123
3933;marianela.huerta90@outlook.com;Marian661@
3934;ciro.de910@yahoo.com;Cirode845@
3935;nando.beltran26@gmail.com;Nandob666@
3936;perla.del238@hotmail.com;Perlad1842026
3937;alfonso.de608@outlook.com;Alfons346#
3938;hipolito.aguirre955@yahoo.com;Hipoli5922026
3939;joaquina.de863@outlook.com;Joaqui538@
3940;cecilia.de93@gmail.com;Cecili585123
3941;francisco.jose864@outlook.com;Franci775#
3942;constanza.plana717@outlook.com;Consta447@
3943;balduino.vergara671@yahoo.com;Baldui962!
3944;erasmo.gimeno405@yahoo.com;Erasmo902@
3945;dorita.de719@outlook.com;Dorita204_
3946;simon.benitez774@hotmail.com;Simonb279123
3947;oriana.jove218@gmail.com;Oriana844123
3948;ana.novoa296@gmail.com;Ananov330123
3949;marcela.ferrando514@hotmail.com;Marcel905#
3950;america.cuadradohoyos161@gmail.com;Americ8402026
3951;dimas.fortunyjover954@yahoo.com;Dimasf7242026
3952;concha.canet560@hotmail.com;Concha5972026
3953;manolo.del365@yahoo.com;Manolo9382026
3954;oscar.del475@gmail.com;Oscard507@
3955;pilar.luz779@gmail.com;Pilarl658123
3956;beatriz.de520@outlook.com;Beatri777#
3957;casandra.leandra151@outlook.com;Casand668!
3958;iris.egeafuster653@gmail.com;Iriseg378!
3959;jacinta.blanch843@outlook.com;Jacint3352026
3960;vera.pineda132@yahoo.com;Verapi4852026
3961;leticia.saenz786@hotmail.com;Letici514123
3962;ignacia.riera482@outlook.com;Ignaci146!
3963;ileana.rico322@gmail.com;Ileana4122026
3964;jose.luis548@gmail.com;Joselu228123
3965;chuy.valderrama174@yahoo.com;Chuyva756_
3966;espiridion.pintor243@yahoo.com;Espiri126123
3967;chita.mesa119@gmail.com;Chitam262#
3968;montserrat.del543@yahoo.com;Montse915_
3969;odalis.rouraescolano114@yahoo.com;Odalis302_
3970;magdalena.del901@hotmail.com;Magdal8572026
3971;primitivo.bilbao393@gmail.com;Primit2992026
3972;emilio.prudencio529@yahoo.com;Emilio379#
3973;reina.del910@yahoo.com;Reinad327123
3974;xavier.de318@hotmail.com;Xavier792!
3975;ricarda.tejero628@outlook.com;Ricard592@
3976;angeles.segui201@yahoo.com;Angele133@
3977;lucho.ayllon895@yahoo.com;Luchoa541@
3978;guillermo.bermudez420@outlook.com;Guille767#
3979;abril.gabaldon12@outlook.com;Abrilg886!
3980;manolo.pelayo485@gmail.com;Manolo634_
3981;emiliana.macias585@outlook.com;Emilia652_
3982;sergio.frutos123@gmail.com;Sergio719!
3983;ramiro.olmedo79@outlook.com;Ramiro623@
3984;tiburcio.nogueira894@yahoo.com;Tiburc6072026
3985;isabela.macias457@hotmail.com;Isabel932_
3986;anastasio.zabala520@hotmail.com;Anasta310_
3987;pascuala.borrego521@outlook.com;Pascua626_
3988;iker.torrentsberenguer557@yahoo.com;Ikerto9412026
3989;nilda.sandoval329@hotmail.com;Nildas471123
3990;zaira.cardenas135@hotmail.com;Zairac306#
3991;paco.maestre550@yahoo.com;Pacoma9752026
3992;chema.benitez705@yahoo.com;Chemab253@
3993;ernesto.gracia56@outlook.com;Ernest588!
3994;santos.mendez149@hotmail.com;Santos210123
3995;mohamed.jose601@yahoo.com;Mohame884123
3996;juan.jose372@gmail.com;Juanjo721_
3997;ruy.pelaez987@gmail.com;Ruypel5752026
3998;arturo.ariascarreno776@outlook.com;Arturo850_
3999;roberto.alcazardominguez470@outlook.com;Robert446123
4000;leon.de580@gmail.com;Leonde325#
4001;ani.zorrilla31@yahoo.com;Anizor579123
4002;angelica.del750@outlook.com;Angeli727#
4003;renato.jordan108@outlook.com;Renato331_
4004;emilio.aranda357@gmail.com;Emilio884@
4005;maribel.izaguirre570@hotmail.com;Maribe388123
4006;debora.saura62@yahoo.com;Debora894#
4007;yessica.del40@gmail.com;Yessic105123
4008;conrado.mancebo913@outlook.com;Conrad333@
4009;olegario.madrigalsalinas310@hotmail.com;Olegar594@
4010;jose.angel375@gmail.com;Josean646@
4011;maria.carmen760@outlook.com;Mariac641!
4012;tere.del142@hotmail.com;Terede996@
4013;baltasar.alfonso668@hotmail.com;Baltas338!
4014;daniel.barcojara998@hotmail.com;Daniel6492026
4015;maximiliano.montalban591@yahoo.com;Maximi192_
4016;lucia.chamorroalonso219@hotmail.com;Luciac677_
4017;paola.duran818@hotmail.com;Paolad476123
4018;amor.pallars852@gmail.com;Amorpa619@
4019;vanesa.contreras683@gmail.com;Vanesa267#
4020;julian.eusebio186@hotmail.com;Julian7972026
4021;salvador.de159@yahoo.com;Salvad547@
4022;malena.talavera553@hotmail.com;Malena324@
4023;felix.escamilla990@outlook.com;Felixe784!
4024;felix.roura380@gmail.com;Felixr3342026
4025;rosario.torralba118@hotmail.com;Rosari617!
4026;juan.jose410@yahoo.com;Juanjo670!
4027;ursula.hernandez296@outlook.com;Ursula833_
4028;baldomero.figueras801@gmail.com;Baldom6562026
4029;samanta.mata956@yahoo.com;Samant807!
4030;faustino.del274@outlook.com;Fausti597#
4031;jose.luis901@gmail.com;Joselu1292026
4032;violeta.azahar739@yahoo.com;Violet696@
4033;bernardo.banos558@yahoo.com;Bernar641#
4034;otilia.carlota487@gmail.com;Otilia1292026
4035;jose.luis597@outlook.com;Joselu179#
4036;ani.cid145@hotmail.com;Anicid542_
4037;gerardo.gomilagaya72@hotmail.com;Gerard951@
4038;rosalinda.belmonte482@yahoo.com;Rosali973!
4039;severiano.arribas343@hotmail.com;Severi127123
4040;agapito.reinacortes690@outlook.com;Agapit602#
4041;merche.rosalia191@yahoo.com;Merche995_
4042;perlita.cabrera192@gmail.com;Perlit698123
4043;ruben.menendezcarpio646@hotmail.com;Rubenm984@
4044;bibiana.de798@hotmail.com;Bibian830!
4045;americo.carreno942@hotmail.com;Americ999123
4046;ingrid.moralessantamaria257@gmail.com;Ingrid770#
4047;elodia.prat161@gmail.com;Elodia814_
4048;moreno.mayol668@gmail.com;Moreno3962026
4049;demetrio.vizcainonavarro763@gmail.com;Demetr773_
4050;zaira.de327@yahoo.com;Zairad941!
4051;atilio.trilloarnaiz491@hotmail.com;Atilio2242026
4052;sigfrido.palma657@gmail.com;Sigfri519#
4053;adoracion.tapia611@hotmail.com;Adorac708!
4054;rafael.gallego805@yahoo.com;Rafael963@
4055;febe.reina325@outlook.com;Febere963!
4056;javiera.luis597@outlook.com;Javier3202026
4057;ricardo.crespo271@hotmail.com;Ricard247_
4058;jose.angel858@outlook.com;Josean516!
4059;quirino.ochoa820@hotmail.com;Quirin424#
4060;maximiano.montero284@outlook.com;Maximi602_
4061;gabriel.gomila183@gmail.com;Gabrie590_
4062;moreno.fermin729@outlook.com;Moreno834@
4063;narcisa.alcolea908@hotmail.com;Narcis299@
4064;calixto.cortina426@outlook.com;Calixt124123
4065;marino.de969@yahoo.com;Marino568#
4066;samuel.gargallo174@yahoo.com;Samuel562!
4067;aura.lorena745@yahoo.com;Auralo383123
4068;clementina.raquel395@gmail.com;Clemen719123
4069;lisandro.leonmurcia420@hotmail.com;Lisand476#
4070;anselma.otero588@yahoo.com;Anselm924#
4071;remigio.gibert303@gmail.com;Remigi518#
4072;custodia.valenciano343@yahoo.com;Custod733_
4073;ceferino.edgar49@yahoo.com;Ceferi709_
4074;jose.carlos195@gmail.com;Joseca910!
4075;candida.pascuala777@hotmail.com;Candid840_
4076;flavia.baquerobarrio541@gmail.com;Flavia962#
4077;americo.vilaplana241@gmail.com;Americ4182026
4078;chus.pombo575@yahoo.com;Chuspo482@
4079;anunciacion.porterotorrijos872@gmail.com;Anunci742@
4080;maria.jesus642@gmail.com;Mariaj349@
4081;vicenta.paredes39@outlook.com;Vicent2312026
4082;josefa.alcalde11@outlook.com;Josefa512#
4083;francisco.correa504@hotmail.com;Franci4982026
4084;nerea.correa313@hotmail.com;Nereac825#
4085;eugenia.trini114@yahoo.com;Eugeni114@
4086;andres.felipe894@gmail.com;Andres4072026
4087;jose.francisco605@hotmail.com;Josefr312!
4088;luz.fernandez146@gmail.com;Luzfer717#
4089;jacinta.camara159@gmail.com;Jacint753#
4090;francisca.cases758@gmail.com;Franci357!
4091;bartolome.anselmo740@gmail.com;Bartol302@
4092;concepcion.alarcon613@yahoo.com;Concep420#
4093;silvia.amigohernando965@gmail.com;Silvia285#
4094;jose.antonio241@yahoo.com;Josean390_
4095;aristides.de689@yahoo.com;Aristi558@
4096;zacarias.flor623@hotmail.com;Zacari463@
4097;amanda.leyre939@hotmail.com;Amanda9582026
4098;faustino.jimenez136@yahoo.com;Fausti265_
4099;sancho.segarra26@outlook.com;Sancho276123
4100;pio.comasacosta911@outlook.com;Piocom696!
4101;tamara.puig716@outlook.com;Tamara623@
4102;maria.belen265@yahoo.com;Mariab644123
4103;aaron.sevillanomur971@hotmail.com;Aarons2962026
4104;tomas.izaguirrehuerta10@hotmail.com;Tomasi992123
4105;angelino.rufino312@gmail.com;Angeli951_
4106;maricela.chaparrocanet953@gmail.com;Marice610#
4107;consuelo.del751@outlook.com;Consue6822026
4108;bernabe.urena685@yahoo.com;Bernab123#
4109;carmela.paulina96@yahoo.com;Carmel408_
4110;gisela.de836@hotmail.com;Gisela963@
4111;raquel.palma135@outlook.com;Raquel3702026
4112;hector.sanmiguel865@gmail.com;Hector778#
4113;pia.paloma485@yahoo.com;Piapal200@
4114;eliana.crespi847@outlook.com;Eliana8622026
4115;ester.losadamena950@yahoo.com;Esterl904#
4116;jose.antonio534@hotmail.com;Josean815#
4117;gervasio.de514@yahoo.com;Gervas958_
4118;miguel.lamas125@hotmail.com;Miguel303_
4119;macario.adadia231@yahoo.com;Macari977123
4120;roldan.martinez938@yahoo.com;Roldan889123
4121;julio.gimenez559@gmail.com;Juliog425!
4122;isaias.canet403@hotmail.com;Isaias631_
4123;manola.susana311@yahoo.com;Manola927@
4124;monica.feliu346@gmail.com;Monica920#
4125;merche.aparicio881@hotmail.com;Merche105_
4126;anastasia.barrera497@hotmail.com;Anasta245_
4127;isaac.lopez733@gmail.com;Isaacl839_
4128;alondra.alcoleacasals408@yahoo.com;Alondr607_
4129;miguel.alcaraz134@outlook.com;Miguel859@
4130;manuel.moreno112@hotmail.com;Manuel3072026
4131;anabel.del615@hotmail.com;Anabel4002026
4132;elba.pujadas506@hotmail.com;Elbapu2102026
4133;josue.guitart707@hotmail.com;Josueg6072026
4134;ruperta.casanova415@yahoo.com;Rupert879@
4135;candido.alvaro55@hotmail.com;Candid195!
4136;primitivo.losada837@outlook.com;Primit220123
4137;saturnina.vila31@hotmail.com;Saturn407_
4138;noe.cornejo807@yahoo.com;Noecor457!
4139;felipe.oliva762@outlook.com;Felipe656@
4140;pacifica.bernad884@gmail.com;Pacifi214_
4141;florencio.de366@outlook.com;Floren145#
4142;maria.belen645@hotmail.com;Mariab461123
4143;carlos.teruel487@hotmail.com;Carlos735#
4144;perla.leonisern462@gmail.com;Perlal702@
4145;haroldo.zamora690@outlook.com;Harold326123
4146;gertrudis.del860@yahoo.com;Gertru631!
4147;zacarias.vendrellmontoya618@gmail.com;Zacari971@
4148;renato.tejera943@gmail.com;Renato129123
4149;ignacia.marin99@outlook.com;Ignaci4162026
4150;cristian.urena75@yahoo.com;Cristi242123
4151;roldan.gonzalezmarin107@yahoo.com;Roldan306!
4152;esteban.del715@outlook.com;Esteba179_
4153;azahar.garmendia555@hotmail.com;Azahar880@
4154;esmeralda.crespo941@outlook.com;Esmera1312026
4155;carina.torre55@gmail.com;Carina933123
4156;edelmira.fuente307@outlook.com;Edelmi5802026
4157;vinicio.galan157@outlook.com;Vinici540#
4158;leonel.heriberto968@outlook.com;Leonel857#
4159;jimena.del572@outlook.com;Jimena7642026
4160;aureliano.adrian756@yahoo.com;Aureli316@
4161;amador.aviles290@yahoo.com;Amador877!
4162;juan.espinosa740@outlook.com;Juanes663#
4163;severino.telmo86@gmail.com;Severi943@
4164;guiomar.moles496@outlook.com;Guioma522#
4165;marcelino.menendez625@hotmail.com;Marcel584#
4166;ainoa.jauregui201@yahoo.com;Ainoaj570_
4167;felisa.gomezplanas980@yahoo.com;Felisa776#
4168;modesta.benavente880@gmail.com;Modest858_
4169;sonia.bernat475@yahoo.com;Soniab261_
4170;armida.infantequiros629@yahoo.com;Armida6592026
4171;edgardo.de309@hotmail.com;Edgard290@
4172;armida.de232@yahoo.com;Armida2442026
4173;xavier.redondo454@gmail.com;Xavier550#
4174;desiderio.santosagullo433@yahoo.com;Deside426!
4175;albano.blanco427@yahoo.com;Albano6032026
4176;remedios.zabalabou374@yahoo.com;Remedi4082026
4177;ingrid.carballo521@outlook.com;Ingrid710!
4178;eutropio.cervantes696@hotmail.com;Eutrop6912026
4179;heraclio.castellanos935@outlook.com;Heracl682123
4180;eduardo.lamas673@hotmail.com;Eduard7602026
4181;gabriel.carballo828@hotmail.com;Gabrie623!
4182;sandalio.barbero546@hotmail.com;Sandal241#
4183;anna.castellanos557@gmail.com;Annaca456_
4184;americo.querolalba313@outlook.com;Americ7632026
4185;reyes.hernando485@gmail.com;Reyesh618_
4186;miguela.de271@outlook.com;Miguel832!
4187;rita.viana319@yahoo.com;Ritavi4612026
4188;yesica.grau12@hotmail.com;Yesica6162026
4189;patricio.medina747@hotmail.com;Patric392_
4190;donato.amilcar525@outlook.com;Donato4902026
4191;quique.mateos759@hotmail.com;Quique547@
4192;benjamin.alcala568@gmail.com;Benjam307@
4193;lucas.del985@yahoo.com;Lucasd390123
4194;cintia.galan266@outlook.com;Cintia156!
4195;esteban.flores536@yahoo.com;Esteba886#
4196;eligio.tejera919@hotmail.com;Eligio408123
4197;angela.dominguez858@yahoo.com;Angela134@
4198;vasco.mateo17@yahoo.com;Vascom858123
4199;cayetana.vargas862@outlook.com;Cayeta882#
4200;chus.ricarda577@hotmail.com;Chusri387!
4201;jose.ruano943@hotmail.com;Joseru327!
4202;eva.pascuala34@outlook.com;Evapas985@
4203;isa.burgos549@gmail.com;Isabur428@
4204;telmo.llobet420@outlook.com;Telmol895123
4205;panfilo.simo238@hotmail.com;Panfil124@
4206;delia.del561@gmail.com;Deliad4222026
4207;fabiana.verdu75@gmail.com;Fabian698123
4208;pacifica.marquez507@yahoo.com;Pacifi534@
4209;pedro.feliciano720@gmail.com;Pedrof521#
4210;rosa.bernad953@gmail.com;Rosabe603123
4211;abraham.lopez354@hotmail.com;Abraha607_
4212;hugo.velazquezalarcon53@gmail.com;Hugove544123
4213;maria.cristina100@outlook.com;Mariac912_
4214;rosalina.tirado976@outlook.com;Rosali384#
4215;iban.olivera902@outlook.com;Ibanol979@
4216;timoteo.roldan590@yahoo.com;Timote956#
4217;valerio.munizrodriguez939@gmail.com;Valeri7932026
4218;maxima.ayala485@gmail.com;Maxima633!
4219;raimundo.cabello376@yahoo.com;Raimun720!
4220;abilio.del834@outlook.com;Abilio307@
4221;baltasar.catalan960@gmail.com;Baltas216@
4222;nestor.valverde743@yahoo.com;Nestor156@
4223;noa.nieto986@outlook.com;Noanie394#
4224;raimundo.agudo259@yahoo.com;Raimun311!
4225;abril.gutierrez233@yahoo.com;Abrilg294!
4226;aroa.madrid242@gmail.com;Aroama257!
4227;lalo.salom89@yahoo.com;Lalosa188123
4228;leocadio.miro183@outlook.com;Leocad394#
4229;pio.vara730@outlook.com;Piovar273123
4230;carmen.barroso543@gmail.com;Carmen698_
4231;rolando.del769@outlook.com;Roland8242026
4232;nicodemo.chaparro830@yahoo.com;Nicode172!
4233;ema.nayara344@outlook.com;Emanay229@
4234;daniel.jacinto937@hotmail.com;Daniel687123
4235;nico.de982@gmail.com;Nicode268#
4236;perlita.del841@yahoo.com;Perlit412123
4237;borja.castellanos547@gmail.com;Borjac137#
4238;benito.de807@yahoo.com;Benito692_
4239;evangelina.jove276@hotmail.com;Evange354_
4240;diana.nidia289@gmail.com;Dianan818123
4241;carmen.puig507@hotmail.com;Carmen690#
4242;primitiva.varela735@hotmail.com;Primit7972026
4243;leire.bello959@gmail.com;Leireb7202026
4244;cleto.del341@outlook.com;Cletod343!
4245;desiderio.viana624@gmail.com;Deside817123
4246;chema.ibanez755@hotmail.com;Chemai582123
4247;isaias.asenjo549@yahoo.com;Isaias132#
4248;marcia.sierra275@hotmail.com;Marcia273!
4249;lino.comas681@yahoo.com;Linoco201#
4250;patricio.wilfredo858@outlook.com;Patric803!
4251;valentin.mariscalbarriga568@outlook.com;Valent478@
4252;lorenzo.aliaga367@gmail.com;Lorenz515@
4253;eric.rico395@yahoo.com;Ericri270@
4254;espiridion.montesinos491@gmail.com;Espiri849123
4255;rosenda.posada724@outlook.com;Rosend438123
4256;morena.araujo212@hotmail.com;Morena7632026
4257;clarisa.ximena137@yahoo.com;Claris1782026
4258;yolanda.prada491@yahoo.com;Yoland755123
4259;fernando.tejedorduran342@hotmail.com;Fernan233@
4260;amaro.bermejo491@gmail.com;Amarob308_
4261;priscila.barranco527@outlook.com;Prisci460_
4262;dulce.sandra361@gmail.com;Dulces2802026
4263;purificacion.torre139@yahoo.com;Purifi380#
4264;eugenio.pelaez78@hotmail.com;Eugeni346_
4265;panfilo.rincon100@hotmail.com;Panfil151#
4266;maria.teresa773@outlook.com;Mariat156@
4267;walter.tomas570@hotmail.com;Walter214123
4268;oriana.bertran531@gmail.com;Oriana215123
4269;merche.carrascoiniguez855@hotmail.com;Merche887_
4270;alonso.novoa269@hotmail.com;Alonso447123
4271;ale.briones991@gmail.com;Alebri193123
4272;dora.iniesta978@yahoo.com;Dorain604!
4273;albina.duran884@yahoo.com;Albina531_
4274;rafael.bello706@yahoo.com;Rafael589@
4275;rodrigo.pazosbello128@hotmail.com;Rodrig594_
4276;lidia.menendez725@outlook.com;Lidiam925!
4277;maria.teresa469@gmail.com;Mariat675#
4278;teodosio.alfonso358@yahoo.com;Teodos383123
4279;fidel.marin272@hotmail.com;Fidelm3062026
4280;tatiana.borrego295@yahoo.com;Tatian440@
4281;bernardita.marco78@yahoo.com;Bernar672#
4282;candelas.jerez57@yahoo.com;Candel448123
4283;emiliana.alcazarverdejo848@yahoo.com;Emilia555123
4284;lupe.cristian974@gmail.com;Lupecr374_
4285;mauricio.abascal84@hotmail.com;Mauric7652026
4286;roman.camino879@hotmail.com;Romanc727#
4287;pastor.baro814@yahoo.com;Pastor232#
4288;fanny.ordonez111@yahoo.com;Fannyo780_
4289;fidela.zaragoza672@yahoo.com;Fidela7882026
4290;flora.sarita223@hotmail.com;Floras486@
4291;dionisia.alberdi507@outlook.com;Dionis870_
4292;paz.sacristan430@yahoo.com;Pazsac255_
4293;gaston.madrid776@yahoo.com;Gaston827123
4294;amador.mariscal818@yahoo.com;Amador787@
4295;rosario.flores595@outlook.com;Rosari341#
4296;lino.vinas767@outlook.com;Linovi999#
4297;marisol.villalobos863@yahoo.com;Mariso969!
4298;ruben.garate109@yahoo.com;Rubeng3282026
4299;berta.pastor57@yahoo.com;Bertap708@
4300;jose.mari652@hotmail.com;Josema5722026
4301;encarna.mari568@outlook.com;Encarn662_
4302;encarnita.cuevas271@hotmail.com;Encarn774123
4303;valero.de415@outlook.com;Valero157!
4304;ariel.castellrodenas469@outlook.com;Arielc272123
4305;asuncion.bonilla181@outlook.com;Asunci4212026
4306;carmina.taboada49@gmail.com;Carmin2862026
4307;odalis.roxana862@gmail.com;Odalis925!
4308;amilcar.palau847@yahoo.com;Amilca155_
4309;arturo.callejanavas186@yahoo.com;Arturo3742026
4310;yaiza.del45@gmail.com;Yaizad328123
4311;ezequiel.jose255@gmail.com;Ezequi557!
4312;natividad.beatriz365@hotmail.com;Nativi109123
4313;nando.cabrera391@gmail.com;Nandoc149_
4314;severino.tello287@yahoo.com;Severi151#
4315;olegario.de169@gmail.com;Olegar521_
4316;anna.tapia651@gmail.com;Annata696@
4317;natalia.rodrigo627@hotmail.com;Natali709_
4318;sabina.anunciacion400@hotmail.com;Sabina1272026
4319;carolina.sancho765@gmail.com;Caroli6622026
4320;artemio.vazquez87@yahoo.com;Artemi444@
4321;adolfo.penas679@hotmail.com;Adolfo552_
4322;juan.pablo118@gmail.com;Juanpa504#
4323;che.robles320@outlook.com;Cherob590_
4324;oscar.jerez252@yahoo.com;Oscarj984123
4325;jose.luis994@hotmail.com;Joselu300!
4326;amador.armas794@hotmail.com;Amador558#
4327;pili.catalan820@hotmail.com;Pilica122@
4328;graciela.davilamorillo172@yahoo.com;Gracie388!
4329;hortensia.carbajo803@hotmail.com;Horten517123
4330;ale.perezpablo893@yahoo.com;Aleper972!
4331;estela.sastre493@yahoo.com;Estela939!
4332;adalberto.iglesias905@yahoo.com;Adalbe531123
4333;julio.castejon523@hotmail.com;Julioc725!
4334;anunciacion.cabo149@hotmail.com;Anunci579123
4335;roberta.canet26@outlook.com;Robert787_
4336;carlito.fontmendez229@hotmail.com;Carlit835_
4337;alexandra.carrera983@gmail.com;Alexan247@
4338;celestina.moran663@hotmail.com;Celest191123
4339;saturnino.solanaolive732@yahoo.com;Saturn4522026
4340;benita.lopez447@outlook.com;Benita792@
4341;juan.francisco215@outlook.com;Juanfr481@
4342;ariel.madrid754@yahoo.com;Arielm696_
4343;abraham.marco930@yahoo.com;Abraha168@
4344;hilario.cerro635@gmail.com;Hilari257!
4345;jose.arias467@hotmail.com;Josear380123
4346;luis.miguel180@gmail.com;Luismi530123
4347;lilia.del659@gmail.com;Liliad6632026
4348;paula.bolanos570@hotmail.com;Paulab614_
4349;hugo.garcia276@gmail.com;Hugoga225123
4350;emma.bermudez99@yahoo.com;Emmabe5412026
4351;walter.de91@yahoo.com;Walter887_
4352;noa.carreno994@yahoo.com;Noacar330123
4353;nico.abilio482@yahoo.com;Nicoab696_
4354;nico.pradorecio666@hotmail.com;Nicopr725@
4355;lina.cintia386@outlook.com;Linaci544_
4356;pia.gomila645@hotmail.com;Piagom9912026
4357;sofia.oller325@gmail.com;Sofiao300123
4358;iris.polo42@yahoo.com;Irispo228@
4359;eduardo.ortunobarranco792@hotmail.com;Eduard690@
4360;mayte.arco825@gmail.com;Maytea419_
4361;ovidio.malo258@gmail.com;Ovidio225@
4362;dorita.amoros318@gmail.com;Dorita9812026
4363;melania.alberola671@outlook.com;Melani1972026
4364;ani.duran672@outlook.com;Anidur240#
4365;juan.antonio793@outlook.com;Juanan240_
4366;nilo.castaneda656@outlook.com;Niloca904_
4367;haydee.olalla94@outlook.com;Haydee579@
4368;africa.vallejo783@hotmail.com;Africa791!
4369;segismundo.barroso936@outlook.com;Segism6272026
4370;felix.palacio562@outlook.com;Felixp385123
4371;benita.aroca722@yahoo.com;Benita1562026
4372;vito.berrocal820@yahoo.com;Vitobe441@
4373;marcial.iglesia536@outlook.com;Marcia840@
4374;daniela.ortiz214@yahoo.com;Daniel996@
4375;mercedes.huerta262@gmail.com;Merced791!
4376;curro.valderramatovar628@gmail.com;Currov437_
4377;mireia.escalona843@hotmail.com;Mireia178_
4378;perla.gomila188@gmail.com;Perlag218!
4379;damian.bustamante569@gmail.com;Damian5182026
4380;guadalupe.guitart17@gmail.com;Guadal7922026
4381;luz.fuente643@yahoo.com;Luzfue129@
4382;calista.salazar94@yahoo.com;Calist767_
4383;jesus.arnau834@outlook.com;Jesusa431_
4384;poncio.abad569@gmail.com;Poncio550#
4385;lilia.clementina885@gmail.com;Liliac192_
4386;juan.francisco819@outlook.com;Juanfr730_
4387;merche.molinerdiego277@hotmail.com;Merche940123
4388;amor.pomares378@outlook.com;Amorpo966#
4389;florentino.morcillo555@outlook.com;Floren801@
4390;julia.barriosfeliu617@outlook.com;Juliab146!
4391;celia.de254@gmail.com;Celiad982_
4392;isa.torre557@hotmail.com;Isator725_
4393;delfina.gil375@outlook.com;Delfin629@
4394;faustino.rodriguez571@outlook.com;Fausti7812026
4395;jose.del794@gmail.com;Josede5522026
4396;juana.garrido430@gmail.com;Juanag199#
4397;fabian.zamorano808@gmail.com;Fabian264123
4398;nicanor.carpio470@hotmail.com;Nicano728@
4399;isabel.lucia756@yahoo.com;Isabel1562026
4400;jose.antonio523@outlook.com;Josean691@
4401;kike.abril610@hotmail.com;Kikeab185123
4402;tomasa.nieto20@hotmail.com;Tomasa551#
4403;guadalupe.aleman393@outlook.com;Guadal105123
4404;carmela.manuel112@gmail.com;Carmel579_
4405;pascual.lucena460@gmail.com;Pascua283@
4406;natividad.maria873@outlook.com;Nativi134!
4407;samuel.planas26@yahoo.com;Samuel905@
4408;urbano.casares350@outlook.com;Urbano360_
4409;ainara.campo46@gmail.com;Ainara6762026
4410;ileana.de546@hotmail.com;Ileana984123
4411;eusebio.javi78@yahoo.com;Eusebi122123
4412;fernanda.maldonado884@hotmail.com;Fernan584!
4413;aureliano.del493@outlook.com;Aureli1292026
4414;hector.del195@yahoo.com;Hector925_
4415;remigio.victor578@hotmail.com;Remigi7622026
4416;feliciana.rosado984@yahoo.com;Felici5652026
4417;vicenta.ropero831@gmail.com;Vicent871!
4418;abril.espejo950@gmail.com;Abrile2682026
4419;jose.ignacio559@outlook.com;Joseig8482026
4420;aurea.nieto431@yahoo.com;Aurean385_
4421;camila.diez218@outlook.com;Camila676_
4422;patricia.oliver295@yahoo.com;Patric346#
4423;nilo.montana635@gmail.com;Nilomo7892026
4424;iban.alonso294@outlook.com;Ibanal756_
4425;loreto.benitez530@hotmail.com;Loreto668#
4426;atilio.granados197@hotmail.com;Atilio299#
4427;calixta.huertas746@gmail.com;Calixt407123
4428;javier.fortuny461@hotmail.com;Javier559!
4429;ainara.montserrat417@hotmail.com;Ainara229!
4430;desiderio.morata821@gmail.com;Deside571!
4431;francisco.javier23@yahoo.com;Franci8272026
4432;javiera.almansa632@yahoo.com;Javier129#
4433;emperatriz.alonsocosta262@gmail.com;Empera764!
4434;benigno.cabanas22@gmail.com;Benign322#
4435;liliana.del466@hotmail.com;Lilian1282026
4436;brigida.alegria976@hotmail.com;Brigid750#
4437;ana.amoresgarate778@yahoo.com;Anaamo874_
4438;jose.antonio80@hotmail.com;Josean562_
4439;miguel.angel763@hotmail.com;Miguel207_
4440;nilda.gutierrez202@gmail.com;Nildag2392026
4441;gerardo.luis980@hotmail.com;Gerard710#
4442;evita.revilla596@outlook.com;Evitar973123
4443;ruth.fabregasdiego392@yahoo.com;Ruthfa877123
4444;manolo.pedrosa241@gmail.com;Manolo174#
4445;goyo.alcalde645@hotmail.com;Goyoal904123
4446;amancio.hector826@hotmail.com;Amanci4932026
4447;albino.de898@hotmail.com;Albino908123
4448;jordi.rierasegui530@outlook.com;Jordir302!
4449;agustin.leiva396@outlook.com;Agusti9692026
4450;abel.de977@yahoo.com;Abelde554@
4451;concepcion.cerro773@outlook.com;Concep454_
4452;dionisio.melendez31@outlook.com;Dionis676123
4453;pelayo.de520@outlook.com;Pelayo8262026
4454;jose.francisco400@gmail.com;Josefr4362026
4455;isidro.de124@yahoo.com;Isidro901!
4456;viviana.morcillo142@gmail.com;Vivian697@
4457;santos.tomas279@outlook.com;Santos436_
4458;alexandra.tamayo604@hotmail.com;Alexan350@
4459;crescencia.angulo984@gmail.com;Cresce7502026
4460;regulo.rovira329@outlook.com;Regulo438#
4461;rosalia.fernandez826@hotmail.com;Rosali234_
4462;calixta.teruel870@hotmail.com;Calixt4852026
4463;ariel.del875@outlook.com;Arield575!
4464;clarisa.aznar773@yahoo.com;Claris8382026
4465;elias.valderrama142@gmail.com;Eliasv1492026
4466;maximiano.de341@yahoo.com;Maximi538#
4467;dafne.barco887@gmail.com;Dafneb1822026
4468;antonia.falcon905@outlook.com;Antoni850123
4469;flavia.blanch43@gmail.com;Flavia502!
4470;trinidad.esparzaconde479@gmail.com;Trinid758#
4471;ines.atienza566@outlook.com;Inesat932@
4472;agata.castello778@yahoo.com;Agatac657@
4473;gilberto.aranda476@outlook.com;Gilber5662026
4474;belen.valdes629@hotmail.com;Belenv963_
4475;estrella.losada358@yahoo.com;Estrel666@
4476;delia.cid905@yahoo.com;Deliac234123
4477;candela.urena976@outlook.com;Candel888123
4478;prudencia.espanol623@hotmail.com;Pruden432_
4479;nilda.cabanillas672@yahoo.com;Nildac846@
4480;andres.felipe402@gmail.com;Andres913!
4481;domitila.monteromarmol52@hotmail.com;Domiti831123
4482;zaida.nerea973@gmail.com;Zaidan148123
4483;ileana.aparicio354@yahoo.com;Ileana639123
4484;maxi.bilbao57@gmail.com;Maxibi2982026
4485;leandra.herrera607@gmail.com;Leandr178@
4486;lucia.gaya905@hotmail.com;Luciag483123
4487;nilo.angel439@yahoo.com;Niloan396_
4488;martin.roman570@gmail.com;Martin719#
4489;ricarda.carrera650@yahoo.com;Ricard857_
4490;tere.paz743@outlook.com;Terepa248@
4491;carmen.pilar492@outlook.com;Carmen739!
4492;aurea.gallo720@outlook.com;Aureag876#
4493;valero.guerra665@yahoo.com;Valero297@
4494;cayetana.molina379@yahoo.com;Cayeta331_
4495;anselmo.del584@hotmail.com;Anselm270@
4496;armando.madrid91@hotmail.com;Armand338@
4497;ciriaco.castro414@hotmail.com;Ciriac236123
4498;sosimo.urena444@outlook.com;Sosimo580#
4499;mauricio.canizares392@hotmail.com;Mauric895!
4500;jose.luis676@gmail.com;Joselu857@
4501;mateo.boix754@hotmail.com;Mateob431123
4502;sigfrido.verdu900@hotmail.com;Sigfri619_
4503;carlos.silva234@hotmail.com;Carlos386@
4504;leonel.reyesmiralles70@outlook.com;Leonel214@
4505;adelina.valdes515@yahoo.com;Adelin382_
4506;caridad.del29@hotmail.com;Carida590123
4507;pepito.anguitabenavente238@gmail.com;Pepito9322026
4508;diego.llobet333@yahoo.com;Diegol909!
4509;ariel.collmanuel678@gmail.com;Arielc806#
4510;laura.marti607@outlook.com;Lauram374123
4511;camila.eufemia853@outlook.com;Camila862123
4512;custodia.sanabria204@gmail.com;Custod8142026
4513;lara.roca707@hotmail.com;Lararo304_
4514;arsenio.saldanaaraujo445@yahoo.com;Arseni7132026
4515;santos.elias826@gmail.com;Santos715!
4516;carina.iniguez448@yahoo.com;Carina526123
4517;dafne.maricela970@yahoo.com;Dafnem802_
4518;esperanza.rosa651@hotmail.com;Espera1232026
4519;malena.de476@gmail.com;Malena476#
4520;roque.santiago689@yahoo.com;Roques247#
4521;eusebia.pina615@yahoo.com;Eusebi751123
4522;chelo.mesa881@yahoo.com;Chelom911_
4523;xavier.torre704@outlook.com;Xavier786#
4524;pablo.tenorio888@hotmail.com;Pablot880_
4525;herminio.andres849@hotmail.com;Hermin629123
4526;juanito.colom620@hotmail.com;Juanit419_
4527;rosalina.canovas45@hotmail.com;Rosali6082026
4528;febe.riquelme129@hotmail.com;Feberi669!
4529;aaron.barriga364@hotmail.com;Aaronb417123
4530;eugenio.torrentsegui544@gmail.com;Eugeni383_
4531;maria.cristina818@outlook.com;Mariac550_
4532;america.pont705@yahoo.com;Americ493!
4533;lara.farre767@outlook.com;Larafa977!
4534;jose.luis523@gmail.com;Joselu8512026
4535;mario.mirvallejo989@gmail.com;Mariom420@
4536;galo.cabanas885@hotmail.com;Galoca860@
4537;lupe.gallo886@hotmail.com;Lupega144@
4538;maria.fernanda42@outlook.com;Mariaf727!
4539;venceslas.hernandez895@hotmail.com;Vences553!
4540;anselmo.menendez339@yahoo.com;Anselm681@
4541;adoracion.bermejo234@yahoo.com;Adorac151#
4542;rocio.de964@yahoo.com;Rociod853123
4543;macarena.pili270@outlook.com;Macare516#
4544;poncio.tur843@gmail.com;Poncio414#
4545;dominga.del352@outlook.com;Doming117!
4546;juana.valverdeballester466@outlook.com;Juanav889!
4547;nicolas.padilla543@outlook.com;Nicola151!
4548;maura.rosalina467@outlook.com;Maurar2192026
4549;dan.tur333@outlook.com;Dantur122!
4550;apolinar.elorza451@hotmail.com;Apolin716#
4551;julie.arcoharo983@outlook.com;Juliea709!
4552;maria.manuela314@yahoo.com;Mariam884123
4553;macarena.del171@outlook.com;Macare100#
4554;manola.torrijos464@gmail.com;Manola8842026
4555;adelia.sola655@yahoo.com;Adelia157#
4556;camila.noa891@outlook.com;Camila652!
4557;eli.llobet279@yahoo.com;Elillo4742026
4558;americo.palomino940@yahoo.com;Americ760_
4559;ruperta.benito51@hotmail.com;Rupert632_
4560;ani.barreda170@hotmail.com;Anibar918123
4561;cleto.ayuso160@gmail.com;Cletoa353_
4562;visitacion.novoa650@outlook.com;Visita420!
4563;gerardo.vito582@outlook.com;Gerard5162026
4564;pascual.blanes868@hotmail.com;Pascua259@
4565;cruz.bellido53@outlook.com;Cruzbe158123
4566;modesta.nevado819@outlook.com;Modest4132026
4567;monica.costa864@gmail.com;Monica7372026
4568;ceferino.amores505@yahoo.com;Ceferi746!
4569;jacobo.agustin176@gmail.com;Jacobo2042026
4570;elias.monreal31@hotmail.com;Eliasm286#
4571;ramiro.barral834@outlook.com;Ramiro292!
4572;zaira.montenegro471@outlook.com;Zairam538_
4573;lucas.galvan267@yahoo.com;Lucasg7152026
4574;yago.sole952@hotmail.com;Yagoso876123
4575;carmelo.palomino537@hotmail.com;Carmel239!
4576;adora.navas843@yahoo.com;Adoran8242026
4577;ligia.estrada385@outlook.com;Ligiae723@
4578;alfonso.caceres650@hotmail.com;Alfons408@
4579;heliodoro.robles878@outlook.com;Heliod713_
4580;jose.carlos369@hotmail.com;Joseca750@
4581;adora.juan287@hotmail.com;Adoraj589!
4582;faustino.barrena223@hotmail.com;Fausti954123
4583;arsenio.campoy965@gmail.com;Arseni885@
4584;hector.moreno425@gmail.com;Hector540#
4585;serafina.villena971@outlook.com;Serafi695!
4586;calista.salamanca115@hotmail.com;Calist674@
4587;nayara.pi760@gmail.com;Nayara443_
4588;filomena.rodenaslillo946@yahoo.com;Filome719!
4589;nieves.banos954@outlook.com;Nieves867!
4590;rafael.ruizecheverria62@gmail.com;Rafael393123
4591;fortunato.camacho177@hotmail.com;Fortun956@
4592;gloria.alberolaarcos966@outlook.com;Gloria3792026
4593;fatima.bernal282@outlook.com;Fatima926123
4594;valero.armando777@hotmail.com;Valero925_
4595;amada.moran609@yahoo.com;Amadam251123
4596;ana.bernatsevilla539@gmail.com;Anaber573123
4597;cebrian.chico119@outlook.com;Cebria335@
4598;juana.yanez220@hotmail.com;Juanay807!
4599;bibiana.elisa909@outlook.com;Bibian522#
4600;angelica.aviles242@hotmail.com;Angeli137#
4601;martina.rubio622@gmail.com;Martin452#
4602;luisa.mayol257@yahoo.com;Luisam949!
4603;gema.de987@outlook.com;Gemade389!
4604;sara.nogues964@outlook.com;Sarano101!
4605;leandra.garces887@yahoo.com;Leandr252_
4606;ramona.ferrandiz423@yahoo.com;Ramona700@
4607;vicenta.cordero953@hotmail.com;Vicent353#
4608;aranzazu.alcala991@gmail.com;Aranza441@
4609;jacobo.cerda527@gmail.com;Jacobo770123
4610;agueda.del394@hotmail.com;Agueda157_
4611;oscar.caro965@outlook.com;Oscarc409123
4612;casandra.soto306@outlook.com;Casand981123
4613;ciro.flores268@yahoo.com;Cirofl939#
4614;eva.maria828@outlook.com;Evamar118123
4615;cecilio.bertran924@hotmail.com;Cecili827#
4616;clarisa.bernat600@outlook.com;Claris2272026
4617;agustina.arrieta52@hotmail.com;Agusti807_
4618;candelario.frutos535@hotmail.com;Candel868!
4619;lazaro.del985@hotmail.com;Lazaro5572026
4620;jose.mari308@yahoo.com;Josema460123
4621;patricio.orozco205@gmail.com;Patric386@
4622;mar.rubio857@gmail.com;Marrub718_
4623;carmelo.vazquez152@yahoo.com;Carmel580!
4624;ruy.barberomarco616@outlook.com;Ruybar905_
4625;nadia.blanca540@yahoo.com;Nadiab383!
4626;alejandro.puig292@yahoo.com;Alejan647#
4627;maria.pilar228@outlook.com;Mariap493123
4628;ainoa.gaya887@gmail.com;Ainoag377123
4629;anna.puig128@outlook.com;Annapu511123
4630;esperanza.crespo285@yahoo.com;Espera449!
4631;luisina.amador435@hotmail.com;Luisin940!
4632;leoncio.juarez686@gmail.com;Leonci254123
4633;macario.garmendia408@yahoo.com;Macari5242026
4634;caridad.escobar980@hotmail.com;Carida269!
4635;clementina.amparo446@hotmail.com;Clemen264!
4636;borja.palacios879@gmail.com;Borjap111123
4637;serafina.del94@outlook.com;Serafi403123
4638;dominga.ripoll723@hotmail.com;Doming432_
4639;herminio.lucena994@hotmail.com;Hermin620_
4640;sara.garrido212@yahoo.com;Saraga5652026
4641;pedro.saez231@hotmail.com;Pedros200@
4642;julia.sarmiento590@gmail.com;Julias394!
4643;cecilia.nunez536@gmail.com;Cecili587123
4644;luis.angel894@outlook.com;Luisan960#
4645;celestino.pastorespinosa909@hotmail.com;Celest664_
4646;marc.tejada464@outlook.com;Marcte419#
4647;gaspar.medina558@hotmail.com;Gaspar6192026
4648;odalys.luis488@hotmail.com;Odalys245_
4649;fernanda.florinda683@hotmail.com;Fernan499@
4650;roque.agusti727@gmail.com;Roquea9492026
4651;leoncio.casanovamendoza884@yahoo.com;Leonci488@
4652;aura.urrutiacoll230@yahoo.com;Auraur709@
4653;zaida.guillen13@yahoo.com;Zaidag505#
4654;buenaventura.azcona961@hotmail.com;Buenav504!
4655;ruperto.aviles595@yahoo.com;Rupert366123
4656;jose.querovazquez698@gmail.com;Josequ415123
4657;marina.cerezo816@yahoo.com;Marina682_
4658;perlita.guiomar914@hotmail.com;Perlit620_
4659;ulises.ibanez257@yahoo.com;Ulises590@
4660;adelardo.palomo35@outlook.com;Adelar101!
4661;agustin.rossello936@hotmail.com;Agusti9252026
4662;severo.olmo631@outlook.com;Severo443_
4663;macaria.losadafranch58@yahoo.com;Macari182123
4664;olivia.cuetoazcona187@hotmail.com;Olivia815#
4665;lupe.llano840@hotmail.com;Lupell662#
4666;rafael.nieto212@yahoo.com;Rafael214!
4667;cornelio.cases243@outlook.com;Cornel6852026
4668;pilar.alba834@hotmail.com;Pilara196_
4669;azeneth.alvarado944@hotmail.com;Azenet124#
4670;leticia.santos617@hotmail.com;Letici903_
4671;imelda.ripoll975@hotmail.com;Imelda4512026
4672;margarita.florinda228@yahoo.com;Margar890!
4673;chema.alcala98@yahoo.com;Chemaa752@
4674;maximiano.manuel358@hotmail.com;Maximi240123
4675;sebastian.rodrigo317@yahoo.com;Sebast943#
4676;edmundo.yuste47@yahoo.com;Edmund923!
4677;leyre.gimenez464@outlook.com;Leyreg938#
4678;rosendo.barcena850@outlook.com;Rosend498@
4679;teresa.nadal149@outlook.com;Teresa757!
4680;marcela.perea275@yahoo.com;Marcel134_
4681;emma.gil873@outlook.com;Emmagi730!
4682;arcelia.andreu177@hotmail.com;Arceli419123
4683;aurelio.asdrubal68@hotmail.com;Aureli586123
4684;claudio.pavon583@yahoo.com;Claudi277@
4685;valentina.toledo512@yahoo.com;Valent577_
4686;jose.antonio288@outlook.com;Josean224123
4687;daniela.ariadna383@outlook.com;Daniel549#
4688;miriam.daza690@hotmail.com;Miriam4572026
4689;juan.barbero69@yahoo.com;Juanba369_
4690;eli.tejedor403@outlook.com;Elitej4522026
4691;ines.valentin825@yahoo.com;Inesva555#
4692;valentina.dalmau610@outlook.com;Valent896123
4693;eric.recio419@yahoo.com;Ericre817!
4694;flor.nydia11@gmail.com;Florny4482026
4695;agueda.pou667@yahoo.com;Agueda704@
4696;marisol.gimenez156@hotmail.com;Mariso2532026
4697;natividad.portillo147@yahoo.com;Nativi1442026
4698;joaquina.pera647@outlook.com;Joaqui484#
4699;trinidad.arrieta651@hotmail.com;Trinid970#
4700;hector.rossello892@hotmail.com;Hector699_
4701;saturnino.carranza568@outlook.com;Saturn467!
4702;maricela.manzanares42@hotmail.com;Marice413!
4703;felicia.tellocorominas640@outlook.com;Felici172_
4704;consuela.valls208@outlook.com;Consue692!
4705;asdrubal.carvajal450@yahoo.com;Asdrub615#
4706;emiliano.nicolas545@yahoo.com;Emilia296!
4707;alonso.infante840@outlook.com;Alonso6262026
4708;nydia.aguirre220@hotmail.com;Nydiaa407123
4709;soledad.perezcompany979@yahoo.com;Soleda779_
4710;margarita.heras736@outlook.com;Margar372!
4711;olivia.del543@gmail.com;Olivia6182026
4712;ulises.de254@outlook.com;Ulises490_
4713;hipolito.morata278@gmail.com;Hipoli940_
4714;juliana.guardia85@yahoo.com;Julian279#
4715;jenaro.mir301@hotmail.com;Jenaro622!
4716;ileana.coello895@outlook.com;Ileana980123
4717;ramona.barrios809@yahoo.com;Ramona682#
4718;natanael.cifuentes145@outlook.com;Natana437_
4719;bruno.arino509@outlook.com;Brunoa4712026
4720;eleuterio.bas223@hotmail.com;Eleute624_
4721;chucho.de212@hotmail.com;Chucho610123
4722;remedios.caceres700@yahoo.com;Remedi390!
4723;victor.bermejohoyos229@hotmail.com;Victor327_
4724;juan.manuel572@outlook.com;Juanma6922026
4725;narciso.reyesrios541@hotmail.com;Narcis6952026
4726;agueda.reig911@gmail.com;Agueda693123
4727;miriam.monreal288@hotmail.com;Miriam786_
4728;hermenegildo.sanzblanca853@yahoo.com;Hermen204@
4729;bernardo.esteve625@outlook.com;Bernar837#
4730;miguel.herasdaza488@yahoo.com;Miguel8292026
4731;esperanza.reig482@hotmail.com;Espera602#
4732;teodora.pina531@gmail.com;Teodor426123
4733;juan.francisco866@yahoo.com;Juanfr4432026
4734;anastasia.villalobos389@outlook.com;Anasta8022026
4735;apolinar.victorino463@gmail.com;Apolin336123
4736;mar.clemente248@gmail.com;Marcle1052026
4737;celso.garrido676@yahoo.com;Celsog1952026
4738;miguel.costa981@hotmail.com;Miguel144#
4739;dolores.coll658@gmail.com;Dolore656@
4740;vasco.salvador459@yahoo.com;Vascos504123
4741;anselmo.infante413@yahoo.com;Anselm757#
4742;andres.felipe255@gmail.com;Andres830!
4743;vasco.acevedo425@hotmail.com;Vascoa9622026
4744;yessica.valle577@outlook.com;Yessic572#
4745;ani.de667@yahoo.com;Anidec442_
4746;jose.ignacio102@hotmail.com;Joseig961#
4747;juanito.bayon921@gmail.com;Juanit438_
4748;goyo.cobo239@gmail.com;Goyoco744!
4749;nidia.amores65@yahoo.com;Nidiaa969#
4750;bernardita.rodriguez957@outlook.com;Bernar502@
4751;eugenio.pedreromontesinos146@gmail.com;Eugeni660@
4752;silvio.lupe112@hotmail.com;Silvio145#
4753;jesusa.barrena654@hotmail.com;Jesusa760@
4754;anna.pinilla253@yahoo.com;Annapi365123
4755;chus.ramos85@hotmail.com;Chusra192@
4756;laura.herediaroda905@gmail.com;Laurah265123
4757;maria.luisa104@outlook.com;Marial921@
4758;fernando.santamaria372@yahoo.com;Fernan111!
4759;santos.de740@hotmail.com;Santos1692026
4760;encarnacion.calzada755@gmail.com;Encarn2322026
4761;lilia.canete469@yahoo.com;Liliac742!
4762;pastora.pepita748@outlook.com;Pastor2472026
4763;lilia.del717@outlook.com;Liliad904#
4764;yago.de679@gmail.com;Yagode315#
4765;rafa.gonzalez174@outlook.com;Rafago848!
4766;elvira.villaverde571@outlook.com;Elvira950!
4767;modesto.jose946@hotmail.com;Modest648!
4768;benigno.manjon65@yahoo.com;Benign7212026
4769;manolo.bernat814@hotmail.com;Manolo5072026
4770;bernardo.maximiliano224@yahoo.com;Bernar885123
4771;nazaret.saavedra158@gmail.com;Nazare529_
4772;jose.angel704@hotmail.com;Josean505123
4773;juan.antonio54@gmail.com;Juanan877!
4774;emiliano.espejo558@yahoo.com;Emilia235#
4775;lorena.cervantessaldana285@hotmail.com;Lorena894123
4776;trini.lozano567@outlook.com;Trinil396@
4777;gonzalo.de788@hotmail.com;Gonzal634#
4778;lino.marciano878@yahoo.com;Linoma758_
4779;anselmo.cortina21@gmail.com;Anselm2222026
4780;aurea.de113@hotmail.com;Auread915123
4781;quique.de599@hotmail.com;Quique430@
4782;adriana.escriva598@hotmail.com;Adrian102_
4783;iker.camino60@gmail.com;Ikerca692#
4784;florentino.alvarado624@outlook.com;Floren3412026
4785;sebastian.ramon451@hotmail.com;Sebast249_
4786;nestor.nieto481@yahoo.com;Nestor447!
4787;jeremias.puente862@hotmail.com;Jeremi301#
4788;lupita.castello734@outlook.com;Lupita263#
4789;antonio.del875@outlook.com;Antoni2462026
4790;urbano.medina571@gmail.com;Urbano667_
4791;manola.esparza149@yahoo.com;Manola4122026
4792;fabian.ferreras27@gmail.com;Fabian521123
4793;fortunato.huerta233@gmail.com;Fortun797@
4794;eusebio.batllealvarez362@outlook.com;Eusebi640_
4795;baudelio.bonilla706@yahoo.com;Baudel434#
4796;valentin.garcia589@hotmail.com;Valent634@
4797;victoriano.adrian653@yahoo.com;Victor306_
4798;elias.jordan272@yahoo.com;Eliasj869#
4799;simon.alegre698@outlook.com;Simona505_
4800;claudia.beltran835@hotmail.com;Claudi979@
4801;ildefonso.polocortes630@gmail.com;Ildefo131@
4802;ruperta.ibanez939@yahoo.com;Rupert9312026
4803;narciso.erasmo896@gmail.com;Narcis972#
4804;natividad.plaza942@hotmail.com;Nativi5732026
4805;feliciana.bartolome208@gmail.com;Felici7162026
4806;vasco.de811@gmail.com;Vascod120!
4807;epifanio.osuna171@yahoo.com;Epifan771#
4808;edelmiro.del809@yahoo.com;Edelmi928123
4809;isa.trillo908@yahoo.com;Isatri5792026
4810;teodosio.fabregat510@outlook.com;Teodos584!
4811;herminio.gonzalo512@yahoo.com;Hermin250@
4812;jordana.bustos442@outlook.com;Jordan336#
4813;mariana.benito47@hotmail.com;Marian106123
4814;placido.valero485@yahoo.com;Placid8812026
4815;herminio.del478@yahoo.com;Hermin716123
4816;sarita.trillo721@yahoo.com;Sarita8772026
4817;isaac.maria269@gmail.com;Isaacm353@
4818;sonia.palmerferrandez558@outlook.com;Soniap819!
4819;severo.otero876@gmail.com;Severo943!
4820;inocencio.vidal753@hotmail.com;Inocen307@
4821;florentino.viana768@yahoo.com;Floren8212026
4822;bonifacio.cardona233@hotmail.com;Bonifa806!
4823;cecilia.llanopina508@gmail.com;Cecili199@
4824;juan.carlos262@outlook.com;Juanca771_
4825;efrain.otero969@hotmail.com;Efrain262!
4826;sebastian.acosta90@hotmail.com;Sebast495!
4827;teodosio.de696@gmail.com;Teodos769#
4828;nidia.miro766@gmail.com;Nidiam106123
4829;felicia.de843@gmail.com;Felici187!
4830;luis.angel812@yahoo.com;Luisan997#
4831;dani.falco31@outlook.com;Danifa463!
4832;roberto.guillermo882@outlook.com;Robert457!
4833;jenaro.ripoll813@outlook.com;Jenaro394!
4834;sabina.cerro143@outlook.com;Sabina946_
4835;roxana.menendezarnaiz595@yahoo.com;Roxana267!
4836;gonzalo.jauregui699@outlook.com;Gonzal690@
4837;rosalva.cuenca916@gmail.com;Rosalv236@
4838;maxi.francisco352@gmail.com;Maxifr689#
4839;gaspar.villanuevadavila702@hotmail.com;Gaspar983#
4840;barbara.vara734@hotmail.com;Barbar551@
4841;apolonia.leal434@outlook.com;Apolon337123
4842;pelayo.grau260@outlook.com;Pelayo618123
4843;nereida.pardo963@hotmail.com;Nereid119@
4844;consuela.gonzalez487@hotmail.com;Consue861123
4845;estela.morante224@hotmail.com;Estela820@
4846;anita.alcantara440@outlook.com;Anitaa183_
4847;adela.carmina116@outlook.com;Adelac326!
4848;rosendo.clemente922@hotmail.com;Rosend172_
4849;isaura.carrasco105@yahoo.com;Isaura283_
4850;candida.ferrero759@yahoo.com;Candid539@
4851;mayte.valero224@gmail.com;Maytev643123
4852;montserrat.estrada936@outlook.com;Montse9472026
4853;lourdes.corona637@yahoo.com;Lourde442#
4854;maria.carmen591@hotmail.com;Mariac579_
4855;leonel.bernad191@gmail.com;Leonel731_
4856;diana.buendia392@outlook.com;Dianab2822026
4857;yesica.de32@outlook.com;Yesica5912026
4858;daniel.roman684@yahoo.com;Daniel600123
4859;adolfo.samper214@yahoo.com;Adolfo986!
4860;claudia.aranda538@hotmail.com;Claudi6192026
4861;rafael.rocha466@yahoo.com;Rafael499#
4862;melisa.ramon370@gmail.com;Melisa999123
4863;jose.francisco14@outlook.com;Josefr2572026
4864;leticia.ibanez693@gmail.com;Letici162@
4865;carlota.blazquez71@outlook.com;Carlot835#
4866;rafa.virgilio452@outlook.com;Rafavi857123
4867;asuncion.gonzalo485@hotmail.com;Asunci411123
4868;quirino.palmer654@outlook.com;Quirin327@
4869;jessica.penas182@gmail.com;Jessic692@
4870;pepita.pereira40@outlook.com;Pepita699123
4871;domitila.mariana979@yahoo.com;Domiti847#
4872;jafet.haro249@outlook.com;Jafeth873_
4873;manola.torrecilla636@outlook.com;Manola9492026
4874;ambrosio.del485@gmail.com;Ambros970_
4875;albert.pina405@hotmail.com;Albert450123
4876;candelario.tamaritnarvaez230@gmail.com;Candel750@
4877;florencia.huertas679@yahoo.com;Floren778_
4878;benito.del21@hotmail.com;Benito7772026
4879;reynaldo.reguera14@hotmail.com;Reynal816!
4880;fito.guillen599@gmail.com;Fitogu359123
4881;carlito.donoso465@yahoo.com;Carlit405#
4882;angeles.primitiva181@gmail.com;Angele918#
4883;aurea.pombo764@outlook.com;Aureap4622026
4884;maxima.de76@hotmail.com;Maxima575!
4885;severo.linaresdelgado597@yahoo.com;Severo5452026
4886;sandalio.dieguez398@outlook.com;Sandal299123
4887;loida.sanchez309@outlook.com;Loidas712#
4888;martina.molina877@outlook.com;Martin149@
4889;jordi.roda880@gmail.com;Jordir877#
4890;javier.isaias719@outlook.com;Javier800_
4891;yesica.lopezandres716@yahoo.com;Yesica883_
4892;jose.antonio330@yahoo.com;Josean837#
4893;pia.pascualvalle952@yahoo.com;Piapas500#
4894;evangelina.de40@outlook.com;Evange590!
4895;cirino.patino860@outlook.com;Cirino399_
4896;norberto.rocha989@gmail.com;Norber5242026
4897;custodia.salvmarti121@outlook.com;Custod652@
4898;bernarda.jara395@hotmail.com;Bernar968123
4899;cristobal.matas555@yahoo.com;Cristo350#
4900;osvaldo.manzano824@yahoo.com;Osvald381123
4901;edelmira.aranda403@yahoo.com;Edelmi291!
4902;adelardo.blazquezegea514@outlook.com;Adelar684!
4903;casandra.leticia903@yahoo.com;Casand269#
4904;fabiana.marmol800@gmail.com;Fabian5012026
4905;dolores.villena728@yahoo.com;Dolore1462026
4906;leire.torrens616@outlook.com;Leiret485123
4907;odalys.cortes984@hotmail.com;Odalys336123
4908;toribio.penalver867@gmail.com;Toribi257123
4909;nicolasa.de85@hotmail.com;Nicola222@
4910;reynaldo.barriga445@yahoo.com;Reynal487#
4911;calixta.pina58@hotmail.com;Calixt971#
4912;micaela.rosalva190@hotmail.com;Micael574!
4913;lucho.rodriguez779@hotmail.com;Luchor921_
4914;manu.moreno777@gmail.com;Manumo213!
4915;anunciacion.pelayomorera421@yahoo.com;Anunci331_
4916;jose.luis14@gmail.com;Joselu739123
4917;apolinar.osorio408@outlook.com;Apolin301!
4918;jordan.carrascoferrer371@yahoo.com;Jordan808#
4919;danilo.montes287@gmail.com;Danilo7352026
4920;jessica.lerma700@yahoo.com;Jessic806@
4921;damian.monreal59@outlook.com;Damian805_
4922;perla.bru346@gmail.com;Perlab840_
4923;jesusa.juarezcoello606@gmail.com;Jesusa212_
4924;zaira.clavero716@gmail.com;Zairac113!
4925;morena.casares34@gmail.com;Morena523123
4926;paula.barragan877@yahoo.com;Paulab408123
4927;agueda.del719@hotmail.com;Agueda9462026
4928;mamen.llabres622@outlook.com;Mamenl5582026
4929;consuela.ferrando802@outlook.com;Consue705_
4930;chelo.de363@yahoo.com;Chelod911#
4931;regina.calista56@outlook.com;Regina667_
4932;horacio.rincon56@yahoo.com;Horaci278@
4933;javiera.de783@hotmail.com;Javier835!
4934;enrique.beltran632@outlook.com;Enriqu447#
4935;pacifica.quiros299@hotmail.com;Pacifi414_
4936;elba.cerveramas74@gmail.com;Elbace924123
4937;fortunata.company694@yahoo.com;Fortun134_
4938;primitivo.alvarado380@hotmail.com;Primit552_
4939;lina.mendizabal916@yahoo.com;Liname459!
4940;clementina.palomoriera87@yahoo.com;Clemen765!
4941;jose.maria579@hotmail.com;Josema732!
4942;fausto.tejero955@hotmail.com;Fausto9102026
4943;martin.del512@yahoo.com;Martin1432026
4944;albina.de285@yahoo.com;Albina208!
4945;africa.marin614@yahoo.com;Africa323#
4946;alberto.sarabia877@gmail.com;Albert959@
4947;cesar.albero318@gmail.com;Cesara548123
4948;ildefonso.villar787@outlook.com;Ildefo1642026
4949;aitana.rivas945@yahoo.com;Aitana331@
4950;vasco.quintero461@yahoo.com;Vascoq718!
4951;feliciano.checa593@gmail.com;Felici108@
4952;trini.verdu233@gmail.com;Triniv182123
4953;raimundo.jose876@outlook.com;Raimun732#
4954;claudio.carro700@hotmail.com;Claudi7832026
4955;concha.isa258@yahoo.com;Concha112123
4956;rita.oliver206@hotmail.com;Ritaol446!
4957;adoracion.reig23@hotmail.com;Adorac1412026
4958;jafet.mosquera533@yahoo.com;Jafetm552#
4959;valerio.lopezdiego423@hotmail.com;Valeri817_
4960;reyes.frutos571@hotmail.com;Reyesf353@
4961;nacio.gil770@outlook.com;Naciog998!
4962;raul.aparicio55@outlook.com;Raulap611@
4963;cloe.jodar110@outlook.com;Cloejo345_
4964;erasmo.lucas298@yahoo.com;Erasmo545@
4965;clara.riera569@hotmail.com;Clarar395#
4966;plinio.rodenas796@outlook.com;Plinio938!
4967;margarita.amigosoriano664@gmail.com;Margar333!
4968;jeronimo.peiro534@gmail.com;Jeroni340123
4969;marcio.rueda690@gmail.com;Marcio5092026
4970;victor.serrano113@hotmail.com;Victor538!
4971;javiera.valenciano325@yahoo.com;Javier993_
4972;griselda.octavia452@outlook.com;Grisel322!
4973;maura.espejo406@hotmail.com;Maurae233123
4974;bonifacio.del598@gmail.com;Bonifa307#
4975;yessica.olivaposada941@gmail.com;Yessic263@
4976;sosimo.vara348@yahoo.com;Sosimo399#
4977;calista.vizcaino333@outlook.com;Calist799!
4978;albano.ribera843@yahoo.com;Albano6692026
4979;eleuterio.seve549@gmail.com;Eleute721#
4980;chita.arellanotoledo460@outlook.com;Chitaa976#
4981;flavio.del862@gmail.com;Flavio8542026
4982;amilcar.pinto485@outlook.com;Amilca563_
4983;bernardino.pavon246@outlook.com;Bernar8722026
4984;gerardo.jordancuellar380@gmail.com;Gerard169@
4985;barbara.canales611@hotmail.com;Barbar223!
4986;piedad.moliner869@hotmail.com;Piedad959@
4987;cirino.palacioalonso935@yahoo.com;Cirino1802026
4988;nazario.de34@hotmail.com;Nazari432!
4989;nydia.pera412@gmail.com;Nydiap481#
4990;cruz.castaneda727@gmail.com;Cruzca246123
4991;maria.cristina400@outlook.com;Mariac174#
4992;rosendo.maximiliano481@gmail.com;Rosend6762026
4993;alicia.mate402@gmail.com;Alicia694#
4994;macaria.lara515@hotmail.com;Macari953@
4995;cintia.carbo38@hotmail.com;Cintia2162026
4996;corona.cortes932@hotmail.com;Corona790123
4997;pepita.suarez950@outlook.com;Pepita280#
4998;carmelita.lago578@outlook.com;Carmel179_
4999;juan.luis680@hotmail.com;Juanlu408@
5000;casandra.crespo294@gmail.com;Casand363#
5001;concha.guardiola304@outlook.com;Concha475!
5002;mercedes.ordonez578@hotmail.com;Merced2432026
5003;encarna.villegas266@gmail.com;Encarn2322026
5004;marciano.garate138@hotmail.com;Marcia805123
5005;ainoa.canellasvaquero948@outlook.com;Ainoac316123
5006;evita.llabresroman911@outlook.com;Evital745#
5007;nazaret.larranaga223@yahoo.com;Nazare8962026
5008;mireia.ambar625@gmail.com;Mireia832!
5009;ale.clarisa13@outlook.com;Alecla973@
5010;fausto.sarabia105@gmail.com;Fausto697!
5011;natalia.pascuala509@outlook.com;Natali325123
5012;ruth.corralmaestre57@outlook.com;Ruthco114123
5013;maribel.hernandez156@yahoo.com;Maribe344_
5014;joan.andrade685@hotmail.com;Joanan776#
5015;ana.fiol128@outlook.com;Anafio527#
5016;benjamin.de265@gmail.com;Benjam551_
5017;teodora.rioalmeida310@gmail.com;Teodor751#
5018;sigfrido.yanez974@hotmail.com;Sigfri6932026
5019;luis.angel85@hotmail.com;Luisan6682026
5020;mireia.montesinos738@hotmail.com;Mireia152#
5021;dominga.adadia287@gmail.com;Doming351#
5022;ursula.pareja944@yahoo.com;Ursula192#
5023;viviana.larranagasaez762@outlook.com;Vivian526123
5024;pedro.sosa209@hotmail.com;Pedros289#
5025;nadia.pujadas243@outlook.com;Nadiap8192026
5026;monica.haydee932@gmail.com;Monica232_
5027;eduardo.horacio621@outlook.com;Eduard697!
5028;che.noguera966@gmail.com;Chenog726#
5029;juan.carlos967@gmail.com;Juanca797123
5030;ivan.salamanca884@yahoo.com;Ivansa6122026
5031;tristan.bernardino995@outlook.com;Trista336_
5032;mohamed.verdejo243@hotmail.com;Mohame634#
5033;emigdio.asensio335@gmail.com;Emigdi591123
5034;lourdes.cepedaabellan521@gmail.com;Lourde4152026
5035;pacifica.crespi454@gmail.com;Pacifi1942026
5036;rogelio.guerra102@gmail.com;Rogeli4342026
5037;odalys.cuevas444@hotmail.com;Odalys566!
5038;salud.roca432@hotmail.com;Saludr547@
5039;isaura.blazquez175@yahoo.com;Isaura9892026
5040;evita.lara457@hotmail.com;Evital395!
5041;carmela.ferrerfrias590@hotmail.com;Carmel3642026
5042;adoracion.luque945@outlook.com;Adorac369!
5043;ascension.roman184@yahoo.com;Ascens787_
5044;apolonia.saavedra491@hotmail.com;Apolon4862026
5045;carmina.comas416@hotmail.com;Carmin901!
5046;regina.cabanillas756@outlook.com;Regina517_
5047;americo.carnero114@hotmail.com;Americ315_
5048;susana.de71@yahoo.com;Susana623_
5049;juan.jose350@outlook.com;Juanjo140#
5050;elodia.castillovallejo155@yahoo.com;Elodia814123
5051;andrea.penas509@gmail.com;Andrea699#
5052;amanda.aurora293@yahoo.com;Amanda294@
5053;dalila.toro648@gmail.com;Dalila192_
5054;eli.rincon744@hotmail.com;Elirin907!
5055;jose.luis279@gmail.com;Joselu151!
5056;cosme.saldana922@hotmail.com;Cosmes629123
5057;marina.castejonrueda740@hotmail.com;Marina360#
5058;feliciana.portillo212@gmail.com;Felici551_
5059;jacinta.aparicio47@hotmail.com;Jacint224@
5060;alexandra.rivera471@outlook.com;Alexan679!
5061;sol.pratsherrero752@yahoo.com;Solpra2142026
5062;espiridion.jimenez164@outlook.com;Espiri308_
5063;daniel.iniguez695@gmail.com;Daniel363123
5064;cloe.hernando521@hotmail.com;Cloehe530123
5065;odalys.rodenaschaves738@gmail.com;Odalys760#
5066;carlota.quero516@yahoo.com;Carlot905@
5067;alcides.sevilla319@gmail.com;Alcide393@
5068;jose.isabel749@yahoo.com;Joseis893@
5069;benjamin.vilar434@gmail.com;Benjam2682026
5070;rosario.montana730@gmail.com;Rosari352@
5071;marcia.garate699@gmail.com;Marcia909_
5072;eugenia.custodia370@outlook.com;Eugeni4992026
5073;eutropio.gaya108@yahoo.com;Eutrop475_
5074;irma.villa435@outlook.com;Irmavi399@
5075;brigida.cecilia121@hotmail.com;Brigid7592026
5076;fabiola.pacheco877@outlook.com;Fabiol8512026
5077;liliana.de639@yahoo.com;Lilian343!
5078;arturo.del886@gmail.com;Arturo783123
5079;vito.rodriguez518@yahoo.com;Vitoro992@
5080;dan.del136@yahoo.com;Dandel965#
5081;toni.pineda825@yahoo.com;Tonipi737#
5082;amado.amoros730@yahoo.com;Amadoa974_
5083;domingo.muro719@outlook.com;Doming818@
5084;clara.gabaldonbermudez719@hotmail.com;Clarag726_
5085;maricruz.granados316@yahoo.com;Maricr264123
5086;salud.armas98@gmail.com;Saluda368@
5087;pacifica.sarabialeon337@hotmail.com;Pacifi4802026
5088;demetrio.portero806@hotmail.com;Demetr4142026
5089;maura.carro964@yahoo.com;Maurac411#
5090;macaria.ferrera26@gmail.com;Macari296123
5091;agata.barrios514@yahoo.com;Agatab885!
5092;haydee.grande351@hotmail.com;Haydee4502026
5093;rogelio.hernan993@yahoo.com;Rogeli916@
5094;zaida.crespo422@hotmail.com;Zaidac848@
5095;elias.maximino319@yahoo.com;Eliasm8022026
5096;adelardo.codina713@yahoo.com;Adelar1602026
5097;consuela.rivaslledo790@gmail.com;Consue683_
5098;reyes.jover923@yahoo.com;Reyesj398_
5099;purificacion.puente680@gmail.com;Purifi2682026
5100;mauricio.pablo548@hotmail.com;Mauric512123
5101;nico.macias70@gmail.com;Nicoma486#
5102;roxana.martinpenas603@yahoo.com;Roxana905_
5103;caridad.lara912@outlook.com;Carida801123
5104;francisca.heras18@hotmail.com;Franci587@
5105;melisa.anastasia173@gmail.com;Melisa7872026
5106;maite.ferrer570@outlook.com;Maitef390!
5107;marcos.alvaro808@hotmail.com;Marcos988_
5108;felipe.cervera568@gmail.com;Felipe768_
5109;ramona.solsona719@gmail.com;Ramona643_
5110;amaro.ponce281@hotmail.com;Amarop893@
5111;macarena.rivas535@yahoo.com;Macare486123
5112;gregorio.guardiola484@yahoo.com;Gregor259#
5113;yaiza.tur397@gmail.com;Yaizat3742026
5114;cesar.exposito731@gmail.com;Cesare549@
5115;feliciana.garay359@outlook.com;Felici679!
5116;segismundo.fernandez500@yahoo.com;Segism4702026
5117;jose.mari285@yahoo.com;Josema251_
5118;marcial.rodriguezhuerta338@outlook.com;Marcia858_
5119;heraclio.del517@hotmail.com;Heracl966#
5120;pelayo.escribano130@outlook.com;Pelayo744!
5121;milagros.bibiana439@gmail.com;Milagr654#
5122;emiliana.donaire792@outlook.com;Emilia672123
5123;leoncio.solepuerta301@outlook.com;Leonci654!
5124;ricarda.coloma670@yahoo.com;Ricard651!
5125;roxana.pizarro678@hotmail.com;Roxana105#
5126;bruno.rochamuro822@hotmail.com;Brunor734!
5127;leonardo.del231@hotmail.com;Leonar905@
5128;piedad.del886@hotmail.com;Piedad249@
5129;aurelia.del718@outlook.com;Aureli269#
5130;brigida.espada305@hotmail.com;Brigid899!
5131;cirino.de332@outlook.com;Cirino404#
5132;benita.oliveras360@gmail.com;Benita488_
5133;anselmo.iriarte520@outlook.com;Anselm678#
5134;lucho.de606@yahoo.com;Luchod785123
5135;jose.maria462@outlook.com;Josema881@
5136;moreno.coloma270@yahoo.com;Moreno7762026
5137;rafaela.del640@yahoo.com;Rafael828_
5138;pascual.del596@hotmail.com;Pascua117_
5139;juan.antonio276@hotmail.com;Juanan8302026
5140;joaquin.herrerooliver67@gmail.com;Joaqui732123
5141;jesus.roldan171@hotmail.com;Jesusr187@
5142;rico.valle429@gmail.com;Ricova188_
5143;azeneth.de856@hotmail.com;Azenet658_
5144;angelino.ordonezlastra202@hotmail.com;Angeli190123
5145;quique.palma759@hotmail.com;Quique776#
5146;amando.aliaga967@yahoo.com;Amando959#
5147;consuela.borras18@hotmail.com;Consue841_
5148;roxana.jauregui186@yahoo.com;Roxana943@
5149;alba.arteaga776@hotmail.com;Albaar7832026
5150;celestino.valdesbarranco50@outlook.com;Celest685#
5151;walter.roman110@hotmail.com;Walter7022026
5152;roque.mugicatorrent811@gmail.com;Roquem357123
5153;nicanor.dominguez25@yahoo.com;Nicano224_
5154;candelas.pinol110@gmail.com;Candel4772026
5155;macarena.pinol746@gmail.com;Macare710_
5156;miguel.angel719@yahoo.com;Miguel342@
5157;maria.fernanda94@gmail.com;Mariaf148@
5158;rosenda.sanchez416@gmail.com;Rosend4502026
5159;pili.de747@yahoo.com;Pilide551_
5160;griselda.miro195@gmail.com;Grisel527!
5161;mariana.correa831@yahoo.com;Marian777@
5162;rufina.del930@yahoo.com;Rufina854_
5163;nico.castaneda266@yahoo.com;Nicoca5972026
5164;gabriela.arteagajaume601@hotmail.com;Gabrie414_
5165;severino.vilalta420@hotmail.com;Severi693_
5166;belen.saura531@outlook.com;Belens864#
5167;david.villegassancho191@hotmail.com;Davidv341@
5168;inocencio.de44@yahoo.com;Inocen211#
5169;manu.cabello22@outlook.com;Manuca703@
5170;marina.candelas320@gmail.com;Marina928!
5171;flavio.rojas424@gmail.com;Flavio762@
5172;perlita.villalba470@outlook.com;Perlit232!
5173;gertrudis.del202@hotmail.com;Gertru2962026
5174;yolanda.brionesllopis447@gmail.com;Yoland219!
5175;paco.claudio331@yahoo.com;Pacocl327_
5176;abigail.pulido924@gmail.com;Abigai803123
5177;sandra.mendoza426@outlook.com;Sandra114#
5178;cecilio.de66@yahoo.com;Cecili353@
5179;amaro.matas290@hotmail.com;Amarom783@
5180;angelina.calderon862@yahoo.com;Angeli990_
5181;angelino.palmer763@hotmail.com;Angeli408_
5182;nilo.del286@yahoo.com;Nilode716#
5183;natalia.menendez980@hotmail.com;Natali517@
5184;noelia.bernad988@gmail.com;Noelia345_
5185;ainoa.larrea25@yahoo.com;Ainoal387@
5186;hilario.del604@gmail.com;Hilari883#
5187;ofelia.eusebia638@gmail.com;Ofelia642@
5188;leocadio.morera276@hotmail.com;Leocad865@
5189;guadalupe.galvezcordoba818@hotmail.com;Guadal961#
5190;luciana.sanmartin782@outlook.com;Lucian8952026
5191;abigail.pont967@gmail.com;Abigai391#
5192;asdrubal.bernad102@hotmail.com;Asdrub701@
5193;sarita.grau965@outlook.com;Sarita477#
5194;vilma.ayala165@gmail.com;Vilmaa889#
5195;julieta.seco953@yahoo.com;Juliet346_
5196;ramona.velazquezbatlle598@outlook.com;Ramona638123
5197;rodolfo.del147@yahoo.com;Rodolf749@
5198;rafa.barrera476@yahoo.com;Rafaba557_
5199;sarita.de726@hotmail.com;Sarita592@
5200;juan.jose111@yahoo.com;Juanjo597_
5201;blas.matas526@yahoo.com;Blasma970#
5202;francisca.rios139@gmail.com;Franci9862026
5203;joaquina.peral980@gmail.com;Joaqui894_
5204;charo.vazquez313@gmail.com;Charov699!
5205;araceli.palacio784@gmail.com;Aracel975@
5206;iker.carballo66@gmail.com;Ikerca102#
5207;salud.alcazar431@gmail.com;Saluda292!
5208;walter.munoz696@outlook.com;Walter729123
5209;dafne.calderonmontserrat113@outlook.com;Dafnec418_
5210;lupe.giner97@gmail.com;Lupegi879!
5211;beatriz.padilla689@gmail.com;Beatri386_
5212;moreno.escriva335@hotmail.com;Moreno494@
5213;leoncio.vega647@outlook.com;Leonci8802026
5214;zaira.porras129@gmail.com;Zairap853#
5215;ainara.collado586@hotmail.com;Ainara679123
5216;german.tolosa881@yahoo.com;German349_
5217;jose.antonio89@outlook.com;Josean162#
5218;macario.galindo28@gmail.com;Macari592#
5219;sebastian.bauz451@gmail.com;Sebast444!
5220;saturnina.rio40@hotmail.com;Saturn763_
5221;felix.cadenas841@gmail.com;Felixc298#
5222;vasco.viana174@hotmail.com;Vascov119!
5223;eric.tormobou910@hotmail.com;Ericto310@
5224;romulo.andreu959@yahoo.com;Romulo992#
5225;azahar.ofelia116@hotmail.com;Azahar5082026
5226;adriana.falcobarbero857@gmail.com;Adrian464!
5227;albano.pellicer801@hotmail.com;Albano479#
5228;tomas.llorens95@gmail.com;Tomasl859!
5229;faustino.del204@gmail.com;Fausti531_
5230;gala.ortuno240@outlook.com;Galaor426_
5231;agustina.pinto247@yahoo.com;Agusti529123
5232;oscar.priego89@yahoo.com;Oscarp947_
5233;silvia.jodar524@outlook.com;Silvia457@
5234;ingrid.alsina69@yahoo.com;Ingrid590123
5235;gabino.miguel999@yahoo.com;Gabino163!
5236;natanael.de970@hotmail.com;Natana8852026
5237;cesar.molesvizcaino690@hotmail.com;Cesarm1232026
5238;nicolasa.arrieta709@yahoo.com;Nicola563!
5239;dorita.perlita682@gmail.com;Dorita283@
5240;amada.marquez911@hotmail.com;Amadam439!
5241;ruperta.quevedo697@gmail.com;Rupert579_
5242;isa.asenjo613@hotmail.com;Isaase848_
5243;barbara.yesica558@outlook.com;Barbar804#
5244;maria.carmen970@yahoo.com;Mariac644@
5245;evita.calzada542@yahoo.com;Evitac600@
5246;leonardo.roman32@gmail.com;Leonar2312026
5247;genoveva.lobato777@gmail.com;Genove9472026
5248;fernanda.sarabia729@gmail.com;Fernan528_
5249;isaias.manzano461@gmail.com;Isaias3752026
5250;eva.ferreras266@yahoo.com;Evafer933123
5251;isa.zorrilla640@outlook.com;Isazor4442026
5252;felipa.saavedra455@hotmail.com;Felipa973@
5253;esperanza.valero248@yahoo.com;Espera698_
5254;florina.bello491@gmail.com;Florin151@
5255;reyna.rios717@yahoo.com;Reynar106#
5256;lucho.delgado715@yahoo.com;Luchod5622026
5257;alcides.jordan615@yahoo.com;Alcide620123
5258;azeneth.montenegro433@gmail.com;Azenet555!
5259;marcelino.larrea974@hotmail.com;Marcel761@
5260;venceslas.corral35@yahoo.com;Vences604!
5261;jonatan.briones397@hotmail.com;Jonata937_
5262;fabiola.del945@yahoo.com;Fabiol738#
5263;danilo.aguila802@gmail.com;Danilo235#
5264;octavia.perales423@hotmail.com;Octavi777@
5265;eladio.ordonez470@yahoo.com;Eladio108123
5266;reyna.gema197@outlook.com;Reynag9792026
5267;cleto.castilla455@gmail.com;Cletoc319123
5268;toribio.rocha326@outlook.com;Toribi600123
5269;vicente.de162@hotmail.com;Vicent143123
5270;americo.rojas65@gmail.com;Americ605@
5271;marcela.cabrera394@hotmail.com;Marcel727123
5272;alma.galiano598@outlook.com;Almaga1002026
5273;teofila.varela20@yahoo.com;Teofil293_
5274;alba.gallart493@yahoo.com;Albaga253@
5275;edgardo.joan255@gmail.com;Edgard278@
5276;eufemia.patricia31@gmail.com;Eufemi291_
5277;marta.salazar634@gmail.com;Martas981#
5278;sara.pineiro571@hotmail.com;Sarapi277!
5279;marcelo.guillen996@outlook.com;Marcel890123
5280;ruben.de644@hotmail.com;Rubend788#
5281;rufina.aleman891@hotmail.com;Rufina3252026
5282;nacio.prieto336@hotmail.com;Naciop338_
5283;pacifica.mamen884@yahoo.com;Pacifi399123
5284;rogelio.guardiola353@hotmail.com;Rogeli259#
5285;jacobo.castello483@hotmail.com;Jacobo424#
5286;edgar.josue20@hotmail.com;Edgarj6762026
5287;barbara.felisa364@hotmail.com;Barbar536_
5288;amancio.aroca631@yahoo.com;Amanci388!
5289;maximino.medinabenitez575@outlook.com;Maximi309@
5290;ulises.cabello243@yahoo.com;Ulises581#
5291;eli.marin389@yahoo.com;Elimar482@
5292;loreto.reig429@outlook.com;Loreto762!
5293;nerea.puga985@hotmail.com;Nereap8082026
5294;quirino.david869@gmail.com;Quirin193#
5295;adriana.madrid902@hotmail.com;Adrian515!
5296;gisela.rivera859@hotmail.com;Gisela154!
5297;ximena.briones33@hotmail.com;Ximena5212026
5298;lina.valentin530@outlook.com;Linava217!
5299;tiburcio.enrique472@gmail.com;Tiburc9772026
5300;alex.iniguez497@hotmail.com;Alexin450!
5301;santiago.esparza772@hotmail.com;Santia420_
5302;sarita.heredia906@gmail.com;Sarita753_
5303;pastora.de997@outlook.com;Pastor657#
5304;clemente.vazquez847@hotmail.com;Clemen605!
5305;alejandra.hervia569@yahoo.com;Alejan742123
5306;paulino.gimenez359@yahoo.com;Paulin583@
5307;jaime.tome742@gmail.com;Jaimet839_
5308;socorro.manuela748@hotmail.com;Socorr342#
5309;lara.pou84@yahoo.com;Larapo7062026
5310;romulo.rincon283@outlook.com;Romulo933@
5311;montserrat.tenorio193@hotmail.com;Montse934@
5312;abraham.leal520@hotmail.com;Abraha554@
5313;urbano.isidoro965@outlook.com;Urbano152!
5314;rodolfo.paz111@gmail.com;Rodolf460@
5315;raquel.rius795@yahoo.com;Raquel245!
5316;marcela.villa733@yahoo.com;Marcel585#
5317;tristan.sarabia411@outlook.com;Trista781!
5318;lara.montserrat199@yahoo.com;Laramo923123
5319;maximino.ibanez721@yahoo.com;Maximi500!
5320;severo.alcalde301@gmail.com;Severo935@
5321;chucho.tiburcio839@gmail.com;Chucho896@
5322;nerea.guijarro642@gmail.com;Nereag802@
5323;samuel.riquelme282@outlook.com;Samuel341123
5324;simon.geraldo223@gmail.com;Simong9292026
5325;melisa.soledad794@gmail.com;Melisa712@
5326;jenny.de716@hotmail.com;Jennyd8642026
5327;hernan.ferrera716@gmail.com;Hernan968@
5328;severo.hierro753@outlook.com;Severo562_
5329;domingo.cardenas64@outlook.com;Doming265!
5330;ricarda.pags652@outlook.com;Ricard347123
5331;purificacion.del619@outlook.com;Purifi108#
5332;rodrigo.carpiobartolome694@yahoo.com;Rodrig896#
5333;godofredo.escribano341@outlook.com;Godofr740@
5334;teodosio.balaguer905@hotmail.com;Teodos142@
5335;angeles.pi732@yahoo.com;Angele391_
5336;loida.manzanares680@hotmail.com;Loidam862_
5337;carmen.tejera852@yahoo.com;Carmen6842026
5338;casemiro.santamaria496@yahoo.com;Casemi989@
5339;rafael.bonilla94@hotmail.com;Rafael479#
5340;espiridion.jose647@gmail.com;Espiri406_
5341;ruben.de506@yahoo.com;Rubend559123
5342;dario.alvaro265@gmail.com;Darioa372#
5343;hortensia.de585@outlook.com;Horten6722026
5344;mireia.paezsarabia804@yahoo.com;Mireia436@
5345;angelina.sobrino381@outlook.com;Angeli3212026
5346;candelas.casanovas754@hotmail.com;Candel485#
5347;caridad.velazquez944@outlook.com;Carida813123
5348;alondra.jimenez605@gmail.com;Alondr118123
5349;fernanda.de878@gmail.com;Fernan5472026
5350;pastora.carranzaortuno388@yahoo.com;Pastor797@
5351;rocio.canellas212@hotmail.com;Rocioc256!
5352;carlito.clemente897@gmail.com;Carlit831123
5353;carmen.del611@outlook.com;Carmen411123
5354;teresa.del695@hotmail.com;Teresa558#
5355;joan.abellaescriva72@yahoo.com;Joanab395@
5356;bernabe.barco90@yahoo.com;Bernab373_
5357;enrique.aller978@gmail.com;Enriqu821123
5358;silvia.ayala803@outlook.com;Silvia182@
5359;evangelina.escamillasobrino72@yahoo.com;Evange994@
5360;constanza.morillorivero246@outlook.com;Consta311_
5361;mateo.herediavallejo459@outlook.com;Mateoh817_
5362;domitila.del273@hotmail.com;Domiti8502026
5363;barbara.alberola619@outlook.com;Barbar137#
5364;chelo.batlleexposito363@gmail.com;Chelob772123
5365;artemio.arino115@hotmail.com;Artemi992!
5366;juan.jose307@hotmail.com;Juanjo832@
5367;alma.roldan589@yahoo.com;Almaro952#
5368;griselda.rocamora680@hotmail.com;Grisel877123
5369;sergio.carpio870@outlook.com;Sergio789123
5370;bernardo.camara98@gmail.com;Bernar545_
5371;nazario.bautista596@yahoo.com;Nazari1632026
5372;carlito.benito536@gmail.com;Carlit427_
5373;pia.huertas389@outlook.com;Piahue217123
5374;montserrat.barrera287@gmail.com;Montse121!
5375;inmaculada.pla320@hotmail.com;Inmacu741123
5376;xavier.del19@yahoo.com;Xavier1342026
5377;daniela.montana458@gmail.com;Daniel286_
5378;roldan.de909@gmail.com;Roldan953@
5379;bautista.oller443@gmail.com;Bautis408!
5380;desiderio.moran236@yahoo.com;Deside1942026
5381;rosenda.zaira853@yahoo.com;Rosend7732026
5382;zaira.iriarte482@gmail.com;Zairai255@
5383;cesar.urena836@gmail.com;Cesaru530123
5384;maristela.blanes702@hotmail.com;Marist297#
5385;cipriano.salamanca171@hotmail.com;Cipria949_
5386;ramon.almagro677@yahoo.com;Ramona3822026
5387;wilfredo.del220@hotmail.com;Wilfre517123
5388;toribio.natalio896@hotmail.com;Toribi152@
5389;pelayo.cueto122@gmail.com;Pelayo339@
5390;zacarias.estrada571@gmail.com;Zacari457#
5391;adriana.azcona229@yahoo.com;Adrian996#
5392;ramiro.pujadas973@outlook.com;Ramiro872@
5393;albert.chaves947@outlook.com;Albert392@
5394;manuela.morales896@hotmail.com;Manuel357_
5395;marcelo.cabanillas29@gmail.com;Marcel119!
5396;leyre.gomez50@yahoo.com;Leyreg881#
5397;hernan.jauregui248@yahoo.com;Hernan130_
5398;carmina.criado762@yahoo.com;Carmin207123
5399;demetrio.soria740@outlook.com;Demetr9922026
5400;chuy.de546@gmail.com;Chuyde7872026
5401;gabino.iniguez925@gmail.com;Gabino1702026
5402;martirio.agustina500@hotmail.com;Martir154@
5403;epifanio.del116@hotmail.com;Epifan906123
5404;lucho.geraldo192@gmail.com;Luchog232@
5405;poncio.esparza826@hotmail.com;Poncio812123
5406;irene.alfaro325@yahoo.com;Irenea524@
5407;isabel.del246@hotmail.com;Isabel775@
5408;chelo.duenas669@gmail.com;Chelod915_
5409;piedad.tapia698@yahoo.com;Piedad695@
5410;loida.tamaritvall601@gmail.com;Loidat988_
5411;eloy.abellan842@hotmail.com;Eloyab902#
5412;hector.de583@yahoo.com;Hector853@
5413;manuelita.del363@outlook.com;Manuel849123
5414;guiomar.milla295@gmail.com;Guioma344!
5415;sebastian.gamez220@gmail.com;Sebast679@
5416;sofia.real509@yahoo.com;Sofiar9682026
5417;celso.jauregui481@gmail.com;Celsoj105#
5418;imelda.ferreras841@yahoo.com;Imelda536_
5419;blanca.carreras878@hotmail.com;Blanca803_
5420;flora.bayon470@yahoo.com;Florab319#
5421;amaya.lopez272@yahoo.com;Amayal543@
5422;emiliana.mendezcardenas53@yahoo.com;Emilia762#
5423;eligio.lerma412@gmail.com;Eligio3332026
5424;jose.ramon651@yahoo.com;Josera463123
5425;urbano.castilla381@outlook.com;Urbano379_
5426;rosa.maria83@gmail.com;Rosama5292026
5427;lino.severo763@outlook.com;Linose531!
5428;adalberto.duque451@hotmail.com;Adalbe844#
5429;encarnita.llobetalcalde793@gmail.com;Encarn6672026
5430;jordan.paredes342@gmail.com;Jordan240_
5431;camilo.cesar456@hotmail.com;Camilo490!
5432;celia.lopez701@outlook.com;Celial549@
5433;dominga.felicidad14@outlook.com;Doming483#
5434;conrado.campslobo867@outlook.com;Conrad172@
5435;debora.beltran258@hotmail.com;Debora191123
5436;celestina.ortunomosquera189@hotmail.com;Celest434#
5437;mar.juanita405@yahoo.com;Marjua652@
5438;vidal.mari554@yahoo.com;Vidalm518123
5439;morena.macias418@yahoo.com;Morena312_
5440;mario.tejero91@gmail.com;Mariot738@
5441;urbano.rocha145@hotmail.com;Urbano617@
5442;bernarda.gomezjodar266@hotmail.com;Bernar524@
5443;daniel.del248@hotmail.com;Daniel107@
5444;tiburcio.canas240@hotmail.com;Tiburc561!
5445;adalberto.velez87@gmail.com;Adalbe389@
5446;teresa.pastor287@yahoo.com;Teresa490123
5447;yesica.bauz299@yahoo.com;Yesica457_
5448;sabas.zurita346@outlook.com;Sabasz266@
5449;walter.del773@outlook.com;Walter607!
5450;marina.aranavillalonga747@yahoo.com;Marina265_
5451;bibiana.tello101@outlook.com;Bibian459_
5452;leyre.bellido369@yahoo.com;Leyreb138!
5453;zoraida.canet337@hotmail.com;Zoraid2172026
5454;emperatriz.de28@hotmail.com;Empera840123
5455;juanito.solelucas860@yahoo.com;Juanit6882026
5456;ricardo.iglesias601@hotmail.com;Ricard832#
5457;eustaquio.guardiola229@yahoo.com;Eustaq299@
5458;nacio.quirino430@hotmail.com;Nacioq734_
5459;gervasio.santiago53@gmail.com;Gervas507_
5460;jafet.espanol484@outlook.com;Jafete360#
5461;isidora.carrera179@yahoo.com;Isidor975!
5462;porfirio.cerro115@yahoo.com;Porfir507#
5463;pascual.figuerola403@yahoo.com;Pascua616#
5464;guiomar.banos644@yahoo.com;Guioma9872026
5465;hernan.del30@hotmail.com;Hernan306!
5466;cesar.silvio580@yahoo.com;Cesars947123
5467;vicenta.sola545@yahoo.com;Vicent688123
5468;gaspar.echeverria878@gmail.com;Gaspar421!
5469;maria.carmen928@yahoo.com;Mariac632#
5470;ciriaco.villanueva863@hotmail.com;Ciriac251!
5471;crescencia.romeu794@hotmail.com;Cresce153123
5472;moreno.barral711@yahoo.com;Moreno1952026
5473;ingrid.luciana766@yahoo.com;Ingrid621#
5474;nadia.carrasco909@yahoo.com;Nadiac966_
5475;noemi.de421@yahoo.com;Noemid793_
5476;andres.felipe18@outlook.com;Andres826@
5477;fabiola.benitez248@gmail.com;Fabiol602@
5478;nestor.granados606@gmail.com;Nestor249!
5479;ale.de883@outlook.com;Aledeb422@
5480;cecilia.barcena40@outlook.com;Cecili229@
5481;venceslas.corominas616@hotmail.com;Vences303!
5482;teresita.aguilarmanzano257@outlook.com;Teresi406_
5483;alejandra.calderon75@gmail.com;Alejan141!
5484;aaron.garzon649@gmail.com;Aarong230123
5485;hernando.duran381@yahoo.com;Hernan525@
5486;lilia.guadalupe250@yahoo.com;Liliag5832026
5487;josefina.nicolau374@gmail.com;Josefi337123
5488;teresita.sureda406@gmail.com;Teresi2952026
5489;alejandra.aguilar498@hotmail.com;Alejan5032026
5490;apolinar.omar152@outlook.com;Apolin424!
5491;rocio.de915@outlook.com;Rociod819123
5492;pili.mateu151@yahoo.com;Pilima2512026
5493;maria.dolores735@hotmail.com;Mariad208123
5494;zoraida.manzano775@outlook.com;Zoraid877!
5495;armida.cloe334@hotmail.com;Armida5652026
5496;zacarias.calzada265@yahoo.com;Zacari531_
5497;regulo.casanova43@yahoo.com;Regulo366_
5498;gerardo.bernalcalzada225@outlook.com;Gerard960@
5499;baudelio.roldan866@yahoo.com;Baudel622@
5500;cristina.agudo739@outlook.com;Cristi649!
5501;curro.romerojuarez72@hotmail.com;Curror717!
5502;jose.mari421@hotmail.com;Josema375!
5503;macario.olivera571@outlook.com;Macari678!
5504;rolando.castro105@yahoo.com;Roland177_
5505;soraya.abadvalbuena785@yahoo.com;Soraya155!
5506;joan.pedraza436@yahoo.com;Joanpe374_
5507;leandra.torrens490@gmail.com;Leandr873123
5508;vicenta.caparros598@hotmail.com;Vicent394@
5509;nilda.bermudez547@hotmail.com;Nildab938_
5510;gregorio.villa391@gmail.com;Gregor542_
5511;jose.ignacio110@outlook.com;Joseig893#
5512;gustavo.moliner498@gmail.com;Gustav2942026
5513;americo.goni834@outlook.com;Americ512!
5514;melisa.falco854@outlook.com;Melisa163!
5515;anacleto.saezcarrion315@outlook.com;Anacle731#
5516;damian.fabra758@outlook.com;Damian877!
5517;flavia.montesinos615@yahoo.com;Flavia815!
5518;rufina.sacristan932@gmail.com;Rufina393_
5519;flor.benet42@outlook.com;Florbe591@
5520;genoveva.carballo314@hotmail.com;Genove298123
5521;salvador.del168@hotmail.com;Salvad584#
5522;ana.torrensbarbero218@gmail.com;Anator123@
5523;marta.ramirez900@gmail.com;Martar421@
5524;esteban.rosales853@hotmail.com;Esteba304_
5525;nicanor.del215@yahoo.com;Nicano359!
5526;rafaela.ferrero503@yahoo.com;Rafael770123
5527;lucila.izquierdoamores761@hotmail.com;Lucila228!
5528;plinio.pedro643@gmail.com;Plinio243!
5529;febe.julian353@outlook.com;Febeju955_
5530;roman.mir203@gmail.com;Romanm165_
5531;isaura.sola885@gmail.com;Isaura519123
5532;anacleto.amoros30@outlook.com;Anacle224_
5533;rocio.almansa178@hotmail.com;Rocioa372@
5534;leyre.solera806@gmail.com;Leyres257@
5535;cecilio.mir523@yahoo.com;Cecili973_
5536;natalio.porcel874@outlook.com;Natali796!
5537;juan.pablo470@yahoo.com;Juanpa833#
5538;wilfredo.camino518@gmail.com;Wilfre426123
5539;santiago.valenzuela624@outlook.com;Santia968123
5540;guiomar.codina390@yahoo.com;Guioma3072026
5541;carlota.marita325@gmail.com;Carlot909@
5542;evaristo.carlos385@outlook.com;Evaris161#
5543;sebastian.iriarte881@gmail.com;Sebast789!
5544;noe.pedrosa136@yahoo.com;Noeped889123
5545;bienvenida.casares383@yahoo.com;Bienve636123
5546;hortensia.torrents996@gmail.com;Horten562!
5547;ines.oliva826@hotmail.com;Inesol178@
5548;agustina.marquez817@outlook.com;Agusti819123
5549;gabino.gomis771@outlook.com;Gabino580!
5550;valeria.leocadia898@gmail.com;Valeri259123
5551;lupe.sala529@outlook.com;Lupesa847!
5552;javiera.silva649@outlook.com;Javier866!
5553;blanca.cisnerospereira525@yahoo.com;Blanca769123
5554;felix.lucas524@gmail.com;Felixl8122026
5555;delfina.escobar579@gmail.com;Delfin627!
5556;hipolito.alvarezcatala31@gmail.com;Hipoli101@
5557;humberto.reina322@outlook.com;Humber395_
5558;moreno.pardo848@outlook.com;Moreno947_
5559;maximino.del973@hotmail.com;Maximi1262026
5560;leandro.arnaiz497@outlook.com;Leandr908@
5561;sancho.bertranmoreno895@hotmail.com;Sancho431123
5562;rosa.maria33@outlook.com;Rosama161123
5563;cecilio.osuna630@outlook.com;Cecili345!
5564;magdalena.de32@outlook.com;Magdal4002026
5565;mario.narvaez581@yahoo.com;Marion919@
5566;apolonia.esteban990@outlook.com;Apolon284123
5567;reynaldo.sanmiguel910@hotmail.com;Reynal813!
5568;evita.checa977@outlook.com;Evitac187123
5569;ruben.del423@outlook.com;Rubend353@
5570;enrique.palomares504@outlook.com;Enriqu947!
5571;baltasar.rodriguez666@outlook.com;Baltas734123
5572;martin.nunez706@yahoo.com;Martin372@
5573;maria.carmen755@yahoo.com;Mariac2262026
5574;carlota.barranco711@gmail.com;Carlot970_
5575;clara.alvarez881@hotmail.com;Claraa447_
5576;constanza.valencianoferreras831@hotmail.com;Consta908@
5577;angelina.martinez957@hotmail.com;Angeli967@
5578;gervasio.ulises399@gmail.com;Gervas228123
5579;maria.manuela111@gmail.com;Mariam265!
5580;anastasio.arnau795@gmail.com;Anasta833!
5581;camilo.hurtado354@hotmail.com;Camilo117_
5582;noe.llamas720@hotmail.com;Noella187_
5583;luna.gasconrocamora748@yahoo.com;Lunaga502!
5584;ramon.gallart303@outlook.com;Ramong381#
5585;rene.lloret22@gmail.com;Renell115!
5586;lucia.olivera443@outlook.com;Luciao8432026
5587;marcelo.artigasalba696@outlook.com;Marcel502#
5588;judith.santamaria908@outlook.com;Judith440@
5589;heriberto.porras695@yahoo.com;Heribe939@
5590;nayara.de636@yahoo.com;Nayara913_
5591;beatriz.benita81@hotmail.com;Beatri203_
5592;ligia.rovira201@hotmail.com;Ligiar217_
5593;jose.luis474@outlook.com;Joselu580123
5594;ignacio.jove13@gmail.com;Ignaci746!
5595;anselmo.herrero346@outlook.com;Anselm751!
5596;jose.miguel150@yahoo.com;Josemi489123
5597;elisabet.cuenca881@gmail.com;Elisab687123
5598;fatima.barcena832@gmail.com;Fatima695_
5599;angeles.borja480@hotmail.com;Angele8672026
5600;andres.felipe749@gmail.com;Andres329!
5601;custodio.linares691@hotmail.com;Custod3812026
5602;noelia.espana169@yahoo.com;Noelia471123
5603;rafael.martorellriquelme593@outlook.com;Rafael322_
5604;adolfo.castilla206@hotmail.com;Adolfo212_
5605;felisa.ugarte718@outlook.com;Felisa100#
5606;brunilda.moreno171@hotmail.com;Brunil110123
5607;blas.salmeron127@gmail.com;Blassa859#
5608;alfonso.espejoriquelme180@yahoo.com;Alfons727_
5609;monica.anaya963@outlook.com;Monica4762026
5610;maximino.daza472@outlook.com;Maximi193123
5611;fausto.martigelabert941@hotmail.com;Fausto569@
5612;isaac.del95@outlook.com;Isaacd8472026
5613;graciano.pulido701@gmail.com;Gracia574_
5614;joaquina.pontarribas125@gmail.com;Joaqui319!
5615;rosendo.macias831@outlook.com;Rosend554_
5616;ileana.medinacanete443@gmail.com;Ileana605#
5617;paola.gimenez451@hotmail.com;Paolag920!
5618;ani.gilabert919@outlook.com;Anigil594!
5619;eligio.jacobo54@hotmail.com;Eligio471!
5620;alonso.sanabriagalvan751@outlook.com;Alonso402!
5621;buenaventura.victorino675@gmail.com;Buenav571#
5622;carmela.marita16@yahoo.com;Carmel1872026
5623;fabio.morales632@gmail.com;Fabiom653#
5624;pepe.acedo242@yahoo.com;Pepeac591#
5625;gregorio.de383@yahoo.com;Gregor670#
5626;tristan.sanz262@outlook.com;Trista254!
5627;candida.fuentes349@gmail.com;Candid423@
5628;francisca.hidalgo38@gmail.com;Franci302#
5629;barbara.de507@yahoo.com;Barbar763@
5630;isaura.jurado132@hotmail.com;Isaura6022026
5631;bonifacio.quero360@hotmail.com;Bonifa104#
5632;ceferino.echevarria864@hotmail.com;Ceferi128_
5633;abilio.fabregat326@yahoo.com;Abilio420#
5634;elodia.olmo713@outlook.com;Elodia870_
5635;emiliano.benito974@yahoo.com;Emilia815123
5636;josep.roman496@yahoo.com;Josepr559!
5637;jose.luis327@gmail.com;Joselu525!
5638;tamara.casanovas760@gmail.com;Tamara523#
5639;abigail.hernandez332@gmail.com;Abigai611!
5640;mariano.conesa378@yahoo.com;Marian873!
5641;ciriaco.raimundo439@yahoo.com;Ciriac135_
5642;aitor.belmonte263@yahoo.com;Aitorb713#
5643;hector.goicoechea394@hotmail.com;Hector144#
5644;mar.cozar235@hotmail.com;Marcoz465_
5645;dani.nebot18@yahoo.com;Danine296@
5646;severiano.mugica464@outlook.com;Severi888!
5647;amor.garate223@gmail.com;Amorga612!
5648;josep.lledo350@outlook.com;Josepl446@
5649;nilo.de950@outlook.com;Nilode792#
5650;rufino.escalona468@hotmail.com;Rufino737123
5651;sofia.criado634@hotmail.com;Sofiac309123
5652;angelita.rossello337@outlook.com;Angeli160123
5653;hernan.menendez874@hotmail.com;Hernan576@
5654;samuel.cervantessanjuan131@yahoo.com;Samuel134#
5655;leoncio.izquierdo570@yahoo.com;Leonci681123
5656;reyes.leoncio743@outlook.com;Reyesl148@
5657;adelardo.calzadasola496@gmail.com;Adelar3472026
5658;vicente.zamorano879@outlook.com;Vicent832_
5659;natividad.aguilera93@yahoo.com;Nativi666123
5660;casemiro.prats690@outlook.com;Casemi815123
5661;amalia.rivas390@outlook.com;Amalia277_
5662;paulino.arco233@outlook.com;Paulin199@
5663;ramona.anayacarbo310@outlook.com;Ramona943@
5664;loida.veralumbreras358@gmail.com;Loidav121123
5665;amor.duran966@gmail.com;Amordu634@
5666;fanny.bosch583@outlook.com;Fannyb3452026
5667;alexandra.donoso513@gmail.com;Alexan493_
5668;raul.tristan200@gmail.com;Raultr598@
5669;valentin.gutierrez653@gmail.com;Valent771#
5670;samanta.frutos780@gmail.com;Samant822123
5671;gloria.agudo255@outlook.com;Gloria312_
5672;eugenia.comas17@outlook.com;Eugeni871#
5673;rosalinda.uria910@yahoo.com;Rosali559!
5674;juana.oteromanuel395@gmail.com;Juanao3772026
5675;ciro.landa612@hotmail.com;Cirola478_
5676;plinio.davila131@outlook.com;Plinio760!
5677;trini.amador929@hotmail.com;Trinia925#
5678;lourdes.valle490@gmail.com;Lourde275_
5679;jennifer.macaria690@hotmail.com;Jennif9702026
5680;yesica.pardo197@gmail.com;Yesica107#
5681;agustina.muletpadilla737@hotmail.com;Agusti2432026
5682;griselda.escolanoropero695@yahoo.com;Grisel624123
5683;bernarda.solebecerra605@yahoo.com;Bernar689@
5684;jose.antonio623@hotmail.com;Josean654_
5685;arsenio.gisbert963@hotmail.com;Arseni190#
5686;octavia.zorrilla411@hotmail.com;Octavi592_
5687;jose.mari809@gmail.com;Josema909123
5688;hilda.del891@outlook.com;Hildad663!
5689;angelica.gabaldon467@outlook.com;Angeli645_
5690;dani.pedro565@outlook.com;Danipe797@
5691;delia.galvez208@hotmail.com;Deliag4422026
5692;mateo.carvajal451@yahoo.com;Mateoc454_
5693;palmira.feijoo455@outlook.com;Palmir168_
5694;luis.aleman594@hotmail.com;Luisal260_
5695;aaron.ciriaco318@outlook.com;Aaronc963_
5696;heriberto.del251@outlook.com;Heribe418@
5697;jose.antonio444@yahoo.com;Josean7272026
5698;claudia.silva415@yahoo.com;Claudi813@
5699;fortunato.isern840@hotmail.com;Fortun270#
5700;isidoro.galvez646@hotmail.com;Isidor406123
5701;calisto.puerta247@hotmail.com;Calist388123
5702;rene.arce367@gmail.com;Renear470123
5703;priscila.de253@hotmail.com;Prisci574!
5704;seve.de23@yahoo.com;Sevede4482026
5705;josefa.del731@gmail.com;Josefa532@
5706;teo.rueda456@outlook.com;Teorue725!
5707;leoncio.murcarranza825@hotmail.com;Leonci510!
5708;samuel.del927@yahoo.com;Samuel966#
5709;adriana.canton508@yahoo.com;Adrian654123
5710;heliodoro.herrera191@gmail.com;Heliod634_
5711;dolores.del356@hotmail.com;Dolore584@
5712;hector.carrerassoriano759@yahoo.com;Hector1202026
5713;goyo.munoz755@gmail.com;Goyomu282#
5714;benigna.ramon985@yahoo.com;Benign746@
5715;candido.del131@gmail.com;Candid259#
5716;nicolas.barragan901@yahoo.com;Nicola621@
5717;urbano.del740@gmail.com;Urbano977@
5718;ascension.del558@hotmail.com;Ascens871#
5719;eli.hernando212@outlook.com;Eliher851@
5720;artemio.toro912@gmail.com;Artemi865#
5721;lidia.de207@outlook.com;Lidiad136123
5722;flora.gonzalez204@yahoo.com;Florag752@
5723;maria.bonilla123@hotmail.com;Mariab1412026
5724;bautista.molins159@hotmail.com;Bautis774#
5725;griselda.baez849@outlook.com;Grisel1432026
5726;dorotea.del43@yahoo.com;Dorote743123
5727;artemio.marco656@hotmail.com;Artemi486!
5728;clementina.pazos403@hotmail.com;Clemen403_
5729;rebeca.del684@outlook.com;Rebeca979_
5730;maria.pinol915@gmail.com;Mariap907@
5731;amaya.gimeno155@hotmail.com;Amayag8382026
5732;fabio.de504@yahoo.com;Fabiod310#
5733;roberta.marco158@outlook.com;Robert7512026
5734;lucas.villanueva882@yahoo.com;Lucasv307#
5735;jordi.almeida336@yahoo.com;Jordia573#
5736;alfredo.poncio141@yahoo.com;Alfred377123
5737;berto.fajardo208@outlook.com;Bertof671#
5738;david.artigas40@hotmail.com;Davida452_
5739;francisco.aguirre540@gmail.com;Franci3452026
5740;rodrigo.pablo120@outlook.com;Rodrig9112026
5741;juan.antonio230@outlook.com;Juanan229123
5742;dolores.de478@outlook.com;Dolore871_
5743;claudia.perez975@hotmail.com;Claudi700!
5744;jose.antonio407@yahoo.com;Josean862123
5745;estrella.rosado31@yahoo.com;Estrel356!
5746;aaron.caceres870@yahoo.com;Aaronc1622026
5747;ileana.ramis15@gmail.com;Ileana438_
5748;micaela.tolosa190@outlook.com;Micael618!
5749;cristobal.cortes476@yahoo.com;Cristo339#
5750;alonso.gamez677@hotmail.com;Alonso937123
5751;esther.rosalinda691@hotmail.com;Esther866#
5752;sergio.amoros958@gmail.com;Sergio9312026
5753;ligia.marin862@outlook.com;Ligiam925#
5754;eric.heras487@hotmail.com;Eriche5152026
5755;concha.ribascastro937@outlook.com;Concha742@
5756;pepe.mas111@gmail.com;Pepema548#
5757;juan.pablo536@outlook.com;Juanpa9602026
5758;fidel.casals647@outlook.com;Fidelc232#
5759;lara.cortes429@yahoo.com;Laraco317!
5760;lara.piquer544@outlook.com;Larapi921!
5761;teofilo.del770@gmail.com;Teofil525#
5762;carmelo.grande965@gmail.com;Carmel214_
5763;marcelo.hector427@gmail.com;Marcel302#
5764;felipa.del314@outlook.com;Felipa983#
5765;felipe.recio585@hotmail.com;Felipe2092026
5766;rebeca.castrillo272@hotmail.com;Rebeca389@
5767;margarita.izquierdo659@gmail.com;Margar860123
5768;rosendo.colomer752@gmail.com;Rosend385!
5769;marta.crespi69@hotmail.com;Martac912!
5770;vidal.marquez183@gmail.com;Vidalm716@
5771;graciela.anguita230@outlook.com;Gracie983#
5772;esperanza.isabel960@yahoo.com;Espera566@
5773;francisco.javier385@outlook.com;Franci315123
5774;montserrat.pinillagual274@hotmail.com;Montse662#
5775;eugenio.solera590@outlook.com;Eugeni461!
5776;plinio.fito600@yahoo.com;Plinio930#
5777;eva.maria635@hotmail.com;Evamar5692026
5778;sofia.coll915@outlook.com;Sofiac181!
5779;charo.adela13@hotmail.com;Charoa269123
5780;lucho.chaves15@outlook.com;Luchoc547_
5781;adela.rosello673@hotmail.com;Adelar848123
5782;heliodoro.cabezas193@hotmail.com;Heliod970#
5783;climaco.de94@gmail.com;Climac924!
5784;maxi.garmendia583@outlook.com;Maxiga585_
5785;mariana.sevilla650@yahoo.com;Marian104123
5786;vito.arcos862@hotmail.com;Vitoar540@
5787;rocio.amaya370@gmail.com;Rocioa515@
5788;eugenia.mendez693@gmail.com;Eugeni891!
5789;eutropio.castellanos322@yahoo.com;Eutrop720@
5790;joaquin.raya927@yahoo.com;Joaqui3992026
5791;melisa.llobet53@yahoo.com;Melisa294!
5792;ani.barrera931@yahoo.com;Anibar632!
5793;octavia.manjon169@outlook.com;Octavi5752026
5794;gregorio.robledo585@hotmail.com;Gregor400@
5795;gabriela.del926@hotmail.com;Gabrie901123
5796;adelaida.de711@outlook.com;Adelai172#
5797;ema.hernandez194@gmail.com;Emaher467@
5798;roberto.hoz466@yahoo.com;Robert131@
5799;glauco.ordonez334@gmail.com;Glauco911_
5800;gil.baena974@yahoo.com;Gilbae991@
5801;carmen.perla786@yahoo.com;Carmen622123
5802;lisandro.poza502@gmail.com;Lisand383!
5803;nicolasa.vina972@yahoo.com;Nicola411123
5804;ascension.gelabert558@outlook.com;Ascens179!
5805;maximiano.del926@yahoo.com;Maximi245123
5806;jose.cordero887@gmail.com;Joseco822123
5807;africa.iborra987@gmail.com;Africa952123
5808;leon.morera516@yahoo.com;Leonmo444123
5809;florencio.ferrer60@hotmail.com;Floren917123
5810;cintia.quesada903@gmail.com;Cintia112_
5811;custodia.bermudez831@outlook.com;Custod577@
5812;jessica.del935@outlook.com;Jessic975_
5813;arcelia.priego667@gmail.com;Arceli296123
5814;victor.manuel501@hotmail.com;Victor387#
5815;roberta.gil170@outlook.com;Robert740!
5816;carmelo.bustamante866@yahoo.com;Carmel336123
5817;maribel.diez672@hotmail.com;Maribe928123
5818;amor.mancebo592@gmail.com;Amorma709_
5819;alba.benitez201@gmail.com;Albabe966123
5820;cristian.arcos662@yahoo.com;Cristi713@
5821;saturnina.adelia834@outlook.com;Saturn3432026
5822;georgina.nicolas150@outlook.com;Georgi3802026
5823;juanito.ortuno873@yahoo.com;Juanit274!
5824;clarisa.rosellocontreras614@hotmail.com;Claris396_
5825;sebastian.del136@outlook.com;Sebast2902026
5826;julio.cesar655@outlook.com;Julioc369#
5827;marino.bilbao166@gmail.com;Marino212!
5828;zaira.pozuelo105@yahoo.com;Zairap1732026
5829;belen.leon808@yahoo.com;Belenl4572026
5830;carlos.jerez61@hotmail.com;Carlos855#
5831;leopoldo.maldonado329@yahoo.com;Leopol433!
5832;desiderio.ribas194@hotmail.com;Deside286123
5833;salome.manriquehierro864@hotmail.com;Salome993!
5834;graciano.manzanares600@gmail.com;Gracia244_
5835;eligio.severiano887@hotmail.com;Eligio726_
5836;modesta.ibarra179@gmail.com;Modest651#
5837;pelayo.acunaquevedo413@hotmail.com;Pelayo9502026
5838;josefina.exposito349@gmail.com;Josefi474_
5839;rufino.gonzalezbilbao490@hotmail.com;Rufino885@
5840;ester.ferrer331@outlook.com;Esterf469!
5841;gabino.del244@yahoo.com;Gabino134123
5842;agata.arjona643@hotmail.com;Agataa139@
5843;candelaria.salv502@yahoo.com;Candel156@
5844;cayetana.coronado92@hotmail.com;Cayeta307@
5845;maria.cristina550@gmail.com;Mariac553@
5846;consuela.lina479@yahoo.com;Consue802@
5847;coral.anguita967@yahoo.com;Corala430#
5848;yessica.hernandezalvaro252@hotmail.com;Yessic7282026
5849;gracia.portillo321@yahoo.com;Gracia511_
5850;americo.de412@hotmail.com;Americ174!
5851;bautista.buendia462@gmail.com;Bautis2432026
5852;jose.maria708@hotmail.com;Josema178_
5853;vicenta.canizares612@hotmail.com;Vicent229#
5854;adan.cuevas797@hotmail.com;Adancu661@
5855;filomena.etelvina240@hotmail.com;Filome306@
5856;loreto.chacon566@gmail.com;Loreto556123
5857;maria.belen340@yahoo.com;Mariab316@
5858;maria.carmen45@gmail.com;Mariac998#
5859;jose.antonio409@gmail.com;Josean108123
5860;alejandra.macias201@yahoo.com;Alejan381!
5861;valentina.garcia934@gmail.com;Valent707@
5862;miguel.angel37@yahoo.com;Miguel890!
5863;tecla.leyre372@yahoo.com;Teclal196#
5864;chelo.roura332@gmail.com;Chelor382!
5865;agueda.calderon227@yahoo.com;Agueda429@
5866;cruz.martorell246@yahoo.com;Cruzma227123
5867;alexandra.mariscal763@gmail.com;Alexan358123
5868;teodosio.del879@yahoo.com;Teodos416!
5869;cloe.lastrabarcena656@outlook.com;Cloela286#
5870;jonatan.aguilo535@hotmail.com;Jonata581#
5871;gloria.nieto503@yahoo.com;Gloria550@
5872;josefa.egea308@hotmail.com;Josefa839123
5873;bernabe.ruano669@hotmail.com;Bernab9832026
5874;esteban.toni22@gmail.com;Esteba145!
5875;isabela.leocadia162@hotmail.com;Isabel922#
5876;conrado.leopoldo194@yahoo.com;Conrad4652026
5877;roman.andres236@hotmail.com;Romana147123
5878;teresa.petrona310@outlook.com;Teresa834!
5879;santiago.franchmari176@outlook.com;Santia5202026
5880;angeles.reyes19@gmail.com;Angele987@
5881;fulgencio.vidalarribas558@gmail.com;Fulgen263#
5882;flavia.higuerasjover870@hotmail.com;Flavia777@
5883;juan.bautista859@hotmail.com;Juanba676123
5884;africa.jorda254@outlook.com;Africa178123
5885;olalla.mascaro986@yahoo.com;Olalla451_
5886;dionisio.bertran40@hotmail.com;Dionis828!
5887;cesar.planas571@outlook.com;Cesarp7752026
5888;juanita.ramis798@outlook.com;Juanit9272026
5889;renata.ortizroda734@yahoo.com;Renata907!
5890;desiderio.manzanares787@outlook.com;Deside606123
5891;tomasa.anton811@hotmail.com;Tomasa5132026
5892;tristan.duque292@outlook.com;Trista597#
5893;toni.crespi226@gmail.com;Tonicr153@
5894;roman.gonilucena650@gmail.com;Romang308#
5895;martirio.mora659@gmail.com;Martir968!
5896;roque.bernardo904@hotmail.com;Roqueb141_
5897;juanito.de167@outlook.com;Juanit7262026
5898;matilde.duran690@gmail.com;Matild634#
5899;petrona.ferrandez771@outlook.com;Petron165_
5900;agustina.castillo859@outlook.com;Agusti902!
5901;martin.mesa18@gmail.com;Martin265!
5902;florentina.ribesosuna32@hotmail.com;Floren2732026
5903;alma.navarrete468@gmail.com;Almana1062026
5904;maite.heredia554@hotmail.com;Maiteh401!
5905;anita.barbero400@yahoo.com;Anitab2982026
5906;ramiro.severo835@gmail.com;Ramiro199!
5907;eligia.busquets386@yahoo.com;Eligia383_
5908;amaya.narcisa898@gmail.com;Amayan1772026
5909;ruth.atienza432@outlook.com;Ruthat460!
5910;felicidad.ariza197@yahoo.com;Felici809_
5911;abril.rivas657@gmail.com;Abrilr354!
5912;miriam.de314@yahoo.com;Miriam635!
5913;raimundo.rosello162@outlook.com;Raimun474#
5914;dan.rey416@yahoo.com;Danrey294#
5915;socorro.vinas612@gmail.com;Socorr526123
5916;candelas.de735@outlook.com;Candel530!
5917;jose.carlos615@outlook.com;Joseca889#
5918;martin.paniagua182@gmail.com;Martin954_
5919;amor.escriva217@yahoo.com;Amores203123
5920;renato.pavon341@hotmail.com;Renato455!
5921;fabricio.espinosa773@outlook.com;Fabric868123
5922;reinaldo.coronado177@gmail.com;Reinal2022026
5923;severiano.guijarro302@yahoo.com;Severi404!
5924;gilberto.ribes403@outlook.com;Gilber732#
5925;nazario.calisto658@yahoo.com;Nazari920#
5926;begona.carbonell674@outlook.com;Begona925!
5927;urbano.gil808@hotmail.com;Urbano869_
5928;glauco.villalba604@gmail.com;Glauco6602026
5929;samanta.concepcion78@gmail.com;Samant956!
5930;nerea.galindo460@hotmail.com;Nereag527@
5931;dimas.escriva325@yahoo.com;Dimase614#
5932;guadalupe.casas648@outlook.com;Guadal157#
5933;gabriel.garcia901@hotmail.com;Gabrie280@
5934;montserrat.vaquero614@gmail.com;Montse883@
5935;ricardo.monterogarzon577@gmail.com;Ricard313#
5936;jose.ignacio578@hotmail.com;Joseig2332026
5937;jose.antonio117@gmail.com;Josean8362026
5938;heliodoro.gallo588@outlook.com;Heliod485_
5939;renato.saavedra832@gmail.com;Renato662!
5940;glauco.figueras583@hotmail.com;Glauco854_
5941;clara.gironcespedes632@gmail.com;Clarag1802026
5942;fito.gimenonunez717@hotmail.com;Fitogi7742026
5943;vanesa.murillo620@yahoo.com;Vanesa9712026
5944;jonatan.jimenez607@yahoo.com;Jonata332#
5945;diana.fonseca891@outlook.com;Dianaf266!
5946;dafne.aguilerabarbero701@hotmail.com;Dafnea6312026
5947;severo.del14@gmail.com;Severo731@
5948;lorenzo.sole828@gmail.com;Lorenz832!
5949;hipolito.avilestolosa856@outlook.com;Hipoli655_
5950;lorenza.bravo525@hotmail.com;Lorenz975#
5951;juana.duran759@gmail.com;Juanad891@
5952;jose.coloma990@hotmail.com;Joseco5822026
5953;francisco.javier311@yahoo.com;Franci3822026
5954;irene.chico24@outlook.com;Irenec987#
5955;pancho.soler44@gmail.com;Pancho1212026
5956;felipa.giner379@hotmail.com;Felipa213123
5957;gracia.cortesamor774@gmail.com;Gracia956_
5958;consuela.sanchez983@yahoo.com;Consue617_
5959;rufino.de127@yahoo.com;Rufino3262026
5960;vito.de208@hotmail.com;Vitode885_
5961;jose.carlos406@gmail.com;Joseca360_
5962;emigdio.hernandez463@yahoo.com;Emigdi387123
5963;juliana.plamurcia574@gmail.com;Julian507123
5964;soraya.barcena280@yahoo.com;Soraya1792026
5965;gonzalo.saez263@hotmail.com;Gonzal181!
5966;josefa.del940@hotmail.com;Josefa800#
5967;amanda.frias460@gmail.com;Amanda800@
5968;cristina.vilaplana306@gmail.com;Cristi838_
5969;victor.lledorios380@outlook.com;Victor165123
5970;amor.gilabert540@yahoo.com;Amorgi908@
5971;paulino.abellan574@gmail.com;Paulin684#
5972;ariel.cuadrado526@yahoo.com;Arielc668@
5973;alicia.perales62@outlook.com;Alicia148#
5974;cesar.salomarmas391@gmail.com;Cesars3132026
5975;manuelita.duran681@outlook.com;Manuel348123
5976;monica.arandaperales603@outlook.com;Monica128123
5977;odalys.ballesteros59@yahoo.com;Odalys271_
5978;leocadia.verdugo630@gmail.com;Leocad601_
5979;olga.felipa131@outlook.com;Olgafe970_
5980;leon.bermejo518@gmail.com;Leonbe253123
5981;claudio.fuenteshoz40@outlook.com;Claudi766123
5982;candido.carrillo79@hotmail.com;Candid5372026
5983;octavio.cobo857@outlook.com;Octavi639@
5984;mario.valero534@gmail.com;Mariov394@
5985;juan.antonio978@yahoo.com;Juanan8962026
5986;aristides.almazan825@yahoo.com;Aristi777123
5987;macario.castro325@hotmail.com;Macari5192026
5988;albina.bayona898@yahoo.com;Albina188#
5989;nicodemo.sanmiguel992@yahoo.com;Nicode500!
5990;cirino.anibal732@yahoo.com;Cirino971123
5991;lupe.cabello233@hotmail.com;Lupeca203#
5992;vidal.rozas736@gmail.com;Vidalr488123
5993;jose.carlos947@outlook.com;Joseca832_
5994;gracia.baro461@yahoo.com;Gracia128_
5995;rafaela.contrerassalamanca133@yahoo.com;Rafael140123
5996;custodia.lastra764@yahoo.com;Custod606123
5997;maria.teresa832@gmail.com;Mariat7942026
5998;eufemia.brupomares78@yahoo.com;Eufemi844!
5999;lazaro.sosa634@yahoo.com;Lazaro170@
6000;encarnacion.cepeda81@hotmail.com;Encarn994_
6001;domitila.cuervo33@hotmail.com;Domiti532!
6002;quique.acero314@yahoo.com;Quique133123
6003;eustaquio.gabriel102@yahoo.com;Eustaq695@
6004;ciro.rocamora631@outlook.com;Ciroro969!
6005;jacinta.de517@outlook.com;Jacint153!
6006;hector.benitezfuentes554@gmail.com;Hector150!
6007;lorenza.palmer373@gmail.com;Lorenz981!
6008;damian.arribas22@yahoo.com;Damian404123
6009;felicidad.mir80@hotmail.com;Felici726_
6010;guiomar.vizcaino526@gmail.com;Guioma154123
6011;iban.giron69@yahoo.com;Ibangi970_
6012;cristian.solana251@yahoo.com;Cristi4682026
6013;carlito.maza83@yahoo.com;Carlit526!
6014;erasmo.osorioescudero650@hotmail.com;Erasmo7212026
6015;aitana.vidal900@outlook.com;Aitana9192026
6016;marco.jordan227@yahoo.com;Marcoj767_
6017;tadeo.gomez851@outlook.com;Tadeog533123
6018;eligia.ibanez200@gmail.com;Eligia775#
6019;eugenia.palma753@yahoo.com;Eugeni451123
6020;abigail.del773@hotmail.com;Abigai200#
6021;ignacia.girona978@gmail.com;Ignaci380#
6022;cornelio.gaya233@gmail.com;Cornel9412026
6023;reynaldo.gomez821@outlook.com;Reynal246_
6024;ariadna.polo615@gmail.com;Ariadn207!
6025;maricruz.pinedo915@outlook.com;Maricr692!
6026;juanita.lujan771@gmail.com;Juanit788#
6027;elena.rocha695@gmail.com;Elenar674@
6028;ale.roman672@hotmail.com;Alerom891@
6029;morena.eva297@outlook.com;Morena213!
6030;raquel.aroca116@outlook.com;Raquel3592026
6031;juan.pablo572@outlook.com;Juanpa738#
6032;reyna.ferrero172@hotmail.com;Reynaf840123
6033;javier.de408@gmail.com;Javier468123
6034;narcisa.villena878@outlook.com;Narcis975123
6035;ramiro.alvaro799@hotmail.com;Ramiro472#
6036;fortunata.canellas559@gmail.com;Fortun875@
6037;brigida.pareja851@gmail.com;Brigid204_
6038;reynaldo.carvajal430@hotmail.com;Reynal891@
6039;ismael.vara704@gmail.com;Ismael8462026
6040;lisandro.eric652@yahoo.com;Lisand513#
6041;ricarda.quero914@gmail.com;Ricard964123
6042;luna.valenzuela208@gmail.com;Lunava4382026
6043;carmelita.huguet543@yahoo.com;Carmel390!
6044;nilda.caceres352@hotmail.com;Nildac919_
6045;casandra.clotilde714@outlook.com;Casand4262026
6046;leonardo.bernad331@outlook.com;Leonar577@
6047;leonardo.solana678@outlook.com;Leonar233@
6048;monica.del565@hotmail.com;Monica8012026
6049;elpidio.alberola333@gmail.com;Elpidi309_
6050;marcela.somoza17@yahoo.com;Marcel976@
6051;viviana.izaguirre647@yahoo.com;Vivian9522026
6052;anunciacion.blazquez298@outlook.com;Anunci451_
6053;claudio.escolano704@gmail.com;Claudi232_
6054;arturo.bas210@gmail.com;Arturo8582026
6055;rafa.morataamigo249@yahoo.com;Rafamo7402026
6056;natalio.arturo896@outlook.com;Natali515#
6057;cloe.bustamantemoliner790@hotmail.com;Cloebu2972026
6058;vera.tovar268@outlook.com;Verato6572026
6059;florencio.colom185@yahoo.com;Floren553123
6060;jose.luis468@gmail.com;Joselu7272026
6061;cebrian.barcena608@hotmail.com;Cebria736!
6062;yago.donairequero756@gmail.com;Yagodo534!
6063;wilfredo.herrera709@yahoo.com;Wilfre983!
6064;hector.de912@gmail.com;Hector333_
6065;nayara.marquez77@hotmail.com;Nayara474@
6066;arcelia.bermejo869@hotmail.com;Arceli566!
6067;tadeo.riquelme822@yahoo.com;Tadeor2572026
6068;loreto.taboada885@hotmail.com;Loreto810123
6069;marisela.otero253@gmail.com;Marise6392026
6070;manu.pedro833@yahoo.com;Manupe775123
6071;matias.tejada864@hotmail.com;Matias470123
6072;javi.zuritacarbonell327@yahoo.com;Javizu535#
6073;pili.izaguirre415@hotmail.com;Piliiz778@
6074;arsenio.mesa418@gmail.com;Arseni933!
6075;berto.montero745@gmail.com;Bertom550@
6076;amparo.castilla83@yahoo.com;Amparo201123
6077;anastasia.arias591@hotmail.com;Anasta878#
6078;jordan.de868@hotmail.com;Jordan950#
6079;aura.tania229@gmail.com;Aurata623_
6080;flavio.valencia616@yahoo.com;Flavio813#
6081;jeremias.del188@gmail.com;Jeremi158123
6082;cesar.ferrero109@yahoo.com;Cesarf907_
6083;ruben.baena787@hotmail.com;Rubenb335123
6084;faustino.miguel948@gmail.com;Fausti535#
6085;flavio.reynaldo947@yahoo.com;Flavio545123
6086;sabina.cervantes521@hotmail.com;Sabina753123
6087;sara.nieves533@hotmail.com;Sarani934#
6088;amada.palacio292@hotmail.com;Amadap132!
6089;lidia.tomas824@gmail.com;Lidiat944@
6090;gustavo.collado452@yahoo.com;Gustav195!
6091;narcisa.solatamayo426@gmail.com;Narcis611!
6092;ruth.sabater691@gmail.com;Ruthsa314123
6093;herminio.prado459@gmail.com;Hermin872#
6094;dionisio.pags458@outlook.com;Dionis6992026
6095;vicenta.cabezas809@hotmail.com;Vicent637123
6096;maria.cristina317@yahoo.com;Mariac824@
6097;bartolome.de777@gmail.com;Bartol8142026
6098;paola.del501@outlook.com;Paolad398#
6099;angeles.del352@hotmail.com;Angele253@
6100;bruno.del762@outlook.com;Brunod123#
6101;sancho.pereira186@hotmail.com;Sancho570!
6102;carolina.batlle213@hotmail.com;Caroli903!
6103;marina.del583@gmail.com;Marina605_
6104;augusto.valentin847@hotmail.com;August391@
6105;concha.cazorlavalencia276@yahoo.com;Concha179123
6106;pia.de65@outlook.com;Piadep303@
6107;jose.maria694@yahoo.com;Josema952123
6108;saturnino.roldan32@hotmail.com;Saturn482_
6109;encarna.palacios88@outlook.com;Encarn596123
6110;celestina.alegria837@yahoo.com;Celest8232026
6111;yesica.quero439@yahoo.com;Yesica416#
6112;azahara.gaya175@outlook.com;Azahar215@
6113;romulo.vazquezsole905@outlook.com;Romulo400@
6114;nelida.de824@outlook.com;Nelida689123
6115;danilo.sevillano757@hotmail.com;Danilo208!
6116;tadeo.galo34@gmail.com;Tadeog435#
6117;nazaret.isern368@outlook.com;Nazare355!
6118;fortunata.alejandra803@gmail.com;Fortun498123
6119;narciso.gomila98@gmail.com;Narcis433_
6120;severo.matepoza175@hotmail.com;Severo782!
6121;oscar.narvaez922@hotmail.com;Oscarn375_
6122;severo.estevezverdejo544@yahoo.com;Severo111@
6123;alejo.del275@hotmail.com;Alejod754#
6124;sancho.de528@yahoo.com;Sancho933@
6125;montserrat.agueda945@gmail.com;Montse279!
6126;susanita.sanchez852@yahoo.com;Susani138!
6127;malena.llobet437@outlook.com;Malena191@
6128;esperanza.llano265@outlook.com;Espera968!
6129;guiomar.carrera866@yahoo.com;Guioma494123
6130;ovidio.zapatatorralba921@gmail.com;Ovidio997@
6131;jose.miguel969@yahoo.com;Josemi303@
6132;ingrid.pardo857@outlook.com;Ingrid587#
6133;joel.elorza32@outlook.com;Joelel986!
6134;constanza.del360@hotmail.com;Consta346123
6135;herminio.ferrer812@gmail.com;Hermin867_
6136;nuria.maxi124@outlook.com;Nuriam986@
6137;anita.luque748@gmail.com;Anital670_
6138;cesar.espejomartinez369@outlook.com;Cesare2602026
6139;candelario.manso706@hotmail.com;Candel365#
6140;patricio.lalo313@yahoo.com;Patric778_
6141;severiano.parra908@gmail.com;Severi9862026
6142;encarna.matilde110@outlook.com;Encarn703@
6143;clemente.telmo554@gmail.com;Clemen839_
6144;luis.angel720@hotmail.com;Luisan853123
6145;filomena.de168@outlook.com;Filome8782026
6146;carolina.ferrando316@yahoo.com;Caroli763!
6147;felicidad.perla166@hotmail.com;Felici1482026
6148;dani.miro17@gmail.com;Danimi671_
6149;martina.vinas824@hotmail.com;Martin7642026
6150;rosaura.acero251@yahoo.com;Rosaur358@
6151;tania.rosello964@yahoo.com;Taniar781_
6152;saturnina.izquierdo491@hotmail.com;Saturn319@
6153;daniel.camino123@outlook.com;Daniel943123
6154;adalberto.macias416@outlook.com;Adalbe383123
6155;ema.garzon358@gmail.com;Emagar173123
6156;fermin.herrera769@yahoo.com;Fermin537_
6157;maite.barrena584@yahoo.com;Maiteb973123
6158;maura.olivares810@outlook.com;Maurao8922026
6159;agapito.guitart319@yahoo.com;Agapit976@
6160;constanza.tamayo494@hotmail.com;Consta520#
6161;bernardino.calderon966@yahoo.com;Bernar246@
6162;rogelio.cabo724@yahoo.com;Rogeli267!
6163;alejandro.fuente839@gmail.com;Alejan600123
6164;lupe.nicolasa45@yahoo.com;Lupeni5512026
6165;imelda.castrillo184@gmail.com;Imelda512!
6166;gabino.calleja593@outlook.com;Gabino422_
6167;zaira.navarrete479@outlook.com;Zairan613_
6168;natalia.bernardita759@yahoo.com;Natali3552026
6169;ligia.zorrilla74@yahoo.com;Ligiaz893@
6170;martin.godofredo315@outlook.com;Martin535123
6171;jafet.capdevila905@hotmail.com;Jafetc193!
6172;carmen.de386@gmail.com;Carmen637#
6173;luciana.navas69@hotmail.com;Lucian955!
6174;chus.criado769@outlook.com;Chuscr142#
6175;visitacion.de372@hotmail.com;Visita654123
6176;lope.guzman75@outlook.com;Lopegu240_
6177;esmeralda.hierro696@hotmail.com;Esmera200_
6178;melisa.ramirez436@outlook.com;Melisa758_
6179;eulalia.yessica730@outlook.com;Eulali793!
6180;eloy.de674@gmail.com;Eloyde861_
6181;reyes.pia742@hotmail.com;Reyesp487@
6182;amaro.zamorano767@outlook.com;Amaroz772@
6183;martirio.huertas71@hotmail.com;Martir4132026
6184;lupe.velasco498@gmail.com;Lupeve791123
6185;eugenia.carmina798@yahoo.com;Eugeni913123
6186;jordan.bermudez125@gmail.com;Jordan151@
6187;jonatan.marti416@gmail.com;Jonata497#
6188;severino.de154@hotmail.com;Severi736123
6189;feliciano.guerreroblanes721@hotmail.com;Felici251123
6190;rita.hernando574@hotmail.com;Ritahe510123
6191;onofre.teruel886@yahoo.com;Onofre209!
6192;berta.cadenas436@gmail.com;Bertac818123
6193;agustina.reina472@hotmail.com;Agusti943@
6194;nieves.tovar24@yahoo.com;Nieves597123
6195;melisa.polo314@hotmail.com;Melisa1942026
6196;telmo.carnero693@hotmail.com;Telmoc469!
6197;enrique.cortes896@gmail.com;Enriqu8862026
6198;maximiano.adalberto607@yahoo.com;Maximi272_
6199;georgina.ballesteros294@gmail.com;Georgi478123
6200;adelia.isabel741@gmail.com;Adelia632123
6201;onofre.munoz726@gmail.com;Onofre786123
6202;nieves.dora963@gmail.com;Nieves221_
6203;jose.luis851@outlook.com;Joselu337!
6204;lucila.benavent362@yahoo.com;Lucila677_
6205;casandra.pablo455@outlook.com;Casand1202026
6206;sigfrido.chico554@hotmail.com;Sigfri3732026
6207;pepito.luna871@hotmail.com;Pepito8322026
6208;julia.martinez835@yahoo.com;Juliam487!
6209;herminia.llorente540@gmail.com;Hermin904!
6210;anastasia.robledo78@yahoo.com;Anasta601@
6211;jose.calvetangel59@yahoo.com;Joseca722!
6212;fortunato.zamorano517@outlook.com;Fortun716123
6213;gertrudis.del831@yahoo.com;Gertru2432026
6214;emigdio.miguel231@yahoo.com;Emigdi473123
6215;tania.domenech52@outlook.com;Taniad6802026
6216;pia.cazorla326@outlook.com;Piacaz858!
6217;mauricio.gimenez129@outlook.com;Mauric229123
6218;heraclio.marcoarroyo502@hotmail.com;Heracl856_
6219;nico.flor284@hotmail.com;Nicofl504123
6220;guillermo.de259@gmail.com;Guille978!
6221;esther.gomis594@gmail.com;Esther845@
6222;pio.arrieta618@gmail.com;Pioarr8912026
6223;miguela.asenjo430@outlook.com;Miguel514123
6224;felix.feliulozano272@gmail.com;Felixf181@
6225;angelino.quero357@gmail.com;Angeli197@
6226;jose.ramon985@outlook.com;Josera473#
6227;chuy.laguna192@gmail.com;Chuyla722!
6228;ambar.bilbao767@outlook.com;Ambarb812#
6229;ximena.mesa25@yahoo.com;Ximena447@
6230;macarena.berrocal920@outlook.com;Macare612123
6231;gema.castrillohernandez495@outlook.com;Gemaca7732026
6232;heriberto.costa249@gmail.com;Heribe556#
6233;bruno.ramon512@outlook.com;Brunor836@
6234;federico.pla767@yahoo.com;Federi733123
6235;rosaura.salgado624@hotmail.com;Rosaur959123
6236;edgardo.leoncio998@outlook.com;Edgard550123
6237;carmelita.carbajo744@gmail.com;Carmel954123
6238;herminio.mas816@yahoo.com;Hermin746123
6239;teodora.ramirezbellido162@yahoo.com;Teodor1122026
6240;leon.castellanos491@outlook.com;Leonca517!
6241;ruperta.amada820@gmail.com;Rupert9382026
6242;palmira.pina588@hotmail.com;Palmir681#
6243;fanny.valentin21@outlook.com;Fannyv3152026
6244;aurelio.rodrigo177@gmail.com;Aureli184!
6245;angeles.solanafortuny809@hotmail.com;Angele7242026
6246;odalys.delgado840@gmail.com;Odalys912!
6247;sancho.salomramon968@hotmail.com;Sancho1922026
6248;javiera.villalonga492@hotmail.com;Javier493#
6249;encarnita.rubio299@hotmail.com;Encarn470#
6250;maura.guillen68@hotmail.com;Maurag492@
6251;cirino.lino792@outlook.com;Cirino468!
6252;crescencia.zorrilla357@hotmail.com;Cresce941_
6253;veronica.domitila37@outlook.com;Veroni740_
6254;manu.isaias84@yahoo.com;Manuis358!
6255;hector.giralt36@outlook.com;Hector212123
6256;valero.jose127@yahoo.com;Valero111#
6257;leyre.vicentezamora282@outlook.com;Leyrev936#
6258;ovidio.caballero412@hotmail.com;Ovidio8992026
6259;alejandra.pazos895@yahoo.com;Alejan181!
6260;iris.ramirez814@outlook.com;Irisra362123
6261;miguel.criado416@outlook.com;Miguel624_
6262;hilario.casal573@hotmail.com;Hilari340!
6263;cruz.de842@hotmail.com;Cruzde176123
6264;vidal.ojeda617@yahoo.com;Vidalo498@
6265;leonel.guerra374@hotmail.com;Leonel975123
6266;angelina.del800@gmail.com;Angeli788_
6267;reyes.macarena188@hotmail.com;Reyesm498123
6268;sabas.adan275@yahoo.com;Sabasa537@
6269;hermenegildo.arrieta958@hotmail.com;Hermen6742026
6270;joaquin.olmo738@yahoo.com;Joaqui3552026
6271;cristina.solarovira271@outlook.com;Cristi437#
6272;natividad.trinidad869@hotmail.com;Nativi8692026
6273;prudencia.sole725@outlook.com;Pruden305#
6274;romulo.bilbao652@gmail.com;Romulo749_
6275;virgilio.gilabert153@yahoo.com;Virgil502123
6276;encarnacion.poza149@yahoo.com;Encarn4042026
6277;ale.priego582@outlook.com;Alepri7352026
6278;curro.estradafranco778@outlook.com;Curroe676#
6279;anabel.esteve489@yahoo.com;Anabel519@
6280;santos.simo461@hotmail.com;Santos287_
6281;berto.del609@outlook.com;Bertod482#
6282;aitana.sebastianparedes541@hotmail.com;Aitana301#
6283;josue.tiburcio30@hotmail.com;Josuet646@
6284;mar.rosa247@yahoo.com;Marros489_
6285;maura.suarezmatas881@yahoo.com;Mauras187123
6286;adela.novoa545@outlook.com;Adelan479@
6287;eutimio.ricart143@gmail.com;Eutimi614_
6288;hipolito.acuna74@outlook.com;Hipoli925#
6289;florentina.vilanova843@yahoo.com;Floren760#
6290;adriana.de154@yahoo.com;Adrian236123
6291;dafne.de608@gmail.com;Dafned227_
6292;cintia.nieto97@gmail.com;Cintia593#
6293;fanny.acero959@hotmail.com;Fannya707_
6294;raul.coronado682@gmail.com;Raulco700123
6295;vinicio.coelloayala96@gmail.com;Vinici909#
6296;pio.mercader981@hotmail.com;Piomer887!
6297;macaria.alcazar86@yahoo.com;Macari872123
6298;pancho.campoy804@outlook.com;Pancho773#
6299;gabriela.lloret466@yahoo.com;Gabrie378_
6300;poncio.acevedo29@outlook.com;Poncio542123
6301;rafaela.vergara53@yahoo.com;Rafael7712026
6302;sosimo.ojeda132@hotmail.com;Sosimo951123
6303;walter.soler537@hotmail.com;Walter287_
6304;francisca.marisol565@yahoo.com;Franci197123
6305;iris.llado787@outlook.com;Irisll973_
6306;hector.aguado391@yahoo.com;Hector315123
6307;loreto.alberto477@outlook.com;Loreto133!
6308;gala.zurita786@outlook.com;Galazu726#
6309;odalys.quero204@outlook.com;Odalys829@
6310;eusebio.mena544@outlook.com;Eusebi309@
6311;corona.mosquera546@gmail.com;Corona220@
6312;andrea.montes210@hotmail.com;Andrea663_
6313;martin.benavides749@yahoo.com;Martin676_
6314;noemi.iglesias770@yahoo.com;Noemii288#
6315;melchor.cerda318@gmail.com;Melcho173123
6316;hortensia.ordonez508@outlook.com;Horten337@
6317;etelvina.grande602@outlook.com;Etelvi735_
6318;dora.valenciano935@outlook.com;Dorava262#
6319;jose.miguel818@hotmail.com;Josemi1722026
6320;omar.cruz686@hotmail.com;Omarcr797123
6321;saturnino.noguera45@outlook.com;Saturn377@
6322;eliseo.uriarte478@gmail.com;Eliseo7212026
6323;joel.puga136@outlook.com;Joelpu609@
6324;natalia.lourdes728@hotmail.com;Natali2782026
6325;aurora.rosa674@outlook.com;Aurora344!
6326;alejandro.molinsalcaraz290@yahoo.com;Alejan224@
6327;cosme.solana788@outlook.com;Cosmes258_
6328;maria.teresa963@yahoo.com;Mariat430!
6329;dora.ramirez937@outlook.com;Dorara801_
6330;reinaldo.cruz220@yahoo.com;Reinal8602026
6331;ale.isern89@hotmail.com;Aleise985@
6332;maxi.solsona327@gmail.com;Maxiso380!
6333;aureliano.valdes734@hotmail.com;Aureli4442026
6334;danilo.sureda573@outlook.com;Danilo389#
6335;hortensia.dominguezcervera710@hotmail.com;Horten348#
6336;demetrio.llado386@outlook.com;Demetr7322026
6337;paca.leticia133@hotmail.com;Pacale860!
6338;miriam.herrera183@outlook.com;Miriam957#
6339;eduardo.santiagolumbreras120@hotmail.com;Eduard291123
6340;abilio.florencio449@gmail.com;Abilio174123
6341;reyna.coronadogilabert125@yahoo.com;Reynac795@
6342;nando.montes219@hotmail.com;Nandom412@
6343;efrain.martinlosa931@yahoo.com;Efrain3122026
6344;soraya.martingimenez753@hotmail.com;Soraya129123
6345;marino.de972@hotmail.com;Marino447!
6346;maria.belen747@yahoo.com;Mariab2472026
6347;alfonso.del72@gmail.com;Alfons7412026
6348;lazaro.pera859@yahoo.com;Lazaro525123
6349;balduino.anguita534@hotmail.com;Baldui9242026
6350;guadalupe.palomar474@yahoo.com;Guadal553_
6351;berta.martin25@outlook.com;Bertam558@
6352;alex.de128@yahoo.com;Alexde703123
6353;agueda.garciaalmazan580@gmail.com;Agueda913!
6354;blanca.vilar846@hotmail.com;Blanca642123
6355;ariadna.del419@hotmail.com;Ariadn779_
6356;adelia.espanolduran131@gmail.com;Adelia837123
6357;pepe.poza49@gmail.com;Pepepo259!
6358;emilia.del874@gmail.com;Emilia902123
6359;primitiva.jacinta176@hotmail.com;Primit2592026
6360;ciriaco.planas900@hotmail.com;Ciriac551_
6361;amado.pintor672@outlook.com;Amadop934123
6362;haydee.pineda581@hotmail.com;Haydee899#
6363;atilio.galan84@gmail.com;Atilio8512026
6364;georgina.vera994@hotmail.com;Georgi210@
6365;abraham.llorens218@outlook.com;Abraha729#
6366;amor.sebastian708@gmail.com;Amorse576123
6367;josep.bermejo336@yahoo.com;Josepb350123
6368;sabina.duenas679@yahoo.com;Sabina698_
6369;virgilio.benavent365@gmail.com;Virgil364123
6370;ana.sofia782@gmail.com;Anasof862@
6371;brigida.batalla200@outlook.com;Brigid263!
6372;chema.soto775@yahoo.com;Chemas676123
6373;arsenio.ferrerovizcaino176@outlook.com;Arseni139#
6374;maria.del458@gmail.com;Mariad691@
6375;aurora.de549@hotmail.com;Aurora143123
6376;jose.miguel897@outlook.com;Josemi284123
6377;albino.reynaldo405@hotmail.com;Albino810@
6378;cirino.aragones878@gmail.com;Cirino6602026
6379;teodosio.pareja943@hotmail.com;Teodos681123
6380;antonia.mendez565@outlook.com;Antoni4102026
6381;chucho.merinoluis432@yahoo.com;Chucho514_
6382;aureliano.morante103@yahoo.com;Aureli939@
6383;lucio.adanpombo699@hotmail.com;Lucioa631#
6384;plinio.vilalta641@hotmail.com;Plinio387!
6385;amaya.novoa818@gmail.com;Amayan2232026
6386;flora.arroyo290@yahoo.com;Floraa887_
6387;tono.anton125@outlook.com;Tonoan369#
6388;calista.arellano714@yahoo.com;Calist399@
6389;dominga.daza249@yahoo.com;Doming600#
6390;aureliano.carbo237@outlook.com;Aureli1752026
6391;leyre.riquelme553@outlook.com;Leyrer296@
6392;bautista.uria736@hotmail.com;Bautis566#
6393;porfirio.fuertes643@gmail.com;Porfir880_
6394;isaura.serraiglesias288@gmail.com;Isaura775!
6395;abril.armas856@gmail.com;Abrila4362026
6396;gerardo.olivares112@hotmail.com;Gerard838@
6397;alfonso.berto203@hotmail.com;Alfons634_
6398;paz.zurita552@gmail.com;Pazzur498_
6399;azahar.de300@yahoo.com;Azahar955_
6400;beatriz.moraleda997@outlook.com;Beatri732@
6401;elena.rubio269@outlook.com;Elenar769123
6402;epifanio.cerda353@hotmail.com;Epifan177@
6403;teobaldo.abril663@gmail.com;Teobal825_
6404;araceli.mora292@hotmail.com;Aracel486_
6405;raul.borrego653@gmail.com;Raulbo7822026
6406;ema.checa535@hotmail.com;Emache971#
6407;miriam.garay346@outlook.com;Miriam458#
6408;telmo.sevillano531@gmail.com;Telmos708_
6409;juan.antonio676@outlook.com;Juanan547_
6410;ismael.infante644@yahoo.com;Ismael704123
6411;maria.manuela628@gmail.com;Mariam847123
6412;nicanor.reyes993@hotmail.com;Nicano209!
6413;bernardita.pelaez14@gmail.com;Bernar544123
6414;esteban.mate598@gmail.com;Esteba710_
6415;pancho.calzada343@gmail.com;Pancho4982026
6416;camilo.busquets526@hotmail.com;Camilo362!
6417;leyre.cid335@yahoo.com;Leyrec327123
6418;rogelio.pomares661@outlook.com;Rogeli997@
6419;anibal.donoso893@outlook.com;Anibal940123
6420;valentin.barbera41@yahoo.com;Valent334#
6421;ligia.quiros914@yahoo.com;Ligiaq303@
6422;teofila.guerra274@hotmail.com;Teofil7222026
6423;geraldo.quintero862@gmail.com;Gerald623123
6424;gonzalo.del671@outlook.com;Gonzal774!
6425;teobaldo.huertas903@gmail.com;Teobal962!
6426;carmina.puig932@hotmail.com;Carmin814!
6427;ileana.arribas248@yahoo.com;Ileana4512026
6428;guiomar.guillermo67@yahoo.com;Guioma8022026
6429;adela.huguetrivas721@outlook.com;Adelah990123
6430;teo.bastida382@outlook.com;Teobas561!
6431;jeremias.manuel82@outlook.com;Jeremi201_
6432;arsenio.gallardo263@outlook.com;Arseni925#
6433;rosa.maria751@gmail.com;Rosama187@
6434;fulgencio.lobato89@outlook.com;Fulgen159_
6435;nilo.gallego749@outlook.com;Niloga751_
6436;florencia.segura793@yahoo.com;Floren407@
6437;lucho.busquets940@hotmail.com;Luchob784123
6438;paulino.aznar295@outlook.com;Paulin370#
6439;federico.cabello689@outlook.com;Federi2812026
6440;barbara.soria593@yahoo.com;Barbar406_
6441;nicolasa.encarna691@yahoo.com;Nicola5452026
6442;lope.del700@outlook.com;Lopede3742026
6443;joel.contreras191@yahoo.com;Joelco9282026
6444;marco.marinorebollo793@outlook.com;Marcom476!
6445;cristobal.lozano767@outlook.com;Cristo960#
6446;eli.moya200@yahoo.com;Elimoy923@
6447;coral.villalbabenito956@outlook.com;Coralv758@
6448;apolonia.cepeda969@hotmail.com;Apolon762!
6449;anita.penas795@yahoo.com;Anitap185!
6450;custodio.escalona60@yahoo.com;Custod959#
6451;nicolas.ayllon399@hotmail.com;Nicola133!
6452;wilfredo.teruelzamorano974@yahoo.com;Wilfre488123
6453;santiago.calisto637@hotmail.com;Santia374!
6454;nerea.gil442@gmail.com;Nereag2092026
6455;maria.belen780@hotmail.com;Mariab581!
6456;roberto.castell618@yahoo.com;Robert891123
6457;patricio.ponce256@yahoo.com;Patric931@
6458;ciro.fortuny804@gmail.com;Cirofo553@
6459;juan.antonio844@yahoo.com;Juanan290!
6460;florentino.del957@outlook.com;Floren652123
6461;maxima.arana286@outlook.com;Maxima328!
6462;leonel.machado570@outlook.com;Leonel983_
6463;celia.carvajalmancebo424@outlook.com;Celiac6652026
6464;teodoro.pla822@gmail.com;Teodor393#
6465;felix.roman350@hotmail.com;Felixr847123
6466;jose.manuel564@hotmail.com;Josema759@
6467;azeneth.quintana763@yahoo.com;Azenet198123
6468;fabian.cifuentes241@gmail.com;Fabian618123
6469;juana.vendrellcastaneda625@hotmail.com;Juanav118123
6470;malena.lastra510@hotmail.com;Malena788_
6471;gabriela.elisa456@gmail.com;Gabrie180#
6472;rebeca.guardia207@hotmail.com;Rebeca211@
6473;maricruz.dominga450@yahoo.com;Maricr962_
6474;jose.manuel851@hotmail.com;Josema295123
6475;plinio.avila919@hotmail.com;Plinio3772026
6476;maria.manuela704@yahoo.com;Mariam237_
6477;ruth.ibanez556@outlook.com;Ruthib785_
6478;maristela.marcos23@outlook.com;Marist632#
6479;sonia.margarita670@yahoo.com;Soniam1672026
6480;yessica.correa480@outlook.com;Yessic147@
6481;eulalia.ballesterpena488@outlook.com;Eulali780!
6482;telmo.herrera172@yahoo.com;Telmoh202@
6483;amador.berto758@outlook.com;Amador7942026
6484;hilario.galiano534@gmail.com;Hilari168123
6485;hector.vilaplana17@outlook.com;Hector208_
6486;felicia.lujanjordan826@outlook.com;Felici289#
6487;begona.ballester793@hotmail.com;Begona608_
6488;agustina.herrera439@hotmail.com;Agusti444!
6489;benito.osoriogonzalez981@outlook.com;Benito685123
6490;primitiva.diaz734@gmail.com;Primit812#
6491;reinaldo.blazquez943@hotmail.com;Reinal485@
6492;alicia.diego363@outlook.com;Alicia938_
6493;arcelia.terron309@hotmail.com;Arceli782#
6494;pia.de81@hotmail.com;Piadeb479@
6495;agapito.casado398@gmail.com;Agapit5622026
6496;rico.tello931@gmail.com;Ricote8012026
6497;josue.cabanillas931@yahoo.com;Josuec579!
6498;corona.santamaria148@hotmail.com;Corona891#
6499;augusto.larranaga68@yahoo.com;August5662026
6500;caridad.moyaacevedo497@outlook.com;Carida617_
6501;susana.cordero388@yahoo.com;Susana174!
6502;iban.manso49@gmail.com;Ibanma638@
6503;leocadio.de687@yahoo.com;Leocad9602026
6504;florentina.banoscarro235@gmail.com;Floren536_
6505;leoncio.garate998@hotmail.com;Leonci545#
6506;ernesto.julian39@yahoo.com;Ernest3832026
6507;roberta.de682@outlook.com;Robert172#
6508;roxana.marti581@gmail.com;Roxana4302026
6509;nacho.madridcanovas289@gmail.com;Nachom523123
6510;consuelo.de445@yahoo.com;Consue969_
6511;pedro.campsmariscal634@gmail.com;Pedroc584#
6512;vinicio.vicente488@outlook.com;Vinici729#
6513;jose.antonio20@outlook.com;Josean834_
6514;yesica.martorell679@hotmail.com;Yesica9502026
6515;fabricio.cabrero20@hotmail.com;Fabric214@
6516;perla.bauz321@hotmail.com;Perlab385@
6517;benigna.tolosa504@hotmail.com;Benign213!
6518;eva.maria145@yahoo.com;Evamar8502026
6519;nieves.alonso189@hotmail.com;Nieves825!
6520;miguela.iris715@hotmail.com;Miguel823!
6521;jose.ramon235@outlook.com;Josera794!
6522;manuela.narvaez327@outlook.com;Manuel246#
6523;joaquina.araujo122@gmail.com;Joaqui687123
6524;emilio.arnaiz242@gmail.com;Emilio494#
6525;florencio.julia556@outlook.com;Floren717_
6526;anselmo.lloret173@yahoo.com;Anselm887_
6527;desiderio.del939@outlook.com;Deside267!
6528;adelardo.sierra773@hotmail.com;Adelar565@
6529;barbara.gironnicolau565@hotmail.com;Barbar9862026
6530;dorotea.gomez696@yahoo.com;Dorote849!
6531;victor.manuel462@hotmail.com;Victor443!
6532;heriberto.cervera892@hotmail.com;Heribe323#
6533;jovita.ayala227@gmail.com;Jovita1682026
6534;isidro.arturo580@gmail.com;Isidro580!
6535;anita.arnau779@outlook.com;Anitaa572#
6536;mayte.zapata548@hotmail.com;Maytez248@
6537;aristides.morante516@gmail.com;Aristi320@
6538;vera.saenz260@outlook.com;Verasa149!
6539;pedro.carlos436@outlook.com;Pedroc267123
6540;sarita.garcia124@hotmail.com;Sarita785@
6541;onofre.villena631@hotmail.com;Onofre603@
6542;enrique.cisneros571@gmail.com;Enriqu598123
6543;oriana.carina641@yahoo.com;Oriana339!
6544;maria.angeles765@outlook.com;Mariaa5152026
6545;gertrudis.priego278@gmail.com;Gertru977@
6546;valentina.camacho521@hotmail.com;Valent572123
6547;yago.cerezo849@gmail.com;Yagoce167_
6548;joel.silvabriones435@yahoo.com;Joelsi4412026
6549;iris.blanch347@outlook.com;Irisbl994#
6550;julieta.villar593@outlook.com;Juliet229#
6551;amelia.casas813@yahoo.com;Amelia264123
6552;berto.atienza471@gmail.com;Bertoa2972026
6553;elisa.oller936@gmail.com;Elisao196123
6554;adriana.almansa940@outlook.com;Adrian9092026
6555;primitivo.de256@hotmail.com;Primit2222026
6556;evaristo.avila602@outlook.com;Evaris516#
6557;benjamin.baro527@gmail.com;Benjam376_
6558;jaime.aguirre945@hotmail.com;Jaimea780#
6559;ale.heredia831@gmail.com;Aleher6492026
6560;ezequiel.aragones805@gmail.com;Ezequi345@
6561;mario.victor858@outlook.com;Mariov351#
6562;ulises.oliver106@yahoo.com;Ulises9082026
6563;lorena.alcantara55@hotmail.com;Lorena504123
6564;jenaro.del575@outlook.com;Jenaro608123
6565;quirino.perezbalaguer36@gmail.com;Quirin600@
6566;aroa.urrutia646@gmail.com;Aroaur381!
6567;teodora.nieto824@hotmail.com;Teodor405123
6568;adrian.rovirajaen288@outlook.com;Adrian421@
6569;celestina.escamilla59@hotmail.com;Celest420123
6570;ascension.escudero163@outlook.com;Ascens854#
6571;fabiola.plazacoca595@outlook.com;Fabiol4792026
6572;hermenegildo.sanmartin787@gmail.com;Hermen496_
6573;elodia.hoz482@yahoo.com;Elodia4022026
6574;isa.de409@outlook.com;Isadec7972026
6575;pili.roig467@gmail.com;Piliro9742026
6576;caridad.royo762@outlook.com;Carida355123
6577;melisa.hierro348@hotmail.com;Melisa733#
6578;samuel.molins89@gmail.com;Samuel145!
6579;juan.pablo579@outlook.com;Juanpa607@
6580;tiburcio.donaire833@hotmail.com;Tiburc761123
6581;edelmiro.anton823@hotmail.com;Edelmi622123
6582;soraya.villegas327@outlook.com;Soraya748#
6583;manuela.rosalva574@yahoo.com;Manuel346#
6584;chuy.hoyos33@outlook.com;Chuyho783_
6585;nicolasa.mate159@outlook.com;Nicola627_
6586;ezequiel.agustin689@outlook.com;Ezequi516@
6587;ildefonso.melendezalbero114@outlook.com;Ildefo8432026
6588;sergio.leocadio956@outlook.com;Sergio5732026
6589;martin.hoz430@yahoo.com;Martin600#
6590;maricela.moran627@outlook.com;Marice465123
6591;paulino.arribas191@yahoo.com;Paulin836_
6592;sosimo.benito735@gmail.com;Sosimo345@
6593;sandra.arevalo868@yahoo.com;Sandra359_
6594;cebrian.torrens797@hotmail.com;Cebria533!
6595;chita.vallejo202@hotmail.com;Chitav149#
6596;marcio.rosa688@gmail.com;Marcio104123
6597;herminia.santamaria998@hotmail.com;Hermin219@
6598;felix.barrera245@outlook.com;Felixb331#
6599;jesus.arco97@outlook.com;Jesusa185123
6600;fabio.del71@yahoo.com;Fabiod778123
6601;pascual.rojas218@outlook.com;Pascua678@
6602;esperanza.capdevila667@gmail.com;Espera855#
6603;adalberto.cerdan558@gmail.com;Adalbe181!
6604;samanta.cazorla788@hotmail.com;Samant338#
6605;jeremias.bas192@yahoo.com;Jeremi6192026
6606;fidela.aguilar424@outlook.com;Fidela2422026
6607;concepcion.malena798@yahoo.com;Concep992123
6608;rosalina.araujo840@hotmail.com;Rosali838123
6609;genoveva.del890@outlook.com;Genove475#
6610;leandra.mateoscazorla152@yahoo.com;Leandr455#
6611;graciela.salom336@yahoo.com;Gracie813#
6612;simon.marti832@yahoo.com;Simonm165#
6613;eleuterio.zabala691@outlook.com;Eleute981#
6614;alma.robledo250@outlook.com;Almaro5452026
6615;bernardo.edgardo593@gmail.com;Bernar161#
6616;vito.vinicio626@yahoo.com;Vitovi300!
6617;ines.castells451@gmail.com;Inesca4962026
6618;milagros.fabregat510@gmail.com;Milagr772#
6619;loreto.omar641@gmail.com;Loreto419_
6620;lupita.maristela722@gmail.com;Lupita205_
6621;placido.villar758@outlook.com;Placid529#
6622;montserrat.montserrat154@outlook.com;Montse440!
6623;eladio.de830@gmail.com;Eladio1852026
6624;porfirio.aller596@yahoo.com;Porfir972@
6625;javi.leal773@outlook.com;Javile5112026
6626;andres.minguez332@hotmail.com;Andres128@
6627;gaston.villalba709@yahoo.com;Gaston270#
6628;damian.escamilla925@hotmail.com;Damian639_
6629;dimas.requena793@yahoo.com;Dimasr393@
6630;nydia.valcarcel846@yahoo.com;Nydiav518!
6631;ruperto.escamilla763@gmail.com;Rupert556#
6632;jacinta.loreto289@yahoo.com;Jacint378123
6633;manu.gil891@gmail.com;Manugi696!
6634;isidro.fuentes355@hotmail.com;Isidro959_
6635;nicanor.sainz122@yahoo.com;Nicano613!
6636;eusebio.rius159@hotmail.com;Eusebi615@
6637;roman.baspolo454@yahoo.com;Romanb972!
6638;benita.robleszapata953@gmail.com;Benita487_
6639;emma.mir74@outlook.com;Emmami712123
6640;itziar.borjagelabert951@gmail.com;Itziar684_
6641;adelina.mataguerra127@yahoo.com;Adelin128@
6642;celia.pelayo841@outlook.com;Celiap884!
6643;domitila.monreal269@hotmail.com;Domiti518@
6644;eleuterio.de99@gmail.com;Eleute472@
6645;angelita.de88@gmail.com;Angeli289#
6646;ingrid.falco590@gmail.com;Ingrid985#
6647;cesar.sastre188@outlook.com;Cesars982#
6648;quirino.gil795@outlook.com;Quirin523#
6649;liliana.becerra218@gmail.com;Lilian615_
6650;nereida.de307@gmail.com;Nereid145@
6651;regina.huertas857@outlook.com;Regina9642026
6652;bonifacio.del689@hotmail.com;Bonifa374#
6653;aurea.otero397@gmail.com;Aureao5122026
6654;maximino.ferrandiz166@outlook.com;Maximi696#
6655;plinio.blancavelez619@outlook.com;Plinio587123
6656;violeta.bermudezcorominas352@hotmail.com;Violet512!
6657;seve.bejarano516@gmail.com;Sevebe886@
6658;juan.carlos979@hotmail.com;Juanca126@
6659;aurea.de98@yahoo.com;Auread920!
6660;evelia.soledad272@yahoo.com;Evelia7382026
6661;josue.bellido990@gmail.com;Josueb308#
6662;urbano.vianavalenzuela715@outlook.com;Urbano641_
6663;ruth.del630@yahoo.com;Ruthde354@
6664;casandra.alvaro870@yahoo.com;Casand6842026
6665;candelario.tudela243@gmail.com;Candel926@
6666;rocio.bravo258@outlook.com;Rociob516!
6667;susana.florinda448@hotmail.com;Susana484#
6668;graciela.alcaraz699@gmail.com;Gracie429123
6669;graciela.rincon175@yahoo.com;Gracie842@
6670;adrian.de85@gmail.com;Adrian653!
6671;liliana.portillo477@gmail.com;Lilian861123
6672;genoveva.torralba635@yahoo.com;Genove195@
6673;otilia.castro715@outlook.com;Otilia816@
6674;pepe.zaragoza601@yahoo.com;Pepeza333#
6675;ovidio.duque499@outlook.com;Ovidio441@
6676;ricarda.de174@gmail.com;Ricard379#
6677;victor.planas156@yahoo.com;Victor810#
6678;loida.caseshigueras397@hotmail.com;Loidac943#
6679;gisela.crespo109@gmail.com;Gisela238@
6680;fermin.de73@gmail.com;Fermin547!
6681;samanta.zapata292@yahoo.com;Samant662_
6682;galo.casares229@yahoo.com;Galoca176#
6683;juanita.medina164@hotmail.com;Juanit973@
6684;juana.barrera268@yahoo.com;Juanab730#
6685;charo.florinda316@outlook.com;Charof361!
6686;cirino.che550@gmail.com;Cirino246#
6687;belen.garrido153@outlook.com;Beleng474!
6688;ildefonso.de447@gmail.com;Ildefo555!
6689;mariano.riera761@yahoo.com;Marian475#
6690;reyes.nunez610@gmail.com;Reyesn112_
6691;maribel.juarez395@gmail.com;Maribe836!
6692;rosalia.heras868@yahoo.com;Rosali112@
6693;angela.quintana160@yahoo.com;Angela116123
6694;estela.llobet876@yahoo.com;Estela862#
6695;salome.vigil602@yahoo.com;Salome520@
6696;hilda.ortegacoll432@hotmail.com;Hildao7102026
6697;leon.oliver501@outlook.com;Leonol854!
6698;marcio.mollserrano732@yahoo.com;Marcio151!
6699;eleuterio.hector422@hotmail.com;Eleute280@
6700;rosaura.grau519@outlook.com;Rosaur351_
6701;ascension.roman704@gmail.com;Ascens252_
6702;roberta.del213@outlook.com;Robert998#
6703;valero.del761@outlook.com;Valero976!
6704;charo.verdejo149@yahoo.com;Charov865!
6705;soraya.del450@hotmail.com;Soraya378_
6706;rafael.sebastian95@outlook.com;Rafael807123
6707;ruth.socorro516@gmail.com;Ruthso9222026
6708;maria.pilar638@hotmail.com;Mariap4962026
6709;amada.luz962@yahoo.com;Amadal307#
6710;santiago.jose595@yahoo.com;Santia540123
6711;sandra.azeneth936@outlook.com;Sandra151#
6712;concha.cespedes988@gmail.com;Concha787123
6713;adrian.tirado901@outlook.com;Adrian4132026
6714;aura.losada208@hotmail.com;Auralo926@
6715;jose.luis567@hotmail.com;Joselu880123
6716;celia.del786@hotmail.com;Celiad7312026
6717;albano.iglesias204@hotmail.com;Albano945#
6718;mercedes.roura231@gmail.com;Merced5312026
6719;gertrudis.larrea279@outlook.com;Gertru4172026
6720;almudena.gamez900@yahoo.com;Almude153!
6721;clotilde.chicosalazar411@gmail.com;Clotil420#
6722;bartolome.de572@outlook.com;Bartol643!
6723;carlito.ramos740@yahoo.com;Carlit863_
6724;artemio.pizarro584@gmail.com;Artemi773!
6725;tito.barrio866@gmail.com;Titoba493!
6726;emelina.cordero215@yahoo.com;Emelin269#
6727;rosa.maria890@hotmail.com;Rosama619#
6728;maximino.yago993@yahoo.com;Maximi209!
6729;vera.marti147@hotmail.com;Verama248@
6730;simon.lopez763@outlook.com;Simonl8262026
6731;teofilo.marmoldiaz221@yahoo.com;Teofil2252026
6732;noa.baez774@gmail.com;Noabae175@
6733;dorotea.benavides243@hotmail.com;Dorote5132026
6734;ema.pina382@gmail.com;Emapin899123
6735;xavier.de796@yahoo.com;Xavier478!
6736;cesar.arias683@hotmail.com;Cesara676123
6737;basilio.ocana431@outlook.com;Basili302!
6738;priscila.garcia113@outlook.com;Prisci621!
6739;juan.bautista583@outlook.com;Juanba953!
6740;silvio.alvarez16@yahoo.com;Silvio206#
6741;domitila.arnaiz695@yahoo.com;Domiti840!
6742;adela.pedraza635@yahoo.com;Adelap204#
6743;hermenegildo.riera963@gmail.com;Hermen9972026
6744;vinicio.quirino723@yahoo.com;Vinici368!
6745;andrea.esther238@outlook.com;Andrea480!
6746;macarena.del452@yahoo.com;Macare923_
6747;luisina.eliana73@gmail.com;Luisin273@
6748;maria.luisa381@gmail.com;Marial785!
6749;nilo.fonseca469@outlook.com;Nilofo657!
6750;macarena.del761@yahoo.com;Macare906_
6751;goyo.soriano404@hotmail.com;Goyoso130123
6752;lorenzo.onofre188@gmail.com;Lorenz810@
6753;josep.mayoral936@hotmail.com;Josepm150@
6754;marcos.quique387@gmail.com;Marcos427#
6755;roque.del663@gmail.com;Roqued335@
6756;yaiza.carpio566@outlook.com;Yaizac913#
6757;ramona.baro465@gmail.com;Ramona697_
6758;juan.jose534@hotmail.com;Juanjo468!
6759;florencia.alemany693@yahoo.com;Floren230#
6760;urbano.arias965@yahoo.com;Urbano491#
6761;candelario.alvarez423@yahoo.com;Candel874123
6762;nico.camara623@yahoo.com;Nicoca788_
6763;roxana.campillo901@hotmail.com;Roxana125!
6764;cristian.arnau536@gmail.com;Cristi968!
6765;ascension.torrents775@gmail.com;Ascens204_
6766;sofia.saenz706@hotmail.com;Sofias116#
6767;lisandro.de272@hotmail.com;Lisand380@
6768;ale.de189@yahoo.com;Aledef280123
6769;erasmo.estevez567@gmail.com;Erasmo358123
6770;fermin.pomares410@outlook.com;Fermin471@
6771;jaime.abella92@gmail.com;Jaimea2172026
6772;constanza.silva778@yahoo.com;Consta428123
6773;jafet.iniesta331@yahoo.com;Jafeti202!
6774;leire.boix40@yahoo.com;Leireb148123
6775;ainara.paz346@yahoo.com;Ainara281_
6776;lucho.companypelayo981@yahoo.com;Luchoc335@
6777;pascual.martinezluque204@yahoo.com;Pascua888!
6778;edgar.vizcaino53@outlook.com;Edgarv305@
6779;rosalia.cortina530@yahoo.com;Rosali281123
6780;damian.fito364@outlook.com;Damian826!
6781;manuel.sola104@gmail.com;Manuel748!
6782;jessica.ruiz94@hotmail.com;Jessic395_
6783;manuel.ruano469@gmail.com;Manuel492_
6784;javi.galo672@outlook.com;Javiga8232026
6785;maria.manuela463@gmail.com;Mariam931#
6786;ainara.cortes674@yahoo.com;Ainara485@
6787;toni.olive396@gmail.com;Toniol519#
6788;andres.felipe586@yahoo.com;Andres893@
6789;haroldo.garcestomas964@gmail.com;Harold143@
6790;quique.amaya890@hotmail.com;Quique215_
6791;evita.de639@gmail.com;Evitad658123
6792;manuel.hurtado357@outlook.com;Manuel1602026
6793;juan.antonio136@hotmail.com;Juanan639_
6794;leonardo.coloma123@gmail.com;Leonar179!
6795;nerea.cano915@outlook.com;Nereac437@
6796;victoriano.galindo698@hotmail.com;Victor8052026
6797;feliciano.jovercoloma992@yahoo.com;Felici819@
6798;heliodoro.iborra780@hotmail.com;Heliod772@
6799;lilia.rosell27@hotmail.com;Liliar345#
6800;berta.caro732@yahoo.com;Bertac822!
6801;rico.terron132@outlook.com;Ricote192#
6802;lourdes.moraleda401@yahoo.com;Lourde978_
6803;eliana.campo156@outlook.com;Eliana223_
6804;silvio.aroca627@outlook.com;Silvio393123
6805;rosendo.gutierrez370@yahoo.com;Rosend335@
6806;cruz.olalla124@outlook.com;Cruzol420!
6807;angela.del882@yahoo.com;Angela540!
6808;loida.palomar848@yahoo.com;Loidap585123
6809;mauricio.cruz233@gmail.com;Mauric740@
6810;che.bustamante892@outlook.com;Chebus9332026
6811;paca.maciaspozo940@yahoo.com;Pacama813_
6812;joaquin.belmonte899@gmail.com;Joaqui540#
6813;maximino.navarroaller242@gmail.com;Maximi540@
6814;rita.ibanez581@yahoo.com;Ritaib701!
6815;telmo.del825@hotmail.com;Telmod779@
6816;elena.gallardo848@yahoo.com;Elenag4422026
6817;guadalupe.rueda551@yahoo.com;Guadal965#
6818;jose.maria356@yahoo.com;Josema470123
6819;luciana.alberola516@outlook.com;Lucian507123
6820;ana.sofia820@outlook.com;Anasof875!
6821;edgar.andradepalma901@yahoo.com;Edgara384#
6822;elba.yuste807@gmail.com;Elbayu223@
6823;genoveva.oller358@hotmail.com;Genove263@
6824;olivia.espinosa30@outlook.com;Olivia493!
6825;carina.adan786@gmail.com;Carina478123
6826;emigdio.blanes159@yahoo.com;Emigdi145123
6827;fanny.pacheco767@outlook.com;Fannyp216_
6828;climaco.juarez809@hotmail.com;Climac566#
6829;florencio.sanabria352@outlook.com;Floren690@
6830;teobaldo.olivares741@yahoo.com;Teobal146@
6831;desiderio.luis653@outlook.com;Deside282123
6832;noa.simoalarcon449@outlook.com;Noasim538!
6833;hernando.curro700@hotmail.com;Hernan4962026
6834;raimundo.simograu689@gmail.com;Raimun831!
6835;marta.garatemelero761@yahoo.com;Martag902_
6836;octavia.porta798@gmail.com;Octavi626@
6837;florinda.rodenas547@outlook.com;Florin370#
6838;tomasa.perera800@outlook.com;Tomasa426@
6839;edmundo.vendrell333@outlook.com;Edmund582@
6840;pancho.checarocha788@yahoo.com;Pancho315!
6841;marcos.cid193@hotmail.com;Marcos182123
6842;baltasar.vives524@yahoo.com;Baltas572!
6843;severino.grande529@outlook.com;Severi8882026
6844;lupe.de78@yahoo.com;Lupede190123
6845;emigdio.marti559@outlook.com;Emigdi524@
6846;marc.gimenez586@yahoo.com;Marcgi462!
6847;felix.mirallesmiro212@gmail.com;Felixm381!
6848;raimundo.maldonadotrillo274@outlook.com;Raimun519#
6849;hernan.carreno243@hotmail.com;Hernan281#
6850;tecla.rivera31@gmail.com;Teclar414#
6851;aurelio.fortuny344@yahoo.com;Aureli404_
6852;caridad.villalongaquintanilla930@yahoo.com;Carida984!
6853;jose.angel412@yahoo.com;Josean986!
6854;reynaldo.araujo59@gmail.com;Reynal560@
6855;tristan.riba581@outlook.com;Trista659123
6856;balduino.orozco125@gmail.com;Baldui525!
6857;ruth.tolosa126@gmail.com;Ruthto210!
6858;elisa.cadenas75@hotmail.com;Elisac921!
6859;angelino.cases628@gmail.com;Angeli2472026
6860;amaya.lastra804@outlook.com;Amayal300!
6861;segismundo.figueroa112@outlook.com;Segism876_
6862;teresa.corral213@yahoo.com;Teresa597_
6863;tamara.de597@yahoo.com;Tamara695@
6864;maria.campillo816@hotmail.com;Mariac5562026
6865;aurelia.nicolau935@hotmail.com;Aureli625!
6866;tiburcio.garrido640@gmail.com;Tiburc114@
6867;guiomar.santos265@outlook.com;Guioma8182026
6868;elba.brigida860@yahoo.com;Elbabr988@
6869;marta.fajardo249@outlook.com;Martaf547_
6870;ignacio.barrios68@outlook.com;Ignaci2842026
6871;donato.de419@yahoo.com;Donato980!
6872;yesica.agustina317@outlook.com;Yesica547!
6873;ainara.alcaldegiralt572@hotmail.com;Ainara698#
6874;celia.cuevas117@yahoo.com;Celiac470_
6875;loida.julia302@outlook.com;Loidaj324@
6876;ezequiel.moratafrutos931@gmail.com;Ezequi545@
6877;soledad.barral724@yahoo.com;Soleda604!
6878;nestor.gaya438@gmail.com;Nestor453@
6879;dionisio.llanossierra123@hotmail.com;Dionis146!
6880;rosendo.patino740@hotmail.com;Rosend235!
6881;nydia.fortuny141@gmail.com;Nydiaf553123
6882;teresa.iniestasedano758@yahoo.com;Teresa734@
6883;danilo.morantejerez858@hotmail.com;Danilo749123
6884;anna.obdulia623@outlook.com;Annaob453123
6885;reyes.calpacheco691@outlook.com;Reyesc304@
6886;celestino.palmerros54@hotmail.com;Celest174123
6887;maximiano.montesamor892@yahoo.com;Maximi243!
6888;gaston.roma421@hotmail.com;Gaston535123
6889;narciso.saavedra883@gmail.com;Narcis7212026
6890;moises.miro47@hotmail.com;Moises708!
6891;kike.ordonez957@gmail.com;Kikeor615_
6892;pilar.zabala745@yahoo.com;Pilarz448_
6893;nerea.bermejo512@outlook.com;Nereab429!
6894;abraham.heredia79@hotmail.com;Abraha145#
6895;pilar.mendez223@outlook.com;Pilarm308!
6896;jose.francisco815@hotmail.com;Josefr273_
6897;mariana.luis401@yahoo.com;Marian334123
6898;casemiro.manjoncisneros890@yahoo.com;Casemi342_
6899;lupe.de918@outlook.com;Lupede884_
6900;jessica.boada626@hotmail.com;Jessic250_
6901;ingrid.de308@yahoo.com;Ingrid5422026
6902;petrona.ribes540@gmail.com;Petron226123
6903;ainara.tejada47@outlook.com;Ainara217@
6904;rufina.mir985@outlook.com;Rufina596123
6905;elisabet.bas278@outlook.com;Elisab909#
6906;jeronimo.guzman726@hotmail.com;Jeroni967!
6907;emigdio.domenech903@gmail.com;Emigdi847!
6908;fidel.esteban259@outlook.com;Fidele441#
6909;candido.casals829@hotmail.com;Candid476_
6910;nerea.pujol188@outlook.com;Nereap356123
6911;victor.ortiz378@hotmail.com;Victor791123
6912;heliodoro.ramirez466@outlook.com;Heliod883@
6913;macaria.tolosa546@gmail.com;Macari174!
6914;trini.bueno185@hotmail.com;Trinib835_
6915;nereida.guerra249@outlook.com;Nereid140123
6916;paco.julia546@hotmail.com;Pacoju675@
6917;prudencio.ramis164@outlook.com;Pruden353@
6918;piedad.de883@yahoo.com;Piedad657_
6919;olga.prats936@hotmail.com;Olgapr6862026
6920;maria.angeles820@yahoo.com;Mariaa784_
6921;josep.canet971@outlook.com;Josepc7502026
6922;anibal.de201@outlook.com;Anibal4752026
6923;jordan.ciriaco772@yahoo.com;Jordan830!
6924;cesar.plaza959@outlook.com;Cesarp1482026
6925;mayte.fuente699@gmail.com;Maytef960_
6926;manu.yolanda49@yahoo.com;Manuyo505#
6927;anselmo.pizarro409@outlook.com;Anselm382!
6928;griselda.alvarado573@hotmail.com;Grisel939#
6929;mayte.mendez471@outlook.com;Maytem563123
6930;nilda.riera703@gmail.com;Nildar6072026
6931;rodrigo.benavente272@outlook.com;Rodrig706123
6932;rafa.ojeda97@gmail.com;Rafaoj301#
6933;marta.robles649@yahoo.com;Martar2282026
6934;oscar.cordoba601@yahoo.com;Oscarc580@
6935;alejo.yuste894@hotmail.com;Alejoy959123
6936;nidia.cornejo650@outlook.com;Nidiac139#
6937;romulo.atienza149@hotmail.com;Romulo990@
6938;octavia.cabello125@hotmail.com;Octavi181#
6939;rosendo.antunez456@outlook.com;Rosend765!
6940;jeronimo.de561@gmail.com;Jeroni100!
6941;reyes.cuetoherrero558@yahoo.com;Reyesc772123
6942;violeta.amat17@hotmail.com;Violet823123
6943;ruth.carrion945@outlook.com;Ruthca1642026
6944;jose.carlos600@yahoo.com;Joseca286!
6945;palmira.montesinos356@hotmail.com;Palmir418_
6946;marco.sebastian534@yahoo.com;Marcos354#
6947;luis.recio11@outlook.com;Luisre305!
6948;aureliano.bonifacio66@gmail.com;Aureli243_
6949;rita.juan325@hotmail.com;Ritaju300123
6950;nicanor.iglesia388@hotmail.com;Nicano990!
6951;amelia.carbajo457@yahoo.com;Amelia706!
6952;ruperto.burgos34@hotmail.com;Rupert633123
6953;elisabet.del538@outlook.com;Elisab939@
6954;sonia.perez345@gmail.com;Soniap224_
6955;humberto.peiro804@gmail.com;Humber644@
6956;luna.arroyo458@outlook.com;Lunaar6972026
6957;josefina.garrigacolomer680@outlook.com;Josefi7182026
6958;baudelio.maximiliano761@gmail.com;Baudel660@
6959;joan.montoya475@yahoo.com;Joanmo225_
6960;alicia.diezrivera257@yahoo.com;Alicia321#
6961;chus.conesa799@outlook.com;Chusco607@
6962;luis.angel974@outlook.com;Luisan149123
6963;narcisa.crespoiriarte192@yahoo.com;Narcis668@
6964;paola.bustamante228@yahoo.com;Paolab600_
6965;dionisio.celso494@hotmail.com;Dionis128!
6966;javier.feijoo847@outlook.com;Javier243_
6967;zoraida.blanes172@outlook.com;Zoraid936@
6968;valeria.duque594@gmail.com;Valeri788_
6969;leticia.pinol957@hotmail.com;Letici238#
6970;loida.consuelo108@hotmail.com;Loidac324_
6971;ursula.valeria609@hotmail.com;Ursula674!
6972;dani.mas905@yahoo.com;Danima6672026
6973;griselda.ramos13@outlook.com;Grisel615!
6974;josue.zabalagracia922@yahoo.com;Josuez744_
6975;rodolfo.puentepeiro961@outlook.com;Rodolf270!
6976;candelaria.encarnacion493@yahoo.com;Candel864@
6977;maxi.elias566@gmail.com;Maxiel636123
6978;seve.naranjo714@hotmail.com;Sevena221#
6979;nereida.del471@yahoo.com;Nereid1052026
6980;ignacia.maribel518@gmail.com;Ignaci682!
6981;eusebio.mulet731@outlook.com;Eusebi628_
6982;curro.heredia581@gmail.com;Curroh718#
6983;fito.del634@outlook.com;Fitode651@
6984;victoria.cortes857@gmail.com;Victor102#
6985;ruperto.villar700@hotmail.com;Rupert669!
6986;tomas.farre609@yahoo.com;Tomasf682123
6987;alfredo.saura476@gmail.com;Alfred617#
6988;anibal.cortescriado517@hotmail.com;Anibal577123
6989;angelica.castellanos720@outlook.com;Angeli942@
6990;macaria.de312@hotmail.com;Macari590123
6991;jonatan.fuster559@outlook.com;Jonata478123
6992;cesar.gimenez202@gmail.com;Cesarg709_
6993;gema.tejadalosada533@yahoo.com;Gemate9622026
6994;octavia.calzada108@gmail.com;Octavi139#
6995;caridad.de313@outlook.com;Carida8832026
6996;amanda.beatriz709@hotmail.com;Amanda769#
6997;pili.mendez56@yahoo.com;Pilime7692026
6998;sigfrido.del645@yahoo.com;Sigfri995_
6999;luis.angel705@gmail.com;Luisan134123
7000;carla.estevez76@hotmail.com;Carlae709_
7001;feliciano.almansa134@gmail.com;Felici200#
7002;javiera.boix770@gmail.com;Javier260_
7003;inmaculada.chaparro944@gmail.com;Inmacu507!
7004;erasmo.mir573@yahoo.com;Erasmo724#
7005;mario.adadia426@outlook.com;Marioa892123
7006;edu.canales50@hotmail.com;Educan302@
7007;matilde.portero357@hotmail.com;Matild314123
7008;sosimo.vilanova475@outlook.com;Sosimo162#
7009;fernanda.vergara384@hotmail.com;Fernan2192026
7010;valero.salazar246@gmail.com;Valero694!
7011;maxima.terron101@gmail.com;Maxima764!
7012;maxi.palomino553@hotmail.com;Maxipa565@
7013;regulo.marti597@hotmail.com;Regulo840_
7014;teodora.romaojeda51@yahoo.com;Teodor7032026
7015;benigno.rojas238@hotmail.com;Benign877123
7016;olalla.bravo259@outlook.com;Olalla132!
7017;eladio.abascal900@gmail.com;Eladio953#
7018;edelmira.infante19@gmail.com;Edelmi5772026
7019;febe.palacioquero995@gmail.com;Febepa706!
7020;anastasio.melendez925@yahoo.com;Anasta551_
7021;adoracion.prat227@gmail.com;Adorac3062026
7022;salvador.parejo284@outlook.com;Salvad460123
7023;pilar.del455@yahoo.com;Pilard636!
7024;monica.losadagimenez435@yahoo.com;Monica807@
7025;aura.juanita808@outlook.com;Auraju290_
7026;luciana.briones33@hotmail.com;Lucian765_
7027;segismundo.cuadrado308@yahoo.com;Segism175!
7028;luciano.palomino762@outlook.com;Lucian713_
7029;leonor.de830@hotmail.com;Leonor401123
7030;clarisa.reina903@yahoo.com;Claris500!
7031;morena.casalpeinado845@gmail.com;Morena251123
7032;amanda.anguita534@outlook.com;Amanda550!
7033;lucas.diego511@yahoo.com;Lucasd820_
7034;adrian.menendez931@hotmail.com;Adrian262@
7035;leonardo.herranz450@hotmail.com;Leonar5002026
7036;tere.almansa216@hotmail.com;Tereal365#
7037;emperatriz.manola860@yahoo.com;Empera551@
7038;chita.pacifica851@hotmail.com;Chitap380123
7039;manuela.isern189@gmail.com;Manuel8752026
7040;buenaventura.valderrama147@outlook.com;Buenav111!
7041;zoraida.bravo325@outlook.com;Zoraid456@
7042;flor.del281@hotmail.com;Florde263123
7043;cloe.salaarnaiz67@hotmail.com;Cloesa409_
7044;arsenio.pablo410@gmail.com;Arseni8012026
7045;maxi.huertamachado116@outlook.com;Maxihu329#
7046;natalia.melendez488@yahoo.com;Natali318#
7047;marisol.del988@yahoo.com;Mariso8812026
7048;patricio.del773@yahoo.com;Patric4052026
7049;hugo.segarrabarros354@yahoo.com;Hugose143123
7050;aitor.de692@gmail.com;Aitord4502026
7051;oscar.nico616@outlook.com;Oscarn985_
7052;baldomero.guardiola552@yahoo.com;Baldom932#
7053;adelia.salom35@yahoo.com;Adelia702@
7054;rocio.blanco588@yahoo.com;Rociob878!
7055;felix.ordonez705@gmail.com;Felixo950_
7056;anabel.flor361@gmail.com;Anabel990_
7057;cristina.fuertes736@hotmail.com;Cristi998!
7058;priscila.olivaressolera317@yahoo.com;Prisci470123
7059;prudencio.soto869@gmail.com;Pruden666@
7060;oscar.jaume821@gmail.com;Oscarj311#
7061;monica.cocapou139@hotmail.com;Monica694_
7062;juan.francisco444@yahoo.com;Juanfr571@
7063;rocio.ortega373@hotmail.com;Rocioo3142026
7064;reyes.naranjo732@outlook.com;Reyesn866123
7065;artemio.uribe207@outlook.com;Artemi8012026
7066;marianela.campoy153@gmail.com;Marian974!
7067;chuy.del479@outlook.com;Chuyde4662026
7068;ester.perera462@gmail.com;Esterp761!
7069;jafet.marin829@outlook.com;Jafetm472#
7070;estrella.ginerros468@gmail.com;Estrel651@
7071;goyo.luna970@yahoo.com;Goyolu8892026
7072;juanita.calvet465@hotmail.com;Juanit588@
7073;eustaquio.belmonte353@hotmail.com;Eustaq764!
7074;martin.robles890@outlook.com;Martin9932026
7075;lina.bayon805@yahoo.com;Linaba451#
7076;caridad.urrutia307@outlook.com;Carida929123
7077;alvaro.ferran623@hotmail.com;Alvaro587!
7078;adrian.hernando938@outlook.com;Adrian829123
7079;marciano.callejatejero281@hotmail.com;Marcia753_
7080;angeles.munozmonreal168@gmail.com;Angele794123
7081;bernarda.barral411@gmail.com;Bernar296#
7082;rosalia.zamora975@gmail.com;Rosali514_
7083;gabriel.iniguezcheca636@gmail.com;Gabrie524!
7084;maria.jesus748@gmail.com;Mariaj267!
7085;valentin.rincon845@hotmail.com;Valent690_
7086;francisco.jose881@yahoo.com;Franci829_
7087;vito.solis353@hotmail.com;Vitoso826_
7088;lucio.silva447@hotmail.com;Lucios359!
7089;renata.angel672@gmail.com;Renata387@
7090;hilario.abadcastejon469@outlook.com;Hilari281_
7091;ema.del887@gmail.com;Emadel346#
7092;candela.abril222@outlook.com;Candel8222026
7093;anselma.minguezcomas225@yahoo.com;Anselm4982026
7094;noemi.ricart215@gmail.com;Noemir680#
7095;cruz.del357@outlook.com;Cruzde335@
7096;celia.landa299@outlook.com;Celial5602026
7097;trinidad.uriartelujan228@gmail.com;Trinid531_
7098;benita.ribeslumbreras695@hotmail.com;Benita913123
7099;zacarias.pizarro557@outlook.com;Zacari742!
7100;dalila.company192@yahoo.com;Dalila620#
7101;sebastian.ocana856@hotmail.com;Sebast648#
7102;leyre.cabello845@hotmail.com;Leyrec199#
7103;rolando.castaneda842@gmail.com;Roland1382026
7104;araceli.encarnacion482@hotmail.com;Aracel211!
7105;juan.francisco366@gmail.com;Juanfr4512026
7106;ascension.tania512@gmail.com;Ascens445@
7107;vicenta.pineiro604@outlook.com;Vicent999123
7108;constanza.daza772@outlook.com;Consta9392026
7109;carlito.ruy561@gmail.com;Carlit661#
7110;bernabe.rey140@hotmail.com;Bernab192_
7111;jose.ramon470@hotmail.com;Josera992_
7112;ignacio.linares189@gmail.com;Ignaci150123
7113;aura.bastida344@gmail.com;Auraba4992026
7114;leire.juan619@outlook.com;Leirej661@
7115;juliana.de228@yahoo.com;Julian424#
7116;nicolasa.nicolasa832@gmail.com;Nicola786#
7117;yessica.blanch45@outlook.com;Yessic318123
7118;herberto.lillo896@yahoo.com;Herber233!
7119;fabian.pozo799@yahoo.com;Fabian429#
7120;severiano.garcia328@yahoo.com;Severi222#
7121;clemente.del531@gmail.com;Clemen369!
7122;haydee.baena229@hotmail.com;Haydee810@
7123;sebastian.fabio448@gmail.com;Sebast488@
7124;rosario.fabregat695@gmail.com;Rosari639!
7125;dora.montero313@gmail.com;Doramo169@
7126;maximiano.lisandro280@gmail.com;Maximi792_
7127;mayte.elorzaandrade530@gmail.com;Maytee710123
7128;eladio.de364@outlook.com;Eladio936123
7129;paca.solano814@gmail.com;Pacaso6432026
7130;febe.vilaplana972@outlook.com;Febevi780!
7131;rosalina.puga795@hotmail.com;Rosali973!
7132;lorena.guerramoran135@yahoo.com;Lorena397_
7133;fatima.guadalupe993@gmail.com;Fatima805#
7134;leandro.almansa804@hotmail.com;Leandr911@
7135;amada.cordero960@outlook.com;Amadac649_
7136;cristian.juarez418@gmail.com;Cristi343#
7137;nico.manriquesalinas238@yahoo.com;Nicoma6752026
7138;custodia.arevalo411@hotmail.com;Custod373@
7139;diego.pardo247@yahoo.com;Diegop461@
7140;curro.carranza379@gmail.com;Curroc478123
7141;maria.teresa832@outlook.com;Mariat917_
7142;erasmo.mayol667@yahoo.com;Erasmo467_
7143;narcisa.salv711@gmail.com;Narcis6742026
7144;felix.garay403@yahoo.com;Felixg507_
7145;emigdio.carbonell188@outlook.com;Emigdi483@
7146;maria.luisa769@outlook.com;Marial9542026
7147;sandra.lledo104@hotmail.com;Sandra4702026
7148;esperanza.villalonga909@gmail.com;Espera419#
7149;macarena.barreda119@gmail.com;Macare831#
7150;aaron.julia423@yahoo.com;Aaronj873#
7151;cesar.claveromascaro737@hotmail.com;Cesarc3532026
7152;albert.salazar639@yahoo.com;Albert624@
7153;graciela.landa71@yahoo.com;Gracie104_
7154;lorenza.de869@gmail.com;Lorenz463_
7155;liliana.bermudezoller178@hotmail.com;Lilian757_
7156;berto.del837@gmail.com;Bertod466#
7157;edgardo.alvaradocanovas681@gmail.com;Edgard994123
7158;socorro.de462@yahoo.com;Socorr213_
7159;felix.camara650@outlook.com;Felixc109@
7160;ignacio.guzman339@gmail.com;Ignaci1612026
7161;noe.rivas321@gmail.com;Noeriv281@
7162;jacinta.duarte459@gmail.com;Jacint648!
7163;leocadio.de729@outlook.com;Leocad351123
7164;javiera.palmer126@outlook.com;Javier195_
7165;gabriela.del214@gmail.com;Gabrie558_
7166;sandalio.moraleda633@gmail.com;Sandal631@
7167;febe.priego858@yahoo.com;Febepr181_
7168;jose.ramon997@yahoo.com;Josera827@
7169;clotilde.pelaez767@hotmail.com;Clotil837#
7170;mariana.gamezchacon83@yahoo.com;Marian620!
7171;benita.de739@outlook.com;Benita344#
7172;gisela.romero821@hotmail.com;Gisela9552026
7173;guadalupe.santana802@hotmail.com;Guadal972123
7174;salome.valera398@hotmail.com;Salome501#
7175;beatriz.moliner261@gmail.com;Beatri600!
7176;rosenda.gomiscasals490@yahoo.com;Rosend888123
7177;valero.cerdan697@hotmail.com;Valero647@
7178;encarnacion.mayoral204@yahoo.com;Encarn620123
7179;rosa.agusti453@hotmail.com;Rosaag523@
7180;isidora.garzon719@yahoo.com;Isidor358_
7181;fabricio.revilla775@gmail.com;Fabric777@
7182;milagros.merino990@gmail.com;Milagr7272026
7183;marciano.cardona222@gmail.com;Marcia825@
7184;alicia.granadosmulet147@yahoo.com;Alicia473#
7185;apolinar.del494@gmail.com;Apolin222_
7186;juliana.alvaroarnau20@yahoo.com;Julian188_
7187;mayte.pons538@outlook.com;Maytep2182026
7188;valentin.bustos406@outlook.com;Valent109#
7189;esther.dalmau779@gmail.com;Esther561!
7190;nacio.rafael154@outlook.com;Nacior775#
7191;heraclio.sebastian163@gmail.com;Heracl937!
7192;modesto.pineda689@hotmail.com;Modest420@
7193;yessica.morante809@yahoo.com;Yessic1052026
7194;elvira.roca98@outlook.com;Elvira990_
7195;emelina.ochoa891@hotmail.com;Emelin689#
7196;ainoa.molins106@hotmail.com;Ainoam838_
7197;roxana.de904@gmail.com;Roxana1222026
7198;alba.quintero851@gmail.com;Albaqu241_
7199;malena.tejero47@gmail.com;Malena916123
7200;ruy.crespocarrillo339@outlook.com;Ruycre792#
7201;candida.gabaldon49@yahoo.com;Candid229#
7202;luciano.rieragutierrez350@gmail.com;Lucian5912026
7203;godofredo.pozuelo87@yahoo.com;Godofr913!
7204;marciano.clavero476@yahoo.com;Marcia942@
7205;gregorio.gallegoortega40@hotmail.com;Gregor493123
7206;iban.villalobos82@outlook.com;Ibanvi264123
7207;sarita.valverde225@hotmail.com;Sarita4252026
7208;encarnacion.amigo773@gmail.com;Encarn4882026
7209;hortensia.toro906@outlook.com;Horten858123
7210;jose.ignacio516@gmail.com;Joseig473#
7211;rene.santiago892@hotmail.com;Renesa180_
7212;rafa.hierrocontreras422@yahoo.com;Rafahi133_
7213;daniela.florencia421@yahoo.com;Daniel270#
7214;marianela.velez623@yahoo.com;Marian228123
7215;eligia.juarez834@hotmail.com;Eligia8142026
7216;moises.cobos322@yahoo.com;Moises725@
7217;damian.calderon275@hotmail.com;Damian850123
7218;che.del463@yahoo.com;Chedel6002026
7219;maria.carmen757@hotmail.com;Mariac210!
7220;chema.del438@gmail.com;Chemad639!
7221;sandalio.guardiola125@yahoo.com;Sandal199@
7222;guiomar.jauregui741@outlook.com;Guioma450!
7223;lucia.del822@hotmail.com;Luciad640_
7224;bernarda.montesinos117@outlook.com;Bernar871_
7225;filomena.adela61@outlook.com;Filome935123
7226;salome.diego220@hotmail.com;Salome357@
7227;anabel.talavera688@gmail.com;Anabel401_
7228;macarena.aguilera409@gmail.com;Macare406123
7229;toni.burgos123@outlook.com;Tonibu8902026
7230;maximiano.montana295@hotmail.com;Maximi842@
7231;anastasio.lermamariscal263@hotmail.com;Anasta837123
7232;juliana.duran805@yahoo.com;Julian5952026
7233;belen.pedrosa500@yahoo.com;Belenp3222026
7234;eutimio.barroso819@outlook.com;Eutimi6372026
7235;raquel.lloret942@hotmail.com;Raquel651#
7236;odalys.martin415@gmail.com;Odalys876@
7237;marianela.maestre94@yahoo.com;Marian230123
7238;urbano.mayo286@yahoo.com;Urbano255@
7239;anselmo.palma510@hotmail.com;Anselm9272026
7240;eleuterio.castells228@gmail.com;Eleute675_
7241;felisa.manso749@yahoo.com;Felisa864_
7242;olegario.rosello732@gmail.com;Olegar9062026
7243;abril.nydia97@yahoo.com;Abriln802!
7244;urbano.nunez144@hotmail.com;Urbano3612026
7245;julie.cerro264@gmail.com;Juliec167_
7246;alcides.roda774@hotmail.com;Alcide6952026
7247;donato.collado397@outlook.com;Donato211#
7248;artemio.tejeracosta573@yahoo.com;Artemi472@
7249;carlota.barriga153@outlook.com;Carlot582!
7250;fabiola.ricart606@hotmail.com;Fabiol581!
7251;fabricio.gallart580@outlook.com;Fabric6292026
7252;itziar.rincon168@yahoo.com;Itziar159123
7253;sara.leon316@yahoo.com;Sarale643#
7254;augusto.de888@outlook.com;August696!
7255;lara.martinez623@yahoo.com;Larama215123
7256;pablo.vives546@yahoo.com;Pablov430123
7257;jose.ramon581@hotmail.com;Josera988_
7258;telmo.rossello638@outlook.com;Telmor975#
7259;hilario.reguera106@gmail.com;Hilari6802026
7260;ximena.pozuelo844@gmail.com;Ximena5172026
7261;nelida.paniagua652@hotmail.com;Nelida488#
7262;florencio.nacho364@gmail.com;Floren161#
7263;paula.concha836@hotmail.com;Paulac820_
7264;maristela.anton733@hotmail.com;Marist114!
7265;renata.bernad222@gmail.com;Renata996#
7266;chus.cabrera856@outlook.com;Chusca586#
7267;sosimo.bernardino17@hotmail.com;Sosimo2912026
7268;tecla.del179@gmail.com;Teclad385#
7269;felix.berrocalruiz763@outlook.com;Felixb263!
7270;carmela.maria847@gmail.com;Carmel108123
7271;juan.huerta867@yahoo.com;Juanhu902!
7272;celia.jaen458@yahoo.com;Celiaj343_
7273;agata.revilla422@outlook.com;Agatar808@
7274;inmaculada.salamanca111@hotmail.com;Inmacu931@
7275;jordan.manso256@yahoo.com;Jordan899_
7276;maricruz.aviles207@outlook.com;Maricr619@
7277;romulo.del753@yahoo.com;Romulo370@
7278;abel.hoz251@hotmail.com;Abelho821_
7279;ildefonso.salcedo888@gmail.com;Ildefo993!
7280;rosario.maricruz864@yahoo.com;Rosari502#
7281;heraclio.garate445@yahoo.com;Heracl961@
7282;vito.de255@yahoo.com;Vitode2152026
7283;duilio.leonardo399@hotmail.com;Duilio345_
7284;abraham.vilalta178@outlook.com;Abraha199!
7285;ismael.gustavo871@gmail.com;Ismael966_
7286;emma.lobo162@outlook.com;Emmalo789#
7287;bibiana.galvan312@outlook.com;Bibian887@
7288;aurea.de482@yahoo.com;Auread774#
7289;baltasar.saenz792@outlook.com;Baltas776@
7290;anna.vicens328@outlook.com;Annavi462_
7291;severiano.bartolome275@hotmail.com;Severi469123
7292;fanny.abad438@hotmail.com;Fannya142_
7293;luciano.jordan669@outlook.com;Lucian349123
7294;francisco.jose904@yahoo.com;Franci896_
7295;ezequiel.llado46@gmail.com;Ezequi6732026
7296;joaquina.de36@gmail.com;Joaqui234123
7297;lorenzo.catala573@yahoo.com;Lorenz510123
7298;hipolito.de131@yahoo.com;Hipoli878!
7299;graciano.valverde272@gmail.com;Gracia645!
7300;nazario.acevedo422@hotmail.com;Nazari695!
7301;odalys.contreras190@gmail.com;Odalys6262026
7302;bautista.izquierdo419@yahoo.com;Bautis2812026
7303;luisina.cuenca190@outlook.com;Luisin567!
7304;glauco.anastasio130@hotmail.com;Glauco839@
7305;ovidio.de455@gmail.com;Ovidio116_
7306;melania.bello733@gmail.com;Melani286#
7307;zacarias.parra945@gmail.com;Zacari873#
7308;natalio.aguado533@hotmail.com;Natali940123
7309;angel.verdumachado432@gmail.com;Angelv254!
7310;geraldo.alvaromelero938@hotmail.com;Gerald937#
7311;candelaria.parejo974@gmail.com;Candel950#
7312;curro.torralba678@yahoo.com;Currot949!
7313;isabel.guadalupe275@outlook.com;Isabel511123
7314;roman.pedrero665@yahoo.com;Romanp861123
7315;nelida.olmohernandez805@outlook.com;Nelida6872026
7316;hector.de15@yahoo.com;Hector283!
7317;mayte.riquelme178@hotmail.com;Mayter574@
7318;apolonia.martin894@hotmail.com;Apolon441#
7319;ruperto.de439@outlook.com;Rupert8012026
7320;lucho.madrigal871@hotmail.com;Luchom225123
7321;gisela.ambar342@hotmail.com;Gisela234_
7322;judith.almeida233@gmail.com;Judith268#
7323;apolonia.bautista392@hotmail.com;Apolon812@
7324;victor.nino587@outlook.com;Victor231_
7325;cayetana.seco542@outlook.com;Cayeta228123
7326;sofia.vega430@outlook.com;Sofiav7992026
7327;sol.de978@outlook.com;Soldeg625_
7328;edgar.del33@outlook.com;Edgard846#
7329;pilar.coronado736@gmail.com;Pilarc867_
7330;ruben.hermenegildo390@gmail.com;Rubenh258!
7331;rufina.vilar720@yahoo.com;Rufina6842026
7332;angelina.ledesmasebastian253@hotmail.com;Angeli963@
7333;timoteo.bonifacio867@gmail.com;Timote795123
7334;jonatan.barrio179@hotmail.com;Jonata193@
7335;walter.cespedes855@outlook.com;Walter887!
7336;nilo.pags583@outlook.com;Nilopa406#
7337;leopoldo.cadenas372@gmail.com;Leopol456!
7338;gloria.martin846@yahoo.com;Gloria735123
7339;imelda.pellicer291@gmail.com;Imelda247!
7340;virgilio.molins340@hotmail.com;Virgil427123
7341;dario.arnal797@outlook.com;Darioa533123
7342;zaira.valdes971@outlook.com;Zairav615@
7343;benigna.de317@hotmail.com;Benign473!
7344;abigail.alcolea389@hotmail.com;Abigai871@
7345;iban.calvo958@outlook.com;Ibanca360#
7346;camilo.verdugomartin121@yahoo.com;Camilo3582026
7347;bernardita.estrada440@hotmail.com;Bernar6022026
7348;pastor.de85@yahoo.com;Pastor562@
7349;belen.caro890@yahoo.com;Belenc514!
7350;xavier.segovia997@outlook.com;Xavier870!
7351;aurelio.bilbao493@gmail.com;Aureli349!
7352;salud.cerezo796@gmail.com;Saludc251_
7353;carla.alvarado961@outlook.com;Carlaa690!
7354;marino.villalonga532@hotmail.com;Marino8312026
7355;eduardo.nunez321@hotmail.com;Eduard648_
7356;concha.lago596@gmail.com;Concha998@
7357;aitor.del50@outlook.com;Aitord524!
7358;ruy.melero789@outlook.com;Ruymel194123
7359;brunilda.de418@hotmail.com;Brunil422123
7360;viviana.marti469@gmail.com;Vivian760@
7361;graciano.galvezserna20@gmail.com;Gracia978@
7362;feliciano.roman23@yahoo.com;Felici4782026
7363;poncio.jara448@hotmail.com;Poncio483#
7364;dionisia.pou312@yahoo.com;Dionis275@
7365;victor.losa213@gmail.com;Victor507!
7366;cosme.leal396@outlook.com;Cosmel550123
7367;lilia.benaventeramirez953@outlook.com;Liliab291123
7368;nelida.marti227@gmail.com;Nelida724!
7369;amalia.batlle568@hotmail.com;Amalia844123
7370;jimena.riera785@yahoo.com;Jimena252#
7371;iker.heredia961@outlook.com;Ikerhe2042026
7372;isaura.feliutrillo819@hotmail.com;Isaura631@
7373;nereida.gual501@hotmail.com;Nereid633#
7374;mariano.cruzguardiola917@outlook.com;Marian600#
7375;florentina.jordana736@yahoo.com;Floren894123
7376;venceslas.beltranoller306@gmail.com;Vences661@
7377;adelaida.prats314@gmail.com;Adelai385@
7378;georgina.belda392@outlook.com;Georgi930@
7379;irene.roma313@outlook.com;Irener3522026
7380;ignacio.bermudez298@gmail.com;Ignaci266!
7381;antonio.navarro20@gmail.com;Antoni573!
7382;moises.hurtado475@gmail.com;Moises929_
7383;jordan.zamorano908@gmail.com;Jordan959_
7384;fidela.folch384@gmail.com;Fidela891!
7385;cristobal.escriva376@outlook.com;Cristo222123
7386;toribio.cuenca124@outlook.com;Toribi749123
7387;andrea.garrido337@hotmail.com;Andrea376123
7388;emperatriz.arroyoropero504@hotmail.com;Empera334123
7389;esther.lina105@yahoo.com;Esther927_
7390;german.gimeno303@hotmail.com;German6802026
7391;juan.pablo364@gmail.com;Juanpa258_
7392;alma.mir211@gmail.com;Almami905@
7393;adan.antunez728@hotmail.com;Adanan6232026
7394;nadia.del177@gmail.com;Nadiad703123
7395;luciano.viana517@yahoo.com;Lucian566#
7396;geraldo.mas539@outlook.com;Gerald821123
7397;anita.ferrera670@yahoo.com;Anitaf624_
7398;alberto.rufino229@yahoo.com;Albert346#
7399;maria.luisa396@yahoo.com;Marial362!
7400;raul.herreroinfante90@outlook.com;Raulhe701_
7401;valero.arnaiz381@outlook.com;Valero770_
7402;americo.gargallo714@gmail.com;Americ800!
7403;fulgencio.portillo436@yahoo.com;Fulgen464123
7404;paloma.bueno863@outlook.com;Paloma122!
7405;esther.martin400@hotmail.com;Esther453@
7406;patricia.robledo131@outlook.com;Patric8992026
7407;caridad.esteban336@hotmail.com;Carida976_
7408;borja.quiros446@outlook.com;Borjaq723123
7409;ani.jodar166@hotmail.com;Anijod670123
7410;simon.torres344@yahoo.com;Simont710#
7411;adela.ocana694@yahoo.com;Adelao9462026
7412;maria.manuela620@hotmail.com;Mariam377@
7413;martirio.taboada989@gmail.com;Martir6592026
7414;jose.ramon803@hotmail.com;Josera179@
7415;chema.lerma582@outlook.com;Chemal891_
7416;manu.silva545@gmail.com;Manusi618_
7417;adela.del903@outlook.com;Adelad9922026
7418;blas.almagro915@hotmail.com;Blasal177#
7419;jose.angel109@gmail.com;Josean183@
7420;nicolasa.aroca665@hotmail.com;Nicola5142026
7421;primitivo.tomas413@yahoo.com;Primit231@
7422;juana.palomo80@gmail.com;Juanap361123
7423;rolando.sebastian754@hotmail.com;Roland426123
7424;josep.berenguer559@gmail.com;Josepb6222026
7425;alejandra.andres181@outlook.com;Alejan3842026
7426;eugenio.cadenas917@gmail.com;Eugeni763@
7427;candido.mir675@yahoo.com;Candid508@
7428;alex.del826@yahoo.com;Alexde6232026
7429;urbano.angel697@outlook.com;Urbano287_
7430;dafne.del257@outlook.com;Dafned493#
7431;jimena.urenaamores557@hotmail.com;Jimena359123
7432;pedro.arevalo877@yahoo.com;Pedroa652!
7433;evita.aurea346@outlook.com;Evitaa310@
7434;miriam.del230@hotmail.com;Miriam629@
7435;rosalinda.lumbreras994@yahoo.com;Rosali510_
7436;edgardo.briones299@yahoo.com;Edgard332_
7437;asdrubal.tirado759@yahoo.com;Asdrub465!
7438;tono.castellanos769@yahoo.com;Tonoca730#
7439;jordan.donato544@outlook.com;Jordan941@
7440;aurelio.sanabria301@hotmail.com;Aureli507@
7441;aaron.luzmoreno570@hotmail.com;Aaronl321@
7442;ines.francisco661@outlook.com;Inesfr505@
7443;candelario.cervantes604@outlook.com;Candel245@
7444;ruth.masblanes312@hotmail.com;Ruthma717#
7445;merche.hernandez412@hotmail.com;Merche540#
7446;fito.colom212@hotmail.com;Fitoco942_
7447;jose.carlos174@outlook.com;Joseca502_
7448;sergio.borrego829@outlook.com;Sergio271123
7449;debora.lopez34@gmail.com;Debora377_
7450;baldomero.font696@hotmail.com;Baldom4792026
7451;azahar.castell257@yahoo.com;Azahar460#
7452;nico.de924@yahoo.com;Nicode541#
7453;elisa.taboada458@gmail.com;Elisat332@
7454;sigfrido.quintanachacon650@yahoo.com;Sigfri112123
7455;modesta.gelabert250@yahoo.com;Modest390!
7456;albano.lucas29@hotmail.com;Albano980!
7457;angela.peiro18@yahoo.com;Angela2012026
7458;modesto.del66@yahoo.com;Modest3852026
7459;evaristo.comas170@hotmail.com;Evaris740123
7460;micaela.ricart773@yahoo.com;Micael819_
7461;vinicio.acedogargallo812@yahoo.com;Vinici792#
7462;mariano.de385@hotmail.com;Marian678@
7463;nacho.vicensespinosa119@yahoo.com;Nachov262_
7464;norberto.codina725@gmail.com;Norber140_
7465;macarena.peraltatovar921@hotmail.com;Macare146123
7466;macario.royo452@yahoo.com;Macari259123
7467;trini.vega526@hotmail.com;Triniv484_
7468;abigail.tejedor26@gmail.com;Abigai885#
7469;casemiro.machadobarcelo379@gmail.com;Casemi544_
7470;santos.pedraza953@gmail.com;Santos694123
7471;rafaela.de575@outlook.com;Rafael726@
7472;francisco.javier258@yahoo.com;Franci180_
7473;eutimio.sevillano16@gmail.com;Eutimi173!
7474;climaco.leocadio650@hotmail.com;Climac695!
7475;maria.teresa168@yahoo.com;Mariat566123
7476;moises.sole494@outlook.com;Moises701!
7477;lina.atienza519@hotmail.com;Linaat697@
7478;alvaro.trujillo521@gmail.com;Alvaro339!
7479;hector.valenciano619@yahoo.com;Hector102_
7480;silvestre.castrillo354@outlook.com;Silves610!
7481;lupe.tapia730@outlook.com;Lupeta170_
7482;alejo.macias60@yahoo.com;Alejom3282026
7483;valero.carpio952@gmail.com;Valero843123
7484;zaida.ugarte31@yahoo.com;Zaidau392#
7485;ale.godofredo426@hotmail.com;Alegod603@
7486;casandra.carbajo318@yahoo.com;Casand694_
7487;alonso.arrieta278@hotmail.com;Alonso282@
7488;marino.luis186@yahoo.com;Marino123_
7489;vinicio.daza93@gmail.com;Vinici708_
7490;ricardo.higueras629@hotmail.com;Ricard330!
7491;marita.montenegro199@yahoo.com;Marita294123
7492;dan.tudela916@outlook.com;Dantud443@
7493;sabas.candelario229@hotmail.com;Sabasc376123
7494;olimpia.casasordonez51@hotmail.com;Olimpi882!
7495;mireia.canellas71@hotmail.com;Mireia128#
7496;angelita.busquets934@gmail.com;Angeli996#
7497;apolinar.isern693@hotmail.com;Apolin385!
7498;florentina.manzano519@hotmail.com;Floren789#
7499;jose.luis848@yahoo.com;Joselu662123
7500;espiridion.zorrilla130@hotmail.com;Espiri7822026
7501;eutimio.canton526@hotmail.com;Eutimi647#
7502;agustina.barroso404@gmail.com;Agusti932#
7503;samuel.de173@yahoo.com;Samuel275_
7504;cosme.agudo517@yahoo.com;Cosmea9122026
7505;luis.pardo226@hotmail.com;Luispa420#
7506;rufina.zamora299@hotmail.com;Rufina768!
7507;paloma.de174@outlook.com;Paloma629@
7508;raul.paez181@hotmail.com;Raulpa3672026
7509;inocencio.quero864@hotmail.com;Inocen8282026
7510;emperatriz.riba613@gmail.com;Empera872#
7511;mamen.pineiro820@hotmail.com;Mamenp300_
7512;griselda.villa151@yahoo.com;Grisel277#
7513;paula.martinezmoreno253@yahoo.com;Paulam800_
7514;teresita.gilabertmanrique955@gmail.com;Teresi170_
7515;ariel.otero435@yahoo.com;Arielo738@
7516;albina.tejero483@hotmail.com;Albina461_
7517;matilde.artigas744@outlook.com;Matild270_
7518;bonifacio.reig193@outlook.com;Bonifa690_
7519;bartolome.marino365@yahoo.com;Bartol914#
7520;juana.collado647@hotmail.com;Juanac8422026
7521;prudencia.tome890@outlook.com;Pruden682#
7522;lino.roig246@yahoo.com;Linoro5782026
7523;cleto.alfaro888@outlook.com;Cletoa463_
7524;ignacio.nadal983@gmail.com;Ignaci788#
7525;camilo.tur565@outlook.com;Camilo794_
7526;jordi.arcossancho27@gmail.com;Jordia519#
7527;ariel.cepeda19@yahoo.com;Arielc321_
7528;adelina.cortina366@yahoo.com;Adelin444123
7529;aitor.roldan367@outlook.com;Aitorr620#
7530;fito.rivero102@gmail.com;Fitori894@
7531;graciana.almeida133@hotmail.com;Gracia384#
7532;quique.canoalfaro829@hotmail.com;Quique427#
7533;oscar.caparrosdiego508@yahoo.com;Oscarc1592026
7534;angela.espada505@gmail.com;Angela9242026
7535;diego.vendrell828@yahoo.com;Diegov849_
7536;ovidio.ramon554@yahoo.com;Ovidio725!
7537;osvaldo.jara511@outlook.com;Osvald512_
7538;rosario.salcedo22@hotmail.com;Rosari339@
7539;josefa.caceres668@outlook.com;Josefa698!
7540;jose.luis953@gmail.com;Joselu6232026
7541;lucas.quevedo147@hotmail.com;Lucasq289_
7542;fulgencio.melendez588@gmail.com;Fulgen488!
7543;cirino.martinez359@yahoo.com;Cirino210#
7544;carolina.reig941@gmail.com;Caroli862@
7545;fatima.alegre989@hotmail.com;Fatima486@
7546;oscar.iborra960@hotmail.com;Oscari828#
7547;asdrubal.arroyo66@yahoo.com;Asdrub578#
7548;abilio.mateu942@hotmail.com;Abilio134_
7549;jose.manuel717@gmail.com;Josema670!
7550;horacio.aguirreandres43@yahoo.com;Horaci326!
7551;aurea.grascortes892@hotmail.com;Aureag240_
7552;silvestre.raya26@gmail.com;Silves290@
7553;caridad.clara159@yahoo.com;Carida350#
7554;miguela.tellez555@hotmail.com;Miguel9312026
7555;buenaventura.llorensyuste920@yahoo.com;Buenav959@
7556;carina.marin182@hotmail.com;Carina405@
7557;luis.esteban423@yahoo.com;Luises282#
7558;mamen.milagros680@yahoo.com;Mamenm1072026
7559;celia.tudelaalcala557@outlook.com;Celiat764!
7560;jordan.calatayud175@hotmail.com;Jordan206_
7561;luis.angel147@gmail.com;Luisan336!
7562;maxima.elorzafolch667@gmail.com;Maxima3132026
7563;fermin.fernandezcerda546@hotmail.com;Fermin4862026
7564;noa.rubio153@yahoo.com;Noarub978!
7565;benigna.duran775@yahoo.com;Benign7542026
7566;lidia.bauz384@hotmail.com;Lidiab941123
7567;bonifacio.roldan684@yahoo.com;Bonifa410123
7568;dominga.gracia372@hotmail.com;Doming189_
7569;paca.bou224@hotmail.com;Pacabo141123
7570;bernardo.pedraza387@gmail.com;Bernar441!
7571;jose.del28@outlook.com;Josede212_
7572;odalys.pascualpalacios539@hotmail.com;Odalys403!
7573;walter.sola504@outlook.com;Walter350!
7574;juan.francisco483@outlook.com;Juanfr766123
7575;brunilda.acedo56@yahoo.com;Brunil342@
7576;felix.palma372@gmail.com;Felixp8012026
7577;alfredo.ros236@outlook.com;Alfred527123
7578;chita.porras190@yahoo.com;Chitap703123
7579;abril.madrigal19@outlook.com;Abrilm187#
7580;damian.saavedra207@outlook.com;Damian625123
7581;oscar.nicolas673@yahoo.com;Oscarn3582026
7582;ale.chaves599@gmail.com;Alecha121_
7583;isaac.gomez249@gmail.com;Isaacg898@
7584;martina.lozano52@hotmail.com;Martin669123
7585;camilo.contreras903@yahoo.com;Camilo2222026
7586;carla.valls501@hotmail.com;Carlav6412026
7587;genoveva.folchgordillo267@yahoo.com;Genove810#
7588;octavio.torres519@outlook.com;Octavi799#
7589;florinda.de353@gmail.com;Florin993!
7590;luciana.de297@hotmail.com;Lucian5042026
7591;arturo.cuenca232@gmail.com;Arturo2312026
7592;marc.querol677@yahoo.com;Marcqu520_
7593;casemiro.del204@hotmail.com;Casemi531_
7594;ciro.mate596@hotmail.com;Ciroma9952026
7595;salud.concepcion600@hotmail.com;Saludc110!
7596;bonifacio.blanch421@gmail.com;Bonifa573#
7597;aurelio.rosales346@yahoo.com;Aureli883!
7598;candelaria.pavon610@hotmail.com;Candel376_
7599;juan.mulet17@hotmail.com;Juanmu748_
7600;hilario.hernando458@outlook.com;Hilari196#
7601;cayetano.mas305@yahoo.com;Cayeta288#
7602;mirta.goicoechea309@gmail.com;Mirtag673_
7603;inocencio.jove427@gmail.com;Inocen4502026
7604;cintia.pulido890@gmail.com;Cintia292!
7605;rene.garcia369@gmail.com;Renega100!
7606;tere.alberola86@gmail.com;Tereal145123
7607;teodoro.lloret816@gmail.com;Teodor731@
7608;fanny.coronado641@outlook.com;Fannyc538123
7609;francisco.javier866@outlook.com;Franci850_
7610;simon.cisneros146@yahoo.com;Simonc1202026
7611;iban.del236@yahoo.com;Ibande395#
7612;rodolfo.porta515@yahoo.com;Rodolf357123
7613;isabel.agueda708@yahoo.com;Isabel200@
7614;melchor.albano833@gmail.com;Melcho7852026
7615;teresita.granados296@hotmail.com;Teresi458#
7616;isidro.martin132@hotmail.com;Isidro1032026
7617;angelica.vidal229@gmail.com;Angeli772#
7618;gloria.vilar296@yahoo.com;Gloria993@
7619;lalo.barba166@gmail.com;Laloba849@
7620;graciana.chita221@hotmail.com;Gracia563#
7621;encarnacion.de49@hotmail.com;Encarn361123
7622;lazaro.cabezas697@outlook.com;Lazaro798#
7623;pio.galanmena901@gmail.com;Piogal347@
7624;saturnina.carmona75@outlook.com;Saturn773@
7625;armida.de975@hotmail.com;Armida436123
7626;jose.ignacio579@hotmail.com;Joseig762123
7627;milagros.blanes320@gmail.com;Milagr826123
7628;maria.bellido319@yahoo.com;Mariab1952026
7629;crescencia.borja812@yahoo.com;Cresce249@
7630;guillermo.amo506@yahoo.com;Guille175_
7631;pepito.carmonagallego902@outlook.com;Pepito607@
7632;trini.brigida391@outlook.com;Trinib2402026
7633;rene.pareja982@gmail.com;Renepa242!
7634;alonso.cazorla737@yahoo.com;Alonso225_
7635;prudencio.montero838@yahoo.com;Pruden441@
7636;carlito.rodrigo817@yahoo.com;Carlit328123
7637;teobaldo.nazario423@gmail.com;Teobal3402026
7638;emiliano.terron682@gmail.com;Emilia242@
7639;marcelo.fabregat55@gmail.com;Marcel166#
7640;celestina.ayala47@yahoo.com;Celest4802026
7641;eugenio.diaz946@yahoo.com;Eugeni364#
7642;alex.pinto287@outlook.com;Alexpi762!
7643;cornelio.plaza133@hotmail.com;Cornel259123
7644;gustavo.manuel567@gmail.com;Gustav339@
7645;tecla.fernandez415@hotmail.com;Teclaf9462026
7646;domitila.juliana315@gmail.com;Domiti440123
7647;horacio.barragan829@gmail.com;Horaci1532026
7648;duilio.plaza200@outlook.com;Duilio8492026
7649;paca.baquero834@gmail.com;Pacaba558@
7650;jesus.mayo551@hotmail.com;Jesusm2302026
7651;maria.manuela929@yahoo.com;Mariam595#
7652;hermenegildo.bueno113@gmail.com;Hermen497#
7653;pepito.glauco936@yahoo.com;Pepito464#
7654;ainara.barcena389@hotmail.com;Ainara626#
7655;jenny.barba737@yahoo.com;Jennyb600_
7656;godofredo.salvador475@yahoo.com;Godofr3602026
7657;olalla.cuevas318@gmail.com;Olalla499!
7658;lorenzo.rojasbelmonte939@outlook.com;Lorenz9862026
7659;margarita.fuster380@gmail.com;Margar1952026
7660;sabina.gallego281@gmail.com;Sabina621!
7661;ivan.colom222@yahoo.com;Ivanco7232026
7662;sebastian.santos425@yahoo.com;Sebast8902026
7663;adelardo.villegas287@yahoo.com;Adelar662123
7664;manu.fuertes298@yahoo.com;Manufu171!
7665;lope.camacho393@yahoo.com;Lopeca3472026
7666;florina.hoz619@yahoo.com;Florin318#
7667;salome.valls341@hotmail.com;Salome614!
7668;reinaldo.nino475@hotmail.com;Reinal4732026
7669;bernabe.cornejo423@yahoo.com;Bernab4792026
7670;cecilia.del883@hotmail.com;Cecili615@
7671;gonzalo.vicensbayon339@outlook.com;Gonzal982!
7672;reinaldo.millan174@outlook.com;Reinal490!
7673;oriana.carbonell231@hotmail.com;Oriana946@
7674;estela.roma387@hotmail.com;Estela320_
7675;juan.carlos151@hotmail.com;Juanca980123
7676;rosaura.bayo960@yahoo.com;Rosaur862123
7677;alfonso.fioltorrens182@gmail.com;Alfons183@
7678;salomon.marquezcanas131@hotmail.com;Salomo989123
7679;alberto.sanchez168@outlook.com;Albert968!
7680;rosario.anguita822@hotmail.com;Rosari858!
7681;yessica.narvaez841@outlook.com;Yessic498@
7682;galo.martinez255@yahoo.com;Galoma9532026
7683;angelina.robles994@gmail.com;Angeli234#
7684;salvador.llabresjove49@outlook.com;Salvad187!
7685;nidia.moramena310@outlook.com;Nidiam184_
7686;sosimo.del825@outlook.com;Sosimo510123
7687;malena.herrero407@gmail.com;Malena752123
7688;angeles.del336@outlook.com;Angele775@
7689;juan.luis992@yahoo.com;Juanlu740123
7690;americo.grau932@yahoo.com;Americ267_
7691;roman.castilla547@hotmail.com;Romanc840!
7692;perla.bauz364@hotmail.com;Perlab759@
7693;nacio.carreras130@hotmail.com;Nacioc421!
7694;daniel.ayala332@hotmail.com;Daniel903123
7695;marciano.villalba842@yahoo.com;Marcia9582026
7696;juan.calvogaray545@gmail.com;Juanca552@
7697;amilcar.roldanmalo927@outlook.com;Amilca866@
7698;paulina.jove859@hotmail.com;Paulin569_
7699;rafael.moll345@hotmail.com;Rafael960_
7700;francisca.fortuny595@hotmail.com;Franci480@
7701;leonor.alba601@gmail.com;Leonor564!
7702;luciano.zabala55@yahoo.com;Lucian826!
7703;jose.de916@yahoo.com;Josede6352026
7704;leocadio.morante654@yahoo.com;Leocad105_
7705;placido.duque682@outlook.com;Placid4132026
7706;adelia.de359@yahoo.com;Adelia424@
7707;isa.duarte775@yahoo.com;Isadua5032026
7708;plinio.del932@hotmail.com;Plinio655123
7709;rosario.velez39@hotmail.com;Rosari474@
7710;carmela.sanabria407@gmail.com;Carmel659@
7711;tomas.solanopadilla678@hotmail.com;Tomass2622026
7712;casandra.davila334@gmail.com;Casand821_
7713;encarnacion.villanuevaaparicio450@gmail.com;Encarn699123
7714;noa.debora460@outlook.com;Noadeb914@
7715;albina.aranzazu311@gmail.com;Albina517123
7716;merche.alcolea83@gmail.com;Merche322123
7717;daniel.fernando364@outlook.com;Daniel470!
7718;aurelia.amor230@gmail.com;Aureli227#
7719;etelvina.urrutia712@yahoo.com;Etelvi333!
7720;abril.perea866@yahoo.com;Abrilp953#
7721;america.tellez625@outlook.com;Americ116#
7722;jessica.tudela788@yahoo.com;Jessic435123
7723;reyes.guardiola783@hotmail.com;Reyesg156#
7724;adela.carbajo839@gmail.com;Adelac341@
7725;araceli.oller85@outlook.com;Aracel461@
7726;jose.guiomar568@gmail.com;Josegu915123
7727;reinaldo.jose954@yahoo.com;Reinal196@
7728;eloisa.molina495@yahoo.com;Eloisa568#
7729;paloma.hernandez101@yahoo.com;Paloma185123
7730;pepita.moran601@outlook.com;Pepita681@
7731;edelmiro.mayo835@outlook.com;Edelmi377_
7732;apolinar.baro344@yahoo.com;Apolin7022026
7733;eloisa.llanos992@outlook.com;Eloisa626!
7734;pepito.ruano641@hotmail.com;Pepito964@
7735;armando.bosch890@gmail.com;Armand812@
7736;joan.amat645@outlook.com;Joanam467!
7737;haroldo.sosa775@hotmail.com;Harold727_
7738;micaela.carvajal891@yahoo.com;Micael207@
7739;roberto.enriquez714@hotmail.com;Robert601!
7740;josefina.del387@gmail.com;Josefi355123
7741;delia.olivia11@gmail.com;Deliao258#
7742;plinio.hoyos92@yahoo.com;Plinio608_
7743;ruperto.palma224@hotmail.com;Rupert226@
7744;hermenegildo.pina274@gmail.com;Hermen165!
7745;mercedes.morales438@yahoo.com;Merced422123
7746;maria.del865@gmail.com;Mariad844_
7747;rolando.cerdancarranza250@hotmail.com;Roland701_
7748;teofilo.de656@gmail.com;Teofil514!
7749;hilda.del455@gmail.com;Hildad469!
7750;jordana.calderon162@outlook.com;Jordan567#
7751;paola.del552@gmail.com;Paolad1632026
7752;rafaela.fabregas507@hotmail.com;Rafael150_
7753;ainara.nebot41@hotmail.com;Ainara752_
7754;estrella.de82@gmail.com;Estrel969123
7755;alexandra.mateoscazorla260@gmail.com;Alexan949#
7756;primitivo.canton458@outlook.com;Primit605@
7757;jesusa.eugenia805@gmail.com;Jesusa690!
7758;baldomero.godoy642@gmail.com;Baldom624_
7759;ruperta.barriga480@outlook.com;Rupert189123
7760;leyre.urena229@hotmail.com;Leyreu9992026
7761;esther.prada139@yahoo.com;Esther554123
7762;tomas.sole652@gmail.com;Tomass863#
7763;florina.crespo428@hotmail.com;Florin715_
7764;eliseo.franch921@outlook.com;Eliseo122@
7765;jimena.de358@outlook.com;Jimena356!
7766;gaston.arevalo959@hotmail.com;Gaston2962026
7767;mercedes.morata618@yahoo.com;Merced263@
7768;gracia.fortunyguzman761@outlook.com;Gracia236#
7769;nadia.riera24@yahoo.com;Nadiar1112026
7770;lalo.peinado734@yahoo.com;Lalope291@
7771;jimena.carrillopla629@yahoo.com;Jimena599123
7772;tere.gaya729@outlook.com;Terega613_
7773;rosendo.castro670@outlook.com;Rosend4592026
7774;fausto.marquez200@gmail.com;Fausto943123
7775;macarena.malena858@gmail.com;Macare203#
7776;rosenda.padilla448@outlook.com;Rosend564123
7777;ariel.urrutia247@hotmail.com;Arielu139!
7778;angelita.cabo156@outlook.com;Angeli216!
7779;reinaldo.prat708@yahoo.com;Reinal759#
7780;cristian.grandecortina45@gmail.com;Cristi572@
7781;eusebia.camps217@yahoo.com;Eusebi381!
7782;adriana.bertranfiguerola939@gmail.com;Adrian326!
7783;sergio.segui742@gmail.com;Sergio297_
7784;claudio.aguado599@hotmail.com;Claudi920#
7785;leocadia.mesa568@hotmail.com;Leocad512123
7786;marisa.valentin518@hotmail.com;Marisa421#
7787;poncio.araujo814@hotmail.com;Poncio851@
7788;pepe.mategaray386@yahoo.com;Pepema241123
7789;carlito.sainz912@outlook.com;Carlit458_
7790;jose.carlos389@hotmail.com;Joseca780!
7791;calixta.tomas795@gmail.com;Calixt2932026
7792;lidia.del438@hotmail.com;Lidiad408123
7793;berto.miro269@outlook.com;Bertom777123
7794;raimundo.bejarano915@gmail.com;Raimun221!
7795;natanael.busquetsadadia862@gmail.com;Natana548123
7796;godofredo.bauz740@hotmail.com;Godofr143123
7797;alexandra.otero179@outlook.com;Alexan775!
7798;valeria.zapata733@gmail.com;Valeri819_
7799;mireia.rios311@gmail.com;Mireia445_
7800;bernarda.quesada261@gmail.com;Bernar350@
7801;jesus.acuna819@yahoo.com;Jesusa622@
7802;micaela.sebastian399@gmail.com;Micael404!
7803;teresita.laura525@hotmail.com;Teresi328#
7804;maite.manrique877@outlook.com;Maitem407123
7805;xavier.zaragoza932@hotmail.com;Xavier782!
7806;berta.pineirofiguerola469@hotmail.com;Bertap923_
7807;adoracion.ibanez564@gmail.com;Adorac1342026
7808;bernardita.campoygimenez668@hotmail.com;Bernar735_
7809;gabino.cerezo952@yahoo.com;Gabino644#
7810;leyre.gelabert789@yahoo.com;Leyreg587_
7811;remigio.orozco905@yahoo.com;Remigi340@
7812;renata.luque870@gmail.com;Renata108!
7813;valentin.vito929@gmail.com;Valent1922026
7814;agustin.valle305@gmail.com;Agusti993123
7815;paco.llopismoya474@yahoo.com;Pacoll824#
7816;perla.gilabert22@gmail.com;Perlag635!
7817;maria.dolores886@gmail.com;Mariad626123
7818;julio.cesar807@yahoo.com;Julioc901123
7819;marcelino.pujol659@yahoo.com;Marcel975123
7820;emelina.del955@gmail.com;Emelin466!
7821;manu.del327@hotmail.com;Manude4382026
7822;lazaro.codina46@outlook.com;Lazaro106!
7823;gonzalo.pastor653@yahoo.com;Gonzal801#
7824;tecla.espada904@gmail.com;Teclae8052026
7825;silvia.gaya444@yahoo.com;Silvia801#
7826;micaela.baenapeiro233@outlook.com;Micael863@
7827;maria.jose755@yahoo.com;Mariaj9772026
7828;eliseo.cazorla953@yahoo.com;Eliseo971_
7829;graciana.prats365@hotmail.com;Gracia377123
7830;pio.nevado328@hotmail.com;Pionev3592026
7831;emperatriz.maestremorante703@gmail.com;Empera573#
7832;florina.azahara269@yahoo.com;Florin210_
7833;guillermo.vera425@yahoo.com;Guille681@
7834;nayara.cobos873@hotmail.com;Nayara362!
7835;adrian.granados593@yahoo.com;Adrian891!
7836;daniel.jose344@hotmail.com;Daniel9952026
7837;eligio.borrego347@hotmail.com;Eligio642#
7838;nazario.vaquero859@gmail.com;Nazari4392026
7839;asuncion.posadamanzanares956@yahoo.com;Asunci949123
7840;pedro.barba42@gmail.com;Pedrob979@
7841;marcio.leon295@yahoo.com;Marcio266#
7842;silvestre.valenzuela764@outlook.com;Silves616!
7843;anselmo.hoz754@yahoo.com;Anselm424_
7844;berta.chico379@gmail.com;Bertac986123
7845;gaston.arcos624@gmail.com;Gaston712123
7846;eliseo.ribesrozas374@yahoo.com;Eliseo810123
7847;amada.de608@yahoo.com;Amadad824#
7848;adriana.fernandez525@gmail.com;Adrian434#
7849;aroa.emelina557@gmail.com;Aroaem227123
7850;rosalina.ugarte177@outlook.com;Rosali396!
7851;melchor.pintor855@hotmail.com;Melcho368_
7852;jose.ignacio172@hotmail.com;Joseig957123
7853;cloe.gallo123@outlook.com;Cloega1602026
7854;maria.manuela46@gmail.com;Mariam186_
7855;marcial.martin384@outlook.com;Marcia818_
7856;saturnino.alcala653@gmail.com;Saturn459#
7857;sara.artigas904@yahoo.com;Saraar877!
7858;raul.aitor90@yahoo.com;Raulai777@
7859;maria.fernanda762@gmail.com;Mariaf200123
7860;javi.soto185@yahoo.com;Javiso395!
7861;manuelita.donaire525@yahoo.com;Manuel349#
7862;trinidad.verdugo48@yahoo.com;Trinid402@
7863;hortensia.busquets873@gmail.com;Horten9592026
7864;armida.nydia281@gmail.com;Armida8802026
7865;edelmira.rocamora703@yahoo.com;Edelmi1782026
7866;zacarias.bello386@yahoo.com;Zacari6352026
7867;flora.pastor712@yahoo.com;Florap463#
7868;bonifacio.hernando951@hotmail.com;Bonifa650@
7869;marcio.espinosa744@gmail.com;Marcio695_
7870;galo.del342@outlook.com;Galode921#
7871;moreno.canals722@outlook.com;Moreno692123
7872;chita.carretero462@gmail.com;Chitac767!
7873;vicente.salas254@gmail.com;Vicent3642026
7874;luisa.del936@hotmail.com;Luisad8432026
7875;jordana.rosales229@gmail.com;Jordan623123
7876;noe.lupe805@hotmail.com;Noelup284_
7877;roque.barranco745@yahoo.com;Roqueb358@
7878;jordan.grande358@gmail.com;Jordan107_
7879;lorenzo.sans211@yahoo.com;Lorenz992@
7880;candida.feliu580@yahoo.com;Candid906!
7881;noemi.cabo712@yahoo.com;Noemic484@
7882;paulina.luquegirona577@outlook.com;Paulin4932026
7883;paco.uribe413@gmail.com;Pacour7012026
7884;nilo.menendez445@gmail.com;Nilome214123
7885;juanita.arribas365@gmail.com;Juanit6542026
7886;olegario.del471@yahoo.com;Olegar252@
7887;rafael.guillen449@outlook.com;Rafael688123
7888;estela.pomares745@yahoo.com;Estela985@
7889;curro.del838@yahoo.com;Currod669_
7890;malena.bueno868@outlook.com;Malena3072026
7891;cleto.higuerasguerrero937@outlook.com;Cletoh304@
7892;hernan.castilla613@hotmail.com;Hernan145!
7893;gracia.sabaterasensio236@hotmail.com;Gracia843#
7894;marc.bartolome774@outlook.com;Marcba989#
7895;trinidad.revilla343@outlook.com;Trinid886@
7896;samuel.paniagua592@gmail.com;Samuel2222026
7897;juliana.mateos786@hotmail.com;Julian291!
7898;mar.vazquez771@hotmail.com;Marvaz805#
7899;emelina.yaiza633@outlook.com;Emelin662!
7900;luisina.del913@yahoo.com;Luisin916@
7901;cayetano.gimeno290@gmail.com;Cayeta9122026
7902;hipolito.iniesta888@yahoo.com;Hipoli2992026
7903;gisela.guardia407@outlook.com;Gisela8722026
7904;ale.pardo182@gmail.com;Alepar818123
7905;bernardino.del490@outlook.com;Bernar4982026
7906;octavio.tome620@gmail.com;Octavi4062026
7907;enrique.llamas512@outlook.com;Enriqu171123
7908;apolonia.carballo93@gmail.com;Apolon820123
7909;virginia.morcillo286@yahoo.com;Virgin717123
7910;delfina.uriartevicente952@yahoo.com;Delfin870!
7911;luisina.marquez562@gmail.com;Luisin934123
7912;felipa.esther908@hotmail.com;Felipa839!
7913;florencio.arnau118@yahoo.com;Floren925123
7914;cayetana.cabrera673@outlook.com;Cayeta725123
7915;bernabe.victor239@hotmail.com;Bernab6692026
7916;irene.cuenca696@yahoo.com;Irenec276#
7917;jacobo.pujol237@yahoo.com;Jacobo922!
7918;fabian.infante765@yahoo.com;Fabian559123
7919;kike.elpidio220@hotmail.com;Kikeel840@
7920;eric.caro578@yahoo.com;Ericca786123
7921;fausto.eduardo353@yahoo.com;Fausto346!
7922;encarnita.del785@yahoo.com;Encarn373@
7923;raimundo.morantedomenech166@outlook.com;Raimun3372026
7924;martina.del315@gmail.com;Martin871@
7925;evaristo.osorio386@outlook.com;Evaris100#
7926;graciano.martinez206@outlook.com;Gracia964@
7927;rafa.hoyos423@yahoo.com;Rafaho329@
7928;javi.del912@gmail.com;Javide209!
7929;charo.clavero523@outlook.com;Charoc471123
7930;dario.infante445@yahoo.com;Darioi1792026
7931;perla.pedrosa873@yahoo.com;Perlap119!
7932;maxima.bibiana615@hotmail.com;Maxima225_
7933;adelaida.delgado344@yahoo.com;Adelai9732026
7934;francisca.nogues439@yahoo.com;Franci831!
7935;juan.manuel299@outlook.com;Juanma869_
7936;aroa.benet571@gmail.com;Aroabe508#
7937;maria.jose418@yahoo.com;Mariaj209#
7938;ismael.castilla148@gmail.com;Ismael603#
7939;romulo.amoros744@gmail.com;Romulo770@
7940;heraclio.del585@yahoo.com;Heracl781!
7941;pepita.huertas350@gmail.com;Pepita674_
7942;maribel.vazquezpombo789@hotmail.com;Maribe836!
7943;roberta.pla367@yahoo.com;Robert674!
7944;francisco.vicente617@yahoo.com;Franci187#
7945;leyre.villegas807@gmail.com;Leyrev844_
7946;duilio.osorio354@hotmail.com;Duilio4262026
7947;montserrat.banos650@outlook.com;Montse545_
7948;cayetana.ripoll458@gmail.com;Cayeta535#
7949;espiridion.sans671@outlook.com;Espiri479_
7950;eugenio.guitart648@hotmail.com;Eugeni677123
7951;blanca.domenech910@yahoo.com;Blanca978@
7952;elisabet.pomaresbayo727@hotmail.com;Elisab697_
7953;francisca.debora350@yahoo.com;Franci461#
7954;adelardo.feliu290@outlook.com;Adelar277_
7955;olegario.paniagua672@outlook.com;Olegar492#
7956;juanita.teruel299@outlook.com;Juanit851@
7957;macaria.alonso809@yahoo.com;Macari894#
7958;dionisia.camara835@outlook.com;Dionis953#
7959;maristela.romeu781@yahoo.com;Marist220!
7960;pastor.baena233@hotmail.com;Pastor508#
7961;mayte.prat49@yahoo.com;Maytep841!
7962;diana.ayala641@yahoo.com;Dianaa804_
7963;bruno.amo177@yahoo.com;Brunoa779123
7964;leonor.roman554@hotmail.com;Leonor814_
7965;dolores.coronado800@hotmail.com;Dolore840#
7966;tristan.tena90@gmail.com;Trista356_
7967;milagros.ojedacrespi449@yahoo.com;Milagr3112026
7968;demetrio.alcantara669@gmail.com;Demetr496123
7969;sofia.de448@outlook.com;Sofiad932!
7970;leandra.redondo119@hotmail.com;Leandr940!
7971;ricarda.cortesbarrios673@hotmail.com;Ricard4462026
7972;silvestre.canellas19@gmail.com;Silves713@
7973;rafa.alvaro196@yahoo.com;Rafaal2472026
7974;daniel.salvador644@hotmail.com;Daniel159_
7975;miguel.angel269@outlook.com;Miguel984@
7976;manolo.del842@hotmail.com;Manolo997!
7977;pancho.salgadoalcantara276@hotmail.com;Pancho850@
7978;candela.filomena28@hotmail.com;Candel861!
7979;berto.roman335@gmail.com;Bertor793@
7980;filomena.campos181@outlook.com;Filome441@
7981;teofila.toledo631@hotmail.com;Teofil814!
7982;benito.de443@hotmail.com;Benito902#
7983;jennifer.sainz703@outlook.com;Jennif270_
7984;rosenda.exposito416@outlook.com;Rosend675#
7985;asuncion.quintana518@hotmail.com;Asunci764123
7986;jenny.maria954@outlook.com;Jennym100123
7987;onofre.cisneros836@gmail.com;Onofre631@
7988;camila.laguna207@gmail.com;Camila124_
7989;carlos.prieto985@yahoo.com;Carlos505@
7990;casemiro.vila731@yahoo.com;Casemi565_
7991;rosario.roman966@yahoo.com;Rosari742#
7992;africa.maite618@gmail.com;Africa569123
7993;jose.ascension970@yahoo.com;Joseas2352026
7994;anselma.bolanos919@yahoo.com;Anselm404!
7995;jenny.tormo638@outlook.com;Jennyt906123
7996;rodolfo.salvador905@hotmail.com;Rodolf505@
7997;sandra.ponce618@yahoo.com;Sandra956!
7998;andrea.losa306@gmail.com;Andrea659_
7999;filomena.zaira319@outlook.com;Filome191_
8000;maria.fernanda224@gmail.com;Mariaf346123
8001;edgardo.zamorano693@hotmail.com;Edgard4482026
8002;ruth.sanchez917@outlook.com;Ruthsa8542026
8003;mario.baena585@outlook.com;Mariob279@
8004;rene.ocana340@yahoo.com;Reneoc606!
8005;eva.maria531@yahoo.com;Evamar8802026
8006;luis.garmendia332@hotmail.com;Luisga371#
8007;porfirio.cid928@outlook.com;Porfir346#
8008;marcela.martina240@hotmail.com;Marcel3532026
8009;carlota.barcena637@yahoo.com;Carlot404#
8010;jacinta.de57@gmail.com;Jacint6782026
8011;melania.escobar158@outlook.com;Melani635123
8012;elvira.oteromaldonado202@hotmail.com;Elvira501123
8013;tito.bou272@outlook.com;Titobo326123
8014;candido.vallejo658@yahoo.com;Candid604!
8015;crescencia.barco974@outlook.com;Cresce2762026
8016;cintia.maricruz426@outlook.com;Cintia2072026
8017;odalis.aller695@hotmail.com;Odalis858!
8018;edelmiro.gallardo319@gmail.com;Edelmi837123
8019;leyre.valdes535@outlook.com;Leyrev850_
8020;alfonso.mugica187@gmail.com;Alfons2872026
8021;balduino.poza130@outlook.com;Baldui8242026
8022;vasco.rosell896@outlook.com;Vascor405@
8023;sosimo.medina817@yahoo.com;Sosimo124!
8024;mohamed.de203@gmail.com;Mohame792@
8025;aura.armengol709@yahoo.com;Auraar851123
8026;esteban.osuna565@yahoo.com;Esteba357#
8027;francisca.del709@outlook.com;Franci626#
8028;paulino.mas794@gmail.com;Paulin223!
8029;amancio.escribano835@hotmail.com;Amanci846#
8030;carmelita.vazquez22@outlook.com;Carmel3392026
8031;julio.de553@hotmail.com;Juliod660@
8032;julian.tamarit56@yahoo.com;Julian738@
8033;eloy.boada417@hotmail.com;Eloybo660123
8034;zaida.de461@gmail.com;Zaidad231#
8035;celso.nogueira187@hotmail.com;Celson922@
8036;reyes.mugica916@gmail.com;Reyesm728!
8037;leire.del616@yahoo.com;Leired724_
8038;fabiana.aragones29@hotmail.com;Fabian365_
8039;julio.avila879@hotmail.com;Julioa4562026
8040;paulino.folch920@yahoo.com;Paulin7882026
8041;atilio.casal914@outlook.com;Atilio752123
8042;inmaculada.camacho319@hotmail.com;Inmacu546_
8043;feliciano.cueto336@outlook.com;Felici9912026
8044;guillermo.pombo63@gmail.com;Guille9662026
8045;roman.cobos495@hotmail.com;Romanc724!
8046;fernando.jorda156@hotmail.com;Fernan7412026
8047;leonel.silva137@gmail.com;Leonel682#
8048;fulgencio.tellez444@hotmail.com;Fulgen338123
8049;carmelita.del102@gmail.com;Carmel807123
8050;araceli.pina434@yahoo.com;Aracel688@
8051;manu.gimenez200@hotmail.com;Manugi6922026
8052;benigna.giron791@outlook.com;Benign888_
8053;clarisa.almazan389@outlook.com;Claris470#
8054;abraham.salazar925@gmail.com;Abraha927!
8055;luis.patino486@yahoo.com;Luispa102_
8056;faustino.del563@outlook.com;Fausti6452026
8057;pascual.hector834@outlook.com;Pascua7972026
8058;celso.izaguirre676@yahoo.com;Celsoi831_
8059;laura.azcona15@hotmail.com;Lauraa3062026
8060;geraldo.murcia666@outlook.com;Gerald3322026
8061;chuy.benavente981@yahoo.com;Chuybe552!
8062;pepito.botelladiego160@gmail.com;Pepito790123
8063;chuy.del702@hotmail.com;Chuyde229!
8064;daniela.clavero790@outlook.com;Daniel559@
8065;gustavo.mendizabal240@yahoo.com;Gustav806123
8066;blas.dominguez661@yahoo.com;Blasdo287!
8067;corona.gimenez59@hotmail.com;Corona406@
8068;lalo.dominguezpalacio312@yahoo.com;Lalodo5542026
8069;fernanda.bilbao926@hotmail.com;Fernan237_
8070;jose.ignacio807@gmail.com;Joseig402123
8071;eleuterio.carmona670@gmail.com;Eleute7632026
8072;jose.carlos137@hotmail.com;Joseca306@
8073;manola.del353@outlook.com;Manola859!
8074;nando.gomez471@yahoo.com;Nandog899#
8075;mariana.lopezcabanas125@yahoo.com;Marian893@
8076;jorge.roldan253@outlook.com;Jorger928123
8077;micaela.ponce295@hotmail.com;Micael123!
8078;armando.morcillo253@hotmail.com;Armand229#
8079;sosimo.alcala251@gmail.com;Sosimo476!
8080;chus.portero888@outlook.com;Chuspo749!
8081;juan.bautista850@yahoo.com;Juanba892#
8082;narcisa.rivasalcala487@hotmail.com;Narcis996#
8083;tito.camachoferrero302@outlook.com;Titoca753_
8084;aurea.brunilda698@yahoo.com;Aureab572!
8085;maximiano.aranda18@hotmail.com;Maximi231_
8086;carmelita.de65@gmail.com;Carmel217@
8087;jenaro.bosch392@outlook.com;Jenaro629@
8088;jose.carlos471@outlook.com;Joseca228!
8089;piedad.gamez165@outlook.com;Piedad507#
8090;ligia.molins840@outlook.com;Ligiam303123
8091;flavio.pedrero146@yahoo.com;Flavio6502026
8092;maximo.menendez691@yahoo.com;Maximo549@
8093;maria.dolores564@hotmail.com;Mariad6842026
8094;rebeca.saura859@hotmail.com;Rebeca875#
8095;abril.amo248@yahoo.com;Abrila304_
8096;reyes.ponce721@hotmail.com;Reyesp251#
8097;felix.larranaga203@outlook.com;Felixl510!
8098;caridad.de325@hotmail.com;Carida113@
8099;purificacion.pujol483@outlook.com;Purifi265#
8100;rene.marmol583@hotmail.com;Renema214!
8101;dimas.godoysuarez41@gmail.com;Dimasg789_
8102;martin.arcos213@gmail.com;Martin137!
8103;primitivo.iniguez408@gmail.com;Primit409_
8104;ruben.balaguer969@outlook.com;Rubenb770123
8105;vanesa.garcia525@hotmail.com;Vanesa116@
8106;norberto.fabricio936@hotmail.com;Norber681#
8107;trinidad.querol933@hotmail.com;Trinid284!
8108;sebastian.eligio550@yahoo.com;Sebast2302026
8109;salome.marquezjurado808@gmail.com;Salome381#
8110;delfina.martinez596@outlook.com;Delfin318_
8111;candido.galindo598@yahoo.com;Candid366@
8112;chucho.de584@gmail.com;Chucho131@
8113;eugenio.urrutia146@gmail.com;Eugeni119_
8114;america.haro867@outlook.com;Americ115#
8115;candela.quesada959@outlook.com;Candel943!
8116;jose.manuel373@gmail.com;Josema434#
8117;ramiro.alarcon169@hotmail.com;Ramiro374123
8118;bibiana.pombo230@outlook.com;Bibian3422026
8119;gala.arino820@gmail.com;Galaar436@
8120;eutropio.uribemarquez970@hotmail.com;Eutrop312#
8121;reynaldo.pastor677@yahoo.com;Reynal493123
8122;walter.de486@outlook.com;Walter783!
8123;leonel.escolano269@gmail.com;Leonel923@
8124;german.torrents432@yahoo.com;German282123
8125;gervasio.rocamora533@gmail.com;Gervas178!
8126;jose.cifuentes830@yahoo.com;Joseci239123
8127;agustina.muletperello250@outlook.com;Agusti414_
8128;eusebia.romanperello822@gmail.com;Eusebi188_
8129;maite.arnaiz384@hotmail.com;Maitea510@
8130;nacho.navarro605@gmail.com;Nachon874!
8131;zoraida.uriarte932@hotmail.com;Zoraid213@
8132;lourdes.cozar251@outlook.com;Lourde731@
8133;tiburcio.lucio987@hotmail.com;Tiburc400!
8134;juan.manuel232@yahoo.com;Juanma497123
8135;ursula.tudela660@yahoo.com;Ursula2302026
8136;reynaldo.calderon733@outlook.com;Reynal220123
8137;roxana.herranz361@hotmail.com;Roxana1352026
8138;montserrat.angel390@outlook.com;Montse865_
8139;elpidio.vargas500@yahoo.com;Elpidi3142026
8140;goyo.munoz255@gmail.com;Goyomu855#
8141;edgardo.de688@gmail.com;Edgard579123
8142;lucila.aragon790@yahoo.com;Lucila503123
8143;rosenda.sancho999@yahoo.com;Rosend5132026
8144;nydia.arenascastilla500@yahoo.com;Nydiaa817123
8145;rosalva.catala964@gmail.com;Rosalv2802026
8146;dorita.torre214@outlook.com;Dorita141#
8147;geraldo.jimenez30@gmail.com;Gerald259@
8148;marianela.vilalta878@gmail.com;Marian8822026
8149;omar.tello376@gmail.com;Omarte6222026
8150;tomasa.vazquez554@outlook.com;Tomasa774#
8151;paz.feijoovalcarcel250@yahoo.com;Pazfei839#
8152;florentino.rey519@outlook.com;Floren267!
8153;belen.olmedo857@hotmail.com;Beleno867_
8154;mamen.del29@gmail.com;Mamend775#
8155;maricela.company999@outlook.com;Marice455_
8156;severiano.samper899@hotmail.com;Severi1802026
8157;margarita.alberdi663@hotmail.com;Margar3122026
8158;manuel.del864@yahoo.com;Manuel220!
8159;elisabet.tirado956@outlook.com;Elisab582#
8160;sosimo.bartolome391@hotmail.com;Sosimo918_
8161;felix.del499@hotmail.com;Felixd147!
8162;inmaculada.fabra456@gmail.com;Inmacu749123
8163;serafina.prada88@gmail.com;Serafi776@
8164;borja.gisbert515@yahoo.com;Borjag289_
8165;onofre.clemente877@gmail.com;Onofre811_
8166;iris.jodar563@hotmail.com;Irisjo3102026
8167;edgardo.toro542@hotmail.com;Edgard426@
8168;amado.cortes569@gmail.com;Amadoc398123
8169;casandra.del231@gmail.com;Casand724#
8170;nidia.de47@outlook.com;Nidiad6672026
8171;loida.miguel132@hotmail.com;Loidam693_
8172;benigna.andreu794@yahoo.com;Benign1172026
8173;jessica.fuster590@gmail.com;Jessic548123
8174;heriberto.girona529@hotmail.com;Heribe341@
8175;maribel.del610@hotmail.com;Maribe487!
8176;jose.de174@gmail.com;Josede637@
8177;lino.cabello757@gmail.com;Linoca843#
8178;martirio.blanca243@gmail.com;Martir654!
8179;primitivo.zacarias598@gmail.com;Primit905123
8180;adalberto.colomerarellano917@outlook.com;Adalbe473_
8181;miriam.losa831@yahoo.com;Miriam431@
8182;angeles.carranza711@hotmail.com;Angele5532026
8183;maria.sanabriajodar691@outlook.com;Marias223_
8184;jordana.aguilo415@yahoo.com;Jordan887!
8185;wilfredo.navarrete12@gmail.com;Wilfre835!
8186;maribel.bellidojulian91@gmail.com;Maribe605@
8187;anacleto.narvaez326@yahoo.com;Anacle915_
8188;pia.gomis261@yahoo.com;Piagom950123
8189;georgina.hernandez782@yahoo.com;Georgi655123
8190;hector.luque134@outlook.com;Hector389@
8191;amor.castanedaalmagro121@yahoo.com;Amorca3352026
8192;miguela.mari718@yahoo.com;Miguel431!
8193;maximiliano.oliverosales744@yahoo.com;Maximi165@
8194;ivan.briones405@yahoo.com;Ivanbr902_
8195;eusebia.martin600@hotmail.com;Eusebi805!
8196;jose.ignacio137@gmail.com;Joseig292@
8197;lucho.escudero490@yahoo.com;Luchoe929_
8198;javi.villanueva795@gmail.com;Javivi609@
8199;simon.escalona795@gmail.com;Simone837_
8200;rogelio.andreuacuna869@outlook.com;Rogeli722_
8201;bautista.fabregatsebastian713@outlook.com;Bautis144@
8202;hilda.de312@outlook.com;Hildad9282026
8203;tere.luqueripoll856@hotmail.com;Terelu844_
8204;lorena.castaneda657@outlook.com;Lorena643!
8205;salvador.madrigal549@yahoo.com;Salvad527!
8206;feliciana.de981@yahoo.com;Felici6662026
8207;natalia.moll769@yahoo.com;Natali595_
8208;javiera.ortega679@outlook.com;Javier389@
8209;noelia.azorin338@gmail.com;Noelia550123
8210;mirta.navasmendoza437@outlook.com;Mirtan805123
8211;esteban.chaparro966@outlook.com;Esteba353_
8212;maxi.monreal386@outlook.com;Maximo608#
8213;amada.carlos270@hotmail.com;Amadac541123
8214;lazaro.arellano485@yahoo.com;Lazaro7742026
8215;ascension.valentina850@outlook.com;Ascens414!
8216;leire.velasco318@gmail.com;Leirev3672026
8217;vicenta.leal810@outlook.com;Vicent246@
8218;matilde.de121@gmail.com;Matild900_
8219;maria.pilar80@gmail.com;Mariap866_
8220;heliodoro.campo105@outlook.com;Heliod307@
8221;nayara.del700@outlook.com;Nayara598!
8222;andres.quintana519@gmail.com;Andres2342026
8223;odalis.tormo433@yahoo.com;Odalis2762026
8224;juan.pablo186@hotmail.com;Juanpa899123
8225;prudencia.ortizbonet507@gmail.com;Pruden3592026
8226;marcial.villar334@hotmail.com;Marcia841123
8227;ignacio.ramirez683@gmail.com;Ignaci8112026
8228;noelia.vaquero998@gmail.com;Noelia398@
8229;dionisia.tomas509@yahoo.com;Dionis973!
8230;josefina.duque872@hotmail.com;Josefi419!
8231;vanesa.amayarobles650@gmail.com;Vanesa965@
8232;abigail.pino691@yahoo.com;Abigai888123
8233;baldomero.allervives530@hotmail.com;Baldom521@
8234;pia.pedraza95@hotmail.com;Piaped3302026
8235;maria.blanca242@outlook.com;Mariab402_
8236;alcides.huguet604@gmail.com;Alcide241_
8237;mercedes.plana961@gmail.com;Merced560@
8238;tiburcio.barragan76@yahoo.com;Tiburc745@
8239;miguela.garay357@gmail.com;Miguel296_
8240;marita.sureda111@outlook.com;Marita137@
8241;tere.abril973@outlook.com;Tereab264_
8242;regulo.edu208@gmail.com;Regulo163!
8243;domingo.anton762@outlook.com;Doming1982026
8244;abraham.mugica646@outlook.com;Abraha280_
8245;paca.del875@hotmail.com;Pacade642_
8246;felipe.sancho512@outlook.com;Felipe881_
8247;leoncio.cuervo301@gmail.com;Leonci236_
8248;cesar.martin613@yahoo.com;Cesarm924!
8249;eustaquio.torrens705@hotmail.com;Eustaq285!
8250;cecilio.llanos247@hotmail.com;Cecili764_
8251;cruz.quintanilla167@outlook.com;Cruzqu457_
8252;arsenio.marques621@yahoo.com;Arseni784@
8253;carmina.bertran506@gmail.com;Carmin2392026
8254;manolo.palomino138@yahoo.com;Manolo585!
8255;elvira.huguet483@gmail.com;Elvira826!
8256;quirino.llopis805@gmail.com;Quirin950!
8257;manola.pina600@yahoo.com;Manola8392026
8258;anibal.ayuso389@hotmail.com;Anibal753123
8259;pilar.villalba267@outlook.com;Pilarv625123
8260;violeta.escobarmartinez715@hotmail.com;Violet6712026
8261;cesar.dalmau234@gmail.com;Cesard601123
8262;balduino.montserrat90@outlook.com;Baldui202@
8263;sabas.minguez720@outlook.com;Sabasm4262026
8264;erasmo.crespocampillo556@yahoo.com;Erasmo309!
8265;emigdio.enriquez152@yahoo.com;Emigdi780_
8266;susanita.castillo224@gmail.com;Susani174@
8267;maximiano.vasco404@outlook.com;Maximi199@
8268;jimena.moya304@outlook.com;Jimena648!
8269;alejandro.santamaria408@outlook.com;Alejan438#
8270;dani.luis602@gmail.com;Danilu875_
8271;daniela.de433@gmail.com;Daniel2122026
8272;perla.daza980@yahoo.com;Perlad548@
8273;asuncion.vives533@yahoo.com;Asunci519_
8274;paz.bustamante71@yahoo.com;Pazbus966_
8275;rosalinda.valle491@hotmail.com;Rosali589123
8276;casemiro.roldanvillegas341@outlook.com;Casemi948_
8277;tomas.del277@gmail.com;Tomasd683123
8278;candelario.sanchez265@hotmail.com;Candel4992026
8279;javier.galvan217@gmail.com;Javier379_
8280;estrella.gisela177@gmail.com;Estrel146!
8281;elias.franch171@yahoo.com;Eliasf393@
8282;carla.benito695@yahoo.com;Carlab1042026
8283;florencio.alcala401@hotmail.com;Floren299123
8284;begona.abadcastello322@gmail.com;Begona305!
8285;nicanor.franch403@outlook.com;Nicano834_
8286;estefania.manriquebustamante112@yahoo.com;Estefa184@
8287;leire.ascension150@gmail.com;Leirea203#
8288;maria.aragones75@hotmail.com;Mariaa627#
8289;german.castellocarmona661@outlook.com;German998123
8290;hector.aristides364@hotmail.com;Hector708@
8291;leocadia.mir99@outlook.com;Leocad271@
8292;herminio.pintor997@hotmail.com;Hermin797@
8293;inigo.machado46@outlook.com;Inigom524123
8294;cristian.cortes24@yahoo.com;Cristi656123
8295;herminio.coloma562@hotmail.com;Hermin774_
8296;elpidio.casares459@yahoo.com;Elpidi581@
8297;alberto.aaron122@yahoo.com;Albert463!
8298;epifanio.del574@outlook.com;Epifan2362026
8299;gilberto.pozuelo785@yahoo.com;Gilber691@
8300;cebrian.marquez65@hotmail.com;Cebria512_
8301;gilberto.cabrerocifuentes383@hotmail.com;Gilber264!
8302;gabriel.zamora593@hotmail.com;Gabrie480!
8303;pio.rodenas372@yahoo.com;Piorod225#
8304;nuria.pallars418@hotmail.com;Nuriap939@
8305;isaac.chico148@outlook.com;Isaacc268!
8306;lucila.espinosa283@yahoo.com;Lucila6382026
8307;miguela.borrego106@gmail.com;Miguel973@
8308;ema.puerta658@gmail.com;Emapue487#
8309;valerio.boixcompany793@hotmail.com;Valeri219!
8310;tamara.mirandatapia696@yahoo.com;Tamara739#
8311;abraham.pozo234@yahoo.com;Abraha188!
8312;bibiana.zurita535@yahoo.com;Bibian111!
8313;alvaro.torres974@hotmail.com;Alvaro908123
8314;bonifacio.de882@yahoo.com;Bonifa6322026
8315;isa.alemany991@gmail.com;Isaale455#
8316;emiliano.lerma312@gmail.com;Emilia402@
8317;amarilis.guzman275@yahoo.com;Amaril210#
8318;vicenta.quintanilla213@hotmail.com;Vicent670_
8319;melchor.de887@hotmail.com;Melcho518#
8320;jose.carrasco181@outlook.com;Joseca121#
8321;regina.gallart427@outlook.com;Regina625!
8322;goyo.granados135@gmail.com;Goyogr9882026
8323;begona.giner365@yahoo.com;Begona318_
8324;celestino.marino60@outlook.com;Celest575!
8325;odalis.peiro40@hotmail.com;Odalis137@
8326;federico.maximiliano271@hotmail.com;Federi305_
8327;sergio.aguilo107@yahoo.com;Sergio380123
8328;apolonia.casanovas264@yahoo.com;Apolon891123
8329;inigo.nunez781@gmail.com;Inigon106!
8330;elvira.llado624@yahoo.com;Elvira503#
8331;hernando.de257@yahoo.com;Hernan200@
8332;marco.alarcon767@outlook.com;Marcoa442!
8333;celso.pera804@hotmail.com;Celsop971!
8334;griselda.peralta680@gmail.com;Grisel648!
8335;ciro.del392@yahoo.com;Cirode839_
8336;consuela.toro559@yahoo.com;Consue699@
8337;balduino.uribe989@outlook.com;Baldui870#
8338;jose.del85@outlook.com;Josede298123
8339;yolanda.de911@gmail.com;Yoland279_
8340;begona.cabo589@gmail.com;Begona4322026
8341;herminia.uriarte668@outlook.com;Hermin851!
8342;eligia.adelina943@yahoo.com;Eligia613!
8343;pascual.morales832@outlook.com;Pascua638@
8344;pablo.del356@yahoo.com;Pablod716_
8345;celestino.cueto946@outlook.com;Celest408#
8346;aristides.aznarrius630@outlook.com;Aristi743#
8347;ariadna.villalonga173@hotmail.com;Ariadn446@
8348;noelia.de345@yahoo.com;Noelia2182026
8349;montserrat.penas799@gmail.com;Montse9582026
8350;adan.marti605@hotmail.com;Adanma131_
8351;luciano.del461@outlook.com;Lucian6552026
8352;guiomar.plaza426@gmail.com;Guioma344!
8353;gaspar.cruz985@hotmail.com;Gaspar309123
8354;felicidad.ibarra270@outlook.com;Felici355#
8355;clarisa.velascovelasco685@hotmail.com;Claris4632026
8356;francisco.flores388@hotmail.com;Franci533#
8357;abril.martinez549@hotmail.com;Abrilm702@
8358;cayetana.millan321@hotmail.com;Cayeta208123
8359;eligio.porta945@gmail.com;Eligio199!
8360;iris.figueras423@gmail.com;Irisfi969@
8361;roberta.campillo605@hotmail.com;Robert808@
8362;adrian.acosta789@gmail.com;Adrian652#
8363;maribel.narvaez127@yahoo.com;Maribe502#
8364;africa.naranjo625@gmail.com;Africa915@
8365;baudelio.bermudez495@outlook.com;Baudel526@
8366;juan.manuel545@gmail.com;Juanma827_
8367;leonor.aguilarbarroso970@yahoo.com;Leonor612@
8368;maximiano.puerta710@yahoo.com;Maximi6912026
8369;nayara.alarcon246@hotmail.com;Nayara8432026
8370;alejo.uriarte605@hotmail.com;Alejou667_
8371;eduardo.bertran202@outlook.com;Eduard5202026
8372;jesusa.cabrero512@outlook.com;Jesusa419@
8373;eliana.roma614@outlook.com;Eliana9442026
8374;jose.ramon269@outlook.com;Josera850@
8375;heliodoro.diaz219@outlook.com;Heliod525!
8376;gabriel.maciasgilabert131@gmail.com;Gabrie602_
8377;isabel.magdalena780@outlook.com;Isabel830!
8378;purificacion.larrea975@yahoo.com;Purifi658#
8379;lazaro.navarretegodoy349@outlook.com;Lazaro169_
8380;jose.angel96@outlook.com;Josean346_
8381;jorge.terron208@outlook.com;Jorget834@
8382;leticia.agullo611@hotmail.com;Letici412@
8383;juan.carlos862@gmail.com;Juanca812!
8384;humberto.bello713@hotmail.com;Humber927!
8385;climaco.de213@outlook.com;Climac314#
8386;graciela.boix173@outlook.com;Gracie4102026
8387;delfina.sarmientocalderon90@outlook.com;Delfin357_
8388;custodia.luz946@gmail.com;Custod5612026
8389;goyo.lumbreras908@hotmail.com;Goyolu970_
8390;juliana.mendoza998@hotmail.com;Julian107123
8391;lourdes.silvia188@gmail.com;Lourde2142026
8392;victor.macias313@yahoo.com;Victor949#
8393;micaela.vilar204@gmail.com;Micael914_
8394;irene.serranocastejon257@gmail.com;Irenes203#
8395;narciso.aragon488@yahoo.com;Narcis928123
8396;paz.alba439@outlook.com;Pazalb4082026
8397;abril.portero948@gmail.com;Abrilp4222026
8398;rosaura.pallars654@gmail.com;Rosaur575_
8399;severo.del247@outlook.com;Severo929_
8400;iker.eusebio372@hotmail.com;Ikereu741_
8401;gema.crespo907@outlook.com;Gemacr324!
8402;reyna.vicente558@yahoo.com;Reynav8172026
8403;socorro.uribe592@gmail.com;Socorr220123
8404;rodrigo.de618@outlook.com;Rodrig588@
8405;iban.cabeza187@outlook.com;Ibanca855!
8406;jesusa.cuervogiralt547@hotmail.com;Jesusa851#
8407;lorenza.de256@hotmail.com;Lorenz364123
8408;americo.falco264@hotmail.com;Americ5072026
8409;jordi.pineiro133@outlook.com;Jordip889@
8410;kike.alsina474@gmail.com;Kikeal773123
8411;maria.teresa924@gmail.com;Mariat798!
8412;rosenda.galan222@yahoo.com;Rosend866#
8413;toribio.fernandez234@yahoo.com;Toribi711#
8414;aranzazu.farre461@outlook.com;Aranza504!
8415;primitivo.pons399@gmail.com;Primit843!
8416;fernando.valderrama140@hotmail.com;Fernan873@
8417;marino.coll511@outlook.com;Marino840@
8418;benjamin.cervera570@yahoo.com;Benjam139!
8419;bernarda.cerdacastrillo324@outlook.com;Bernar111!
8420;tiburcio.lago990@outlook.com;Tiburc433#
8421;maria.manuela166@yahoo.com;Mariam505123
8422;jenny.cano63@gmail.com;Jennyc172@
8423;goyo.batalla426@hotmail.com;Goyoba433!
8424;concepcion.toledo155@gmail.com;Concep454#
8425;atilio.gutierrez277@yahoo.com;Atilio118_
8426;amor.salabarcelo69@outlook.com;Amorsa565_
8427;guadalupe.de205@outlook.com;Guadal6072026
8428;fito.nino160@hotmail.com;Fitoni263_
8429;regina.margarita71@yahoo.com;Regina814@
8430;cayetano.ledesma450@outlook.com;Cayeta418!
8431;olga.del489@hotmail.com;Olgade977!
8432;sofia.rufina525@yahoo.com;Sofiar275123
8433;elodia.flavia647@yahoo.com;Elodia751@
8434;marco.fonseca478@gmail.com;Marcof9142026
8435;mireia.ramon393@hotmail.com;Mireia3052026
8436;matilde.galvan609@gmail.com;Matild645@
8437;vera.del775@hotmail.com;Verade5152026
8438;panfilo.bravocarvajal56@gmail.com;Panfil553_
8439;alicia.garridougarte763@yahoo.com;Alicia549@
8440;leocadio.bernal336@hotmail.com;Leocad116_
8441;natalia.manzanares256@hotmail.com;Natali328@
8442;martirio.bolanos547@outlook.com;Martir240#
8443;feliciana.molina212@hotmail.com;Felici187@
8444;jacinto.noriega336@yahoo.com;Jacint3222026
8445;candela.ferrando131@outlook.com;Candel405!
8446;marcelo.fabricio994@gmail.com;Marcel528@
8447;joaquina.echeverria957@yahoo.com;Joaqui303123
8448;ana.sofia821@hotmail.com;Anasof827@
8449;mauricio.peinado263@gmail.com;Mauric427@
8450;manu.correa483@outlook.com;Manuco218@
8451;tatiana.ferrandiz314@gmail.com;Tatian195_
8452;maxi.chamorro891@gmail.com;Maxich743123
8453;plinio.castejon144@outlook.com;Plinio4642026
8454;eloy.feijoo617@gmail.com;Eloyfe585#
8455;joaquina.ochoa111@hotmail.com;Joaqui138_
8456;juanita.hierro681@outlook.com;Juanit879#
8457;evaristo.bustos722@yahoo.com;Evaris420@
8458;rosa.jaen300@gmail.com;Rosaja893#
8459;glauco.fabregas49@gmail.com;Glauco749@
8460;aroa.pomares185@outlook.com;Aroapo790!
8461;guillermo.ibarra228@outlook.com;Guille755123
8462;eliana.trujillo303@hotmail.com;Eliana988_
8463;galo.romeu375@gmail.com;Galoro398_
8464;salvador.del468@hotmail.com;Salvad953@
8465;eva.leon614@outlook.com;Evaleo734!
8466;juan.francisco162@outlook.com;Juanfr2672026
8467;claudia.muro616@yahoo.com;Claudi382_
8468;eustaquio.buendia753@yahoo.com;Eustaq3752026
8469;adelardo.faustino571@outlook.com;Adelar8832026
8470;lazaro.del707@outlook.com;Lazaro7912026
8471;celestina.zamora579@hotmail.com;Celest746123
8472;adelia.leiva914@gmail.com;Adelia4592026
8473;ana.belen747@hotmail.com;Anabel808#
8474;federico.bernad487@hotmail.com;Federi223_
8475;heraclio.alfaro860@gmail.com;Heracl682!
8476;curro.prado115@hotmail.com;Currop265@
8477;toribio.lerma194@outlook.com;Toribi444@
8478;alfredo.lasamarti201@yahoo.com;Alfred454_
8479;juan.francisco245@yahoo.com;Juanfr745123
8480;anselmo.anibal969@hotmail.com;Anselm3872026
8481;che.miro351@outlook.com;Chemir319!
8482;estela.haydee487@gmail.com;Estela776123
8483;cruz.melendez716@hotmail.com;Cruzme742_
8484;gema.badia563@outlook.com;Gemaba555@
8485;juan.francisco267@outlook.com;Juanfr810#
8486;cintia.palmer589@yahoo.com;Cintia321!
8487;atilio.ayllon205@outlook.com;Atilio700#
8488;edmundo.peralessolano384@gmail.com;Edmund736!
8489;charo.sans131@gmail.com;Charos294_
8490;maribel.losa910@yahoo.com;Maribe225!
8491;caridad.barragan374@yahoo.com;Carida700@
8492;juan.manuel721@yahoo.com;Juanma229@
8493;nacio.paez358@yahoo.com;Naciop135!
8494;daniel.busquets944@yahoo.com;Daniel970@
8495;eutropio.amattejera97@hotmail.com;Eutrop146@
8496;calisto.adrian185@gmail.com;Calist619#
8497;cayetana.barbera946@yahoo.com;Cayeta431#
8498;venceslas.borregoperez668@gmail.com;Vences304#
8499;herberto.talaveracabezas184@gmail.com;Herber847!
8500;felipa.de525@outlook.com;Felipa772#
8501;raul.leonardo805@gmail.com;Raulle711!
8502;aurora.eugenia423@outlook.com;Aurora108#
8503;ariel.raya221@yahoo.com;Arielr828_
8504;sigfrido.paz265@gmail.com;Sigfri381@
8505;luis.del284@gmail.com;Luisde865@
8506;ramiro.francisco355@outlook.com;Ramiro423!
8507;ileana.frias233@gmail.com;Ileana548123
8508;luna.velez126@outlook.com;Lunave713_
8509;joaquina.sales491@outlook.com;Joaqui787!
8510;belen.velez110@hotmail.com;Belenv629!
8511;agueda.del907@yahoo.com;Agueda292@
8512;africa.aitana301@hotmail.com;Africa847123
8513;lupita.gascon524@outlook.com;Lupita641_
8514;sara.tormo509@yahoo.com;Sarato3122026
8515;pedro.guardiola891@gmail.com;Pedrog262123
8516;fanny.bastida511@gmail.com;Fannyb234@
8517;isaura.echeverria950@outlook.com;Isaura230123
8518;brunilda.del802@outlook.com;Brunil5122026
8519;macario.alcazartorrijos626@yahoo.com;Macari107!
8520;valentin.busquetsmateu483@gmail.com;Valent689@
8521;martin.benavent176@hotmail.com;Martin7492026
8522;azahara.casal782@gmail.com;Azahar305@
8523;salud.amor915@hotmail.com;Saluda265@
8524;ariadna.del708@outlook.com;Ariadn114123
8525;gil.de41@yahoo.com;Gildea977@
8526;carlota.sevillano712@gmail.com;Carlot826@
8527;miguel.angel85@outlook.com;Miguel247#
8528;teo.giner58@hotmail.com;Teogin336!
8529;magdalena.de410@yahoo.com;Magdal429_
8530;manuelita.gibertgonzalo508@hotmail.com;Manuel660123
8531;maximino.ribas111@outlook.com;Maximi619#
8532;laura.urena212@yahoo.com;Laurau774#
8533;leocadia.del281@hotmail.com;Leocad440!
8534;chema.cortina143@hotmail.com;Chemac848123
8535;julian.yago286@yahoo.com;Julian112!
8536;macario.armas724@gmail.com;Macari248@
8537;paulina.del644@hotmail.com;Paulin401123
8538;ulises.cuevas716@yahoo.com;Ulises715123
8539;ani.pino166@yahoo.com;Anipin7002026
8540;eladio.gomez242@hotmail.com;Eladio691#
8541;edelmira.marcocheca854@gmail.com;Edelmi422_
8542;paloma.ribes956@hotmail.com;Paloma988123
8543;aitor.del435@hotmail.com;Aitord189_
8544;lalo.sebastian330@hotmail.com;Lalose513#
8545;serafina.palau946@outlook.com;Serafi208123
8546;noemi.matas943@yahoo.com;Noemim903!
8547;lidia.marti657@outlook.com;Lidiam552_
8548;edu.berrocal365@yahoo.com;Eduber7832026
8549;carlota.diaz203@outlook.com;Carlot347@
8550;walter.de461@gmail.com;Walter412#
8551;bernabe.del955@gmail.com;Bernab862@
8552;tadeo.jove71@outlook.com;Tadeoj8642026
8553;miriam.miralles135@gmail.com;Miriam396!
8554;quique.cepeda457@gmail.com;Quique534#
8555;geronimo.calatayudmoles155@outlook.com;Geroni558!
8556;godofredo.criado658@hotmail.com;Godofr3572026
8557;estela.del490@hotmail.com;Estela921_
8558;donato.sebastian554@hotmail.com;Donato4512026
8559;ariadna.perera587@outlook.com;Ariadn7582026
8560;ramiro.carlos200@yahoo.com;Ramiro811_
8561;urbano.roman549@gmail.com;Urbano5542026
8562;luis.ricart644@gmail.com;Luisri385@
8563;nicodemo.gargalloaliaga391@hotmail.com;Nicode963@
8564;camilo.montero859@gmail.com;Camilo851#
8565;reynaldo.ortunorincon795@outlook.com;Reynal3592026
8566;gonzalo.casas316@gmail.com;Gonzal7932026
8567;josefa.cepeda165@hotmail.com;Josefa244123
8568;maria.puente814@yahoo.com;Mariap805#
8569;francisco.javier337@hotmail.com;Franci554@
8570;ceferino.rubio794@outlook.com;Ceferi7432026
8571;filomena.egea442@hotmail.com;Filome948@
8572;walter.leon289@yahoo.com;Walter372#
8573;felicidad.del78@yahoo.com;Felici225_
8574;dulce.reina61@gmail.com;Dulcer721!
8575;constanza.de926@outlook.com;Consta723_
8576;benigno.de963@hotmail.com;Benign854@
8577;eusebio.santamaria669@outlook.com;Eusebi588@
8578;genoveva.juanita119@gmail.com;Genove5372026
8579;bibiana.perales714@yahoo.com;Bibian952#
8580;loreto.dominguezmarques228@yahoo.com;Loreto9422026
8581;nazario.fiol158@gmail.com;Nazari566@
8582;alejo.verdugo676@gmail.com;Alejov8612026
8583;hilda.aragones398@gmail.com;Hildaa159@
8584;sabina.cuevas479@gmail.com;Sabina943_
8585;ezequiel.puga707@outlook.com;Ezequi787_
8586;azahar.berenguer905@hotmail.com;Azahar734_
8587;roberto.del868@hotmail.com;Robert445_
8588;galo.izaguirre941@yahoo.com;Galoiz704#
8589;manu.luna368@yahoo.com;Manulu629_
8590;atilio.arino624@gmail.com;Atilio6372026
8591;candelas.parra202@gmail.com;Candel366_
8592;jordi.hernando187@yahoo.com;Jordih593#
8593;fulgencio.vina51@hotmail.com;Fulgen223#
8594;florencia.acero595@outlook.com;Floren196_
8595;brigida.puertarosello625@hotmail.com;Brigid982#
8596;soledad.manceborodriguez698@yahoo.com;Soleda805!
8597;eloy.fulgencio937@yahoo.com;Eloyfu887!
8598;ainoa.agusti800@outlook.com;Ainoaa552!
8599;aitor.alcolea679@outlook.com;Aitora473!
8600;yessica.valdes76@gmail.com;Yessic618123
8601;paulino.cabanillas625@hotmail.com;Paulin826123
8602;cecilia.castillo596@gmail.com;Cecili4982026
8603;felix.gimenez274@hotmail.com;Felixg929!
8604;nacho.salas488@yahoo.com;Nachos581!
8605;mohamed.blanca769@outlook.com;Mohame590123
8606;julio.cesar131@yahoo.com;Julioc579#
8607;julian.verdu385@outlook.com;Julian732#
8608;marisela.alcala193@hotmail.com;Marise495!
8609;macario.mena753@yahoo.com;Macari184@
8610;oriana.muniz101@outlook.com;Oriana3752026
8611;adelina.santamaria877@outlook.com;Adelin413@
8612;petrona.del611@yahoo.com;Petron451#
8613;graciana.pera805@hotmail.com;Gracia148@
8614;cecilio.font351@yahoo.com;Cecili464#
8615;dominga.rosado480@yahoo.com;Doming4102026
8616;abril.vinas369@yahoo.com;Abrilv787!
8617;carmina.cervantes336@gmail.com;Carmin612_
8618;yesica.banos230@outlook.com;Yesica767#
8619;consuela.roldan35@gmail.com;Consue173#
8620;eustaquio.segismundo856@yahoo.com;Eustaq900#
8621;nilda.ayuso583@yahoo.com;Nildaa114#
8622;felicidad.vilalta630@gmail.com;Felici3212026
8623;ursula.fabiana563@gmail.com;Ursula377123
8624;rufina.peral405@hotmail.com;Rufina197123
8625;lilia.arranz632@outlook.com;Liliaa802#
8626;carlota.osorio370@gmail.com;Carlot391@
8627;alejandro.serra684@hotmail.com;Alejan413123
8628;susanita.galan424@hotmail.com;Susani661_
8629;diana.capdevila633@gmail.com;Dianac833@
8630;alba.falconegea848@yahoo.com;Albafa482!
8631;sancho.ledesma902@gmail.com;Sancho446@
8632;jennifer.jerez680@gmail.com;Jennif391!
8633;maximiliano.milla773@yahoo.com;Maximi107!
8634;mohamed.tena105@gmail.com;Mohame721_
8635;valerio.portillo51@yahoo.com;Valeri6852026
8636;inocencio.benavent630@yahoo.com;Inocen309!
8637;saturnina.almudena559@outlook.com;Saturn897_
8638;maricela.de365@outlook.com;Marice111!
8639;mariana.pera446@outlook.com;Marian595@
8640;lorena.penalver826@outlook.com;Lorena5942026
8641;patricia.angelita621@outlook.com;Patric2672026
8642;aureliano.carrion277@outlook.com;Aureli565!
8643;amaya.de992@yahoo.com;Amayad122_
8644;jesus.cueto857@gmail.com;Jesusc581!
8645;ceferino.vives929@gmail.com;Ceferi267123
8646;ursula.josefina717@hotmail.com;Ursula360!
8647;lilia.martinez477@hotmail.com;Liliam671#
8648;jose.maria729@outlook.com;Josema539!
8649;benjamin.del574@yahoo.com;Benjam1232026
8650;isaac.del319@hotmail.com;Isaacd550_
8651;fortunato.riba776@hotmail.com;Fortun288_
8652;joaquin.americo322@yahoo.com;Joaqui321!
8653;leoncio.torrens789@outlook.com;Leonci666_
8654;diego.sancho432@hotmail.com;Diegos677!
8655;nacio.gisbert606@gmail.com;Naciog639#
8656;nicanor.soler69@yahoo.com;Nicano298@
8657;cloe.velez898@yahoo.com;Cloeve238@
8658;isaura.serafina857@gmail.com;Isaura500!
8659;veronica.pavon321@outlook.com;Veroni525123
8660;jesus.bayona90@gmail.com;Jesusb808!
8661;maria.galvez747@gmail.com;Mariag524@
8662;esperanza.jaume509@gmail.com;Espera877123
8663;hector.barranco502@hotmail.com;Hector119_
8664;vidal.aviles155@gmail.com;Vidala860123
8665;valeria.reina425@outlook.com;Valeri3462026
8666;josep.roura136@yahoo.com;Josepr104_
8667;vicente.campo418@hotmail.com;Vicent558!
8668;fidela.maite858@yahoo.com;Fidela654123
8669;pia.pags998@outlook.com;Piapag6112026
8670;calixto.zabaladiaz551@outlook.com;Calixt518@
8671;quique.coloma838@gmail.com;Quique5942026
8672;olimpia.corral80@hotmail.com;Olimpi552123
8673;nicodemo.gonzalez49@hotmail.com;Nicode616_
8674;chucho.duque365@hotmail.com;Chucho221_
8675;octavio.arnaucueto634@outlook.com;Octavi536#
8676;eva.gilagudo32@gmail.com;Evagil585!
8677;epifanio.calvet165@outlook.com;Epifan290#
8678;jennifer.villalba882@outlook.com;Jennif794!
8679;fernanda.silva176@gmail.com;Fernan489!
8680;geraldo.victor954@hotmail.com;Gerald468_
8681;rosendo.arenasvega962@yahoo.com;Rosend282123
8682;aristides.taboada850@outlook.com;Aristi572@
8683;jennifer.cuevas346@outlook.com;Jennif615@
8684;lino.losada294@hotmail.com;Linolo678#
8685;inocencio.pazrequena496@yahoo.com;Inocen801_
8686;mirta.corbachocastrillo95@yahoo.com;Mirtac228@
8687;angelina.rosa554@gmail.com;Angeli993123
8688;gil.toledo681@gmail.com;Giltol838123
8689;nicolasa.reyes310@hotmail.com;Nicola104!
8690;jorge.prado372@outlook.com;Jorgep769_
8691;cristobal.sala933@yahoo.com;Cristo133123
8692;cruz.aguilar899@gmail.com;Cruzag892@
8693;curro.catalablanes111@hotmail.com;Curroc434#
8694;marta.neira898@gmail.com;Martan8572026
8695;fanny.clementina985@gmail.com;Fannyc590_
8696;dolores.sales356@hotmail.com;Dolore629#
8697;onofre.gomilaaguilo144@gmail.com;Onofre877!
8698;abigail.palomino339@gmail.com;Abigai5342026
8699;fortunata.goni294@yahoo.com;Fortun443@
8700;francisco.jose641@hotmail.com;Franci175!
8701;bienvenida.arevalo335@outlook.com;Bienve429123
8702;guiomar.alejo936@yahoo.com;Guioma290!
8703;aristides.pepito871@outlook.com;Aristi258@
8704;curro.bermejobonilla510@yahoo.com;Currob703#
8705;josefina.cidrojas493@gmail.com;Josefi534_
8706;constanza.diana133@gmail.com;Consta6152026
8707;montserrat.arnal920@gmail.com;Montse487_
8708;ignacio.marco766@hotmail.com;Ignaci161123
8709;sarita.sainz910@yahoo.com;Sarita102!
8710;heriberto.figueras130@gmail.com;Heribe142#
8711;alexandra.folch367@outlook.com;Alexan9102026
8712;teodoro.angulo878@hotmail.com;Teodor254@
8713;margarita.seco398@outlook.com;Margar879#
8714;adoracion.sevillanoriquelme675@gmail.com;Adorac360@
8715;ana.de655@outlook.com;Anaden398@
8716;felipe.crespo677@yahoo.com;Felipe461!
8717;luis.miguel138@yahoo.com;Luismi504123
8718;desiderio.hernandez792@outlook.com;Deside9602026
8719;rosario.angelina966@hotmail.com;Rosari988@
8720;adriana.cal928@outlook.com;Adrian520@
8721;cruz.puig178@hotmail.com;Cruzpu238@
8722;candelas.garcia102@gmail.com;Candel964#
8723;marisela.borras234@yahoo.com;Marise144#
8724;ascension.flora507@outlook.com;Ascens364_
8725;leocadia.luz626@hotmail.com;Leocad604_
8726;modesta.company88@outlook.com;Modest606_
8727;azahar.roca691@hotmail.com;Azahar266_
8728;edelmiro.del759@yahoo.com;Edelmi9312026
8729;reyes.rossello747@outlook.com;Reyesr176@
8730;julie.maria29@yahoo.com;Juliem710@
8731;paulino.colom670@outlook.com;Paulin467123
8732;poncio.valdes819@hotmail.com;Poncio970!
8733;pascual.yustesalcedo114@gmail.com;Pascua830_
8734;eli.de346@gmail.com;Elidee212#
8735;lupe.de581@yahoo.com;Lupede5332026
8736;fabio.cruz237@yahoo.com;Fabioc982_
8737;celso.duran957@gmail.com;Celsod198123
8738;marco.segismundo566@outlook.com;Marcos405!
8739;selena.azcona536@hotmail.com;Selena125123
8740;teresita.marino196@outlook.com;Teresi4792026
8741;nando.cepeda293@yahoo.com;Nandoc117123
8742;evelia.quevedo575@outlook.com;Evelia113#
8743;toni.marti720@gmail.com;Tonima386123
8744;claudia.galvez546@outlook.com;Claudi777123
8745;fidel.cerda943@gmail.com;Fidelc2902026
8746;marisa.muniz434@hotmail.com;Marisa333!
8747;claudio.terron278@gmail.com;Claudi929!
8748;armando.cepeda718@hotmail.com;Armand559#
8749;federico.harofernandez659@outlook.com;Federi3042026
8750;pacifica.flores155@outlook.com;Pacifi8022026
8751;salud.cabezas306@gmail.com;Saludc848!
8752;gil.prieto501@yahoo.com;Gilpri585#
8753;angela.ana606@hotmail.com;Angela349123
8754;silvio.de369@outlook.com;Silvio475#
8755;marisa.arcobueno353@gmail.com;Marisa229123
8756;pio.de974@gmail.com;Piodev9832026
8757;rocio.mugica878@hotmail.com;Rociom208!
8758;teo.sola353@hotmail.com;Teosol199@
8759;ines.mari145@hotmail.com;Inesma621123
8760;nacho.jacinto563@outlook.com;Nachoj975@
8761;diego.azorin157@gmail.com;Diegoa148#
8762;gustavo.gibert800@hotmail.com;Gustav784_
8763;kike.muro966@gmail.com;Kikemu926#
8764;felipe.torrents387@outlook.com;Felipe936123
8765;leandro.vilar496@gmail.com;Leandr248!
8766;florentino.de329@yahoo.com;Floren693@
8767;oriana.figuerola37@gmail.com;Oriana327_
8768;ezequiel.porta143@hotmail.com;Ezequi886#
8769;cruz.uriarte128@yahoo.com;Cruzur832_
8770;marino.cordero576@gmail.com;Marino903_
8771;flora.boada759@yahoo.com;Florab849@
8772;genoveva.benavente589@hotmail.com;Genove742123
8773;anastasia.del541@hotmail.com;Anasta652123
8774;jose.ramon981@outlook.com;Josera7052026
8775;valentina.soriano65@hotmail.com;Valent542123
8776;felicia.concepcion759@hotmail.com;Felici786@
8777;casemiro.godoy560@outlook.com;Casemi633_
8778;cebrian.verdugo549@hotmail.com;Cebria721!
8779;jimena.mesaalfonso911@outlook.com;Jimena474@
8780;atilio.teodoro857@outlook.com;Atilio498_
8781;vilma.alegre593@hotmail.com;Vilmaa605!
8782;ruperto.carrera898@yahoo.com;Rupert464123
8783;mamen.fernandez843@outlook.com;Mamenf102@
8784;pascual.plazayuste758@gmail.com;Pascua7342026
8785;mauricio.goni621@yahoo.com;Mauric701!
8786;ciro.cifuentespenas341@yahoo.com;Ciroci9552026
8787;abel.mate390@outlook.com;Abelma524@
8788;brigida.maestre968@outlook.com;Brigid160!
8789;noe.villaverde944@outlook.com;Noevil614123
8790;hermenegildo.santos716@gmail.com;Hermen1182026
8791;encarnita.gomez33@yahoo.com;Encarn857_
8792;angela.rodriguez689@hotmail.com;Angela2982026
8793;yessica.peinado790@hotmail.com;Yessic391123
8794;encarnita.carreras205@outlook.com;Encarn314!
8795;hernando.segarra701@outlook.com;Hernan829_
8796;narciso.de23@yahoo.com;Narcis896#
8797;benita.gonzalez741@outlook.com;Benita952#
8798;maria.del82@hotmail.com;Mariad779_
8799;heliodoro.cid733@hotmail.com;Heliod376123
8800;ester.contreras395@yahoo.com;Esterc718_
8801;itziar.serra73@hotmail.com;Itziar677!
8802;yago.de710@hotmail.com;Yagode595!
8803;ignacio.aguiloguerrero639@gmail.com;Ignaci3042026
8804;florinda.merino256@gmail.com;Florin902_
8805;olegario.lledo473@yahoo.com;Olegar276_
8806;teofilo.de24@gmail.com;Teofil1332026
8807;quirino.cerdan232@yahoo.com;Quirin829!
8808;wilfredo.carro204@gmail.com;Wilfre154123
8809;africa.dieguez595@hotmail.com;Africa786_
8810;gisela.domingo559@outlook.com;Gisela731@
8811;irma.buenoacosta724@outlook.com;Irmabu711#
8812;perla.vicens118@outlook.com;Perlav163_
8813;eustaquio.nicolas984@outlook.com;Eustaq872123
8814;angel.blazquez950@gmail.com;Angelb935!
8815;benjamin.nando385@hotmail.com;Benjam449!
8816;isaias.fabio423@hotmail.com;Isaias134@
8817;leticia.de383@hotmail.com;Letici672_
8818;victor.pulido578@gmail.com;Victor202_
8819;bernardo.rozas824@outlook.com;Bernar985!
8820;angelina.hernando123@gmail.com;Angeli1342026
8821;rocio.abascal737@gmail.com;Rocioa963123
8822;roxana.diana602@outlook.com;Roxana336@
8823;dan.alberdi902@hotmail.com;Danalb665123
8824;felix.manjon676@gmail.com;Felixm363@
8825;sol.parejo109@outlook.com;Solpar532@
8826;encarna.mateotirado904@gmail.com;Encarn180#
8827;ruben.solis410@yahoo.com;Rubens535#
8828;juan.kike265@hotmail.com;Juanki799#
8829;loreto.avilesmata43@gmail.com;Loreto493@
8830;maxima.nevado324@gmail.com;Maxima701#
8831;pascuala.bou673@yahoo.com;Pascua752_
8832;alexandra.perea340@hotmail.com;Alexan1062026
8833;pepe.ruiz582@hotmail.com;Peperu803!
8834;modesto.fabregasmanjon314@outlook.com;Modest640#
8835;irene.sosa564@outlook.com;Irenes874_
8836;inocencio.perales190@hotmail.com;Inocen369_
8837;rosalina.navarrete347@hotmail.com;Rosali886#
8838;victoria.landa488@yahoo.com;Victor216!
8839;francisca.lobochico491@hotmail.com;Franci334#
8840;eliseo.antunez84@gmail.com;Eliseo606#
8841;ursula.diezsalvador459@hotmail.com;Ursula138#
8842;luisina.novoa832@hotmail.com;Luisin931!
8843;jesus.hervia924@gmail.com;Jesush465@
8844;jordan.ordonez782@gmail.com;Jordan311_
8845;kike.de193@yahoo.com;Kikede914@
8846;julio.cesar108@hotmail.com;Julioc514_
8847;luis.angel864@outlook.com;Luisan571123
8848;ulises.ballester535@outlook.com;Ulises422#
8849;emilio.castello611@hotmail.com;Emilio3132026
8850;adoracion.de691@outlook.com;Adorac252!
8851;ovidio.pepito825@outlook.com;Ovidio595@
8852;bruno.benitez671@gmail.com;Brunob3042026
8853;jennifer.valverdenavarro703@outlook.com;Jennif595_
8854;regina.cabanillas343@hotmail.com;Regina427!
8855;maristela.de35@outlook.com;Marist642123
8856;ascension.arranz679@outlook.com;Ascens5202026
8857;melchor.adadia158@gmail.com;Melcho167_
8858;edelmiro.guadalupe735@outlook.com;Edelmi570@
8859;chus.silva829@yahoo.com;Chussi876!
8860;sergio.zabaleta720@yahoo.com;Sergio531123
8861;mohamed.suarez949@hotmail.com;Mohame243#
8862;mayte.galindo941@yahoo.com;Mayteg140_
8863;maximiano.botella733@hotmail.com;Maximi1242026
8864;ciriaco.moya974@outlook.com;Ciriac247123
8865;baudelio.camara215@hotmail.com;Baudel671#
8866;victor.pascual808@hotmail.com;Victor860!
8867;yesica.ortuno237@gmail.com;Yesica462!
8868;miguel.angel652@hotmail.com;Miguel926@
8869;kike.guardiola738@gmail.com;Kikegu6972026
8870;anastasia.duenas816@hotmail.com;Anasta419@
8871;loida.montanacuervo791@hotmail.com;Loidam2642026
8872;cristina.del655@hotmail.com;Cristi4282026
8873;jose.angel594@gmail.com;Josean3532026
8874;isabela.roma614@yahoo.com;Isabel859!
8875;leonor.vilaplana122@yahoo.com;Leonor841@
8876;sara.galancardenas803@yahoo.com;Saraga258@
8877;reyna.iniguez868@outlook.com;Reynai281#
8878;beatriz.nogues503@gmail.com;Beatri726!
8879;herminia.antunezheras836@gmail.com;Hermin8892026
8880;luisina.nilda468@hotmail.com;Luisin136#
8881;fabricio.espana952@gmail.com;Fabric3862026
8882;roberto.iniesta530@gmail.com;Robert8332026
8883;nieves.alcalde443@hotmail.com;Nieves5112026
8884;bautista.pujadas661@yahoo.com;Bautis794123
8885;nilda.toro160@gmail.com;Nildat786_
8886;mariana.vigil474@yahoo.com;Marian918#
8887;geronimo.del654@hotmail.com;Geroni225@
8888;vinicio.iniguez853@hotmail.com;Vinici909_
8889;samanta.urena704@outlook.com;Samant1202026
8890;encarnacion.valls998@outlook.com;Encarn566123
8891;consuela.bellido153@hotmail.com;Consue762#
8892;cruz.bolanos53@outlook.com;Cruzbo164@
8893;ariel.serna985@hotmail.com;Ariels725!
8894;teresita.lucila809@outlook.com;Teresi286#
8895;narciso.baena388@gmail.com;Narcis571!
8896;duilio.tamayo961@yahoo.com;Duilio524#
8897;nicodemo.del117@outlook.com;Nicode166_
8898;juan.jose336@gmail.com;Juanjo559123
8899;eutimio.taboadapeiro170@yahoo.com;Eutimi680#
8900;violeta.armas683@hotmail.com;Violet561#
8901;oscar.delgado323@gmail.com;Oscard458123
8902;marco.planas419@yahoo.com;Marcop7862026
8903;candelas.suarez148@outlook.com;Candel658@
8904;rosario.gibert840@gmail.com;Rosari624123
8905;dorita.melendez297@outlook.com;Dorita158123
8906;ximena.anaya645@yahoo.com;Ximena913123
8907;aristides.placido800@gmail.com;Aristi796#
8908;ingrid.leire925@yahoo.com;Ingrid836!
8909;fausto.del63@gmail.com;Fausto205!
8910;palmira.guadalupe406@gmail.com;Palmir8722026
8911;desiderio.rosellblanco936@outlook.com;Deside668@
8912;jenny.vinas842@hotmail.com;Jennyv716!
8913;elodia.cabeza225@outlook.com;Elodia352@
8914;consuelo.robledo705@hotmail.com;Consue870#
8915;rodolfo.baena21@hotmail.com;Rodolf348!
8916;florentina.grau784@hotmail.com;Floren143_
8917;teobaldo.manzanares176@yahoo.com;Teobal531!
8918;jose.maria670@hotmail.com;Josema502!
8919;anita.osuna720@gmail.com;Anitao698#
8920;rene.pedrosa765@gmail.com;Renepe2342026
8921;amaya.de309@gmail.com;Amayad582123
8922;ana.canellas625@outlook.com;Anacan3912026
8923;virginia.garcia821@gmail.com;Virgin3022026
8924;rosalia.pulido368@outlook.com;Rosali976@
8925;juan.manuel620@yahoo.com;Juanma379123
8926;magdalena.chicoaguilar614@outlook.com;Magdal901@
8927;elba.beltran979@outlook.com;Elbabe640#
8928;gertrudis.carouribe912@outlook.com;Gertru768123
8929;aurelia.roldan929@yahoo.com;Aureli162#
8930;edu.del397@outlook.com;Edudel954!
8931;bonifacio.lujan423@hotmail.com;Bonifa883#
8932;salomon.de617@yahoo.com;Salomo250!
8933;efrain.orozco209@outlook.com;Efrain4182026
8934;leandra.mamen24@hotmail.com;Leandr9112026
8935;pascuala.ortegavalencia128@hotmail.com;Pascua355@
8936;seve.garcia744@yahoo.com;Sevega760!
8937;ivan.diaz812@yahoo.com;Ivandi810#
8938;salud.nerea169@hotmail.com;Saludn295_
8939;soledad.gelabert92@gmail.com;Soleda199#
8940;angelica.gascontomas717@hotmail.com;Angeli786#
8941;ciriaco.morillo369@gmail.com;Ciriac728#
8942;elisa.perales452@yahoo.com;Elisap293_
8943;candelas.de221@yahoo.com;Candel747!
8944;olimpia.lago651@outlook.com;Olimpi1312026
8945;yaiza.sampercarbo130@yahoo.com;Yaizas543_
8946;che.navarrete839@yahoo.com;Chenav404_
8947;priscila.aleman43@outlook.com;Prisci298123
8948;marcos.de224@outlook.com;Marcos2312026
8949;ismael.fabregas775@hotmail.com;Ismael284#
8950;florina.escriva293@gmail.com;Florin858_
8951;guadalupe.llano289@outlook.com;Guadal804@
8952;ainara.borrell538@gmail.com;Ainara201@
8953;maxi.peral721@outlook.com;Maxipe699123
8954;eva.maria961@hotmail.com;Evamar639!
8955;yolanda.priscila569@outlook.com;Yoland867#
8956;teresa.mas626@gmail.com;Teresa968#
8957;eugenia.de895@yahoo.com;Eugeni435@
8958;severiano.vendrell175@hotmail.com;Severi690!
8959;aitana.velascoecheverria851@hotmail.com;Aitana584!
8960;ildefonso.lamas984@outlook.com;Ildefo686!
8961;maria.teresa560@yahoo.com;Mariat200123
8962;febe.azcona554@yahoo.com;Febeaz841123
8963;oscar.maestre696@yahoo.com;Oscarm9102026
8964;azeneth.bernal338@gmail.com;Azenet563!
8965;severo.samu919@gmail.com;Severo941123
8966;valero.valera406@gmail.com;Valero213@
8967;marisol.chaparro478@hotmail.com;Mariso362@
8968;conrado.andres622@hotmail.com;Conrad8282026
8969;candelaria.ester218@yahoo.com;Candel988123
8970;eligia.vina592@outlook.com;Eligia340@
8971;sara.carreraborja542@outlook.com;Saraca858#
8972;samu.alegria455@hotmail.com;Samual8182026
8973;panfilo.neira151@yahoo.com;Panfil650123
8974;remedios.guzman72@yahoo.com;Remedi683123
8975;anselmo.jacinto562@gmail.com;Anselm762@
8976;manolo.mari97@hotmail.com;Manolo722#
8977;araceli.hernandez296@outlook.com;Aracel658@
8978;itziar.navarrolloret228@hotmail.com;Itziar351!
8979;baltasar.de556@gmail.com;Baltas319!
8980;aureliano.herrero232@yahoo.com;Aureli492#
8981;leandro.del294@yahoo.com;Leandr276123
8982;cornelio.de920@gmail.com;Cornel844@
8983;godofredo.carrasco313@hotmail.com;Godofr994@
8984;rolando.de981@hotmail.com;Roland5472026
8985;iris.del178@gmail.com;Irisde314!
8986;petrona.cuellar949@yahoo.com;Petron993!
8987;adrian.del315@hotmail.com;Adrian133@
8988;silvia.colom746@yahoo.com;Silvia559#
8989;curro.riquelme699@outlook.com;Curror1402026
8990;belen.quirogavaldes12@yahoo.com;Belenq463_
8991;osvaldo.barcelo20@hotmail.com;Osvald6672026
8992;amilcar.de586@hotmail.com;Amilca331#
8993;jordi.donaire911@gmail.com;Jordid941123
8994;eusebia.felipa848@yahoo.com;Eusebi943!
8995;iban.agustin894@outlook.com;Ibanag188123
8996;matilde.cerezo52@outlook.com;Matild864@
8997;manuel.moles660@yahoo.com;Manuel714@
8998;gilberto.merino837@outlook.com;Gilber124#
8999;adolfo.buendia652@hotmail.com;Adolfo347!
9000;hector.cuellar715@outlook.com;Hector981_
9001;fabiana.prats282@outlook.com;Fabian150_
9002;lidia.gonzalo881@yahoo.com;Lidiag771_
9003;esther.vazquez339@gmail.com;Esther531#
9004;ernesto.recio79@gmail.com;Ernest387_
9005;cosme.del323@yahoo.com;Cosmed913!
9006;america.aranavalls281@gmail.com;Americ687@
9007;aurelia.pacheco780@yahoo.com;Aureli939@
9008;omar.verdu937@yahoo.com;Omarve5652026
9009;bartolome.rey334@outlook.com;Bartol350@
9010;jose.manuel649@hotmail.com;Josema813@
9011;tamara.iglesias829@hotmail.com;Tamara639_
9012;teo.valverde726@outlook.com;Teoval455#
9013;roberto.alberola252@gmail.com;Robert997_
9014;vito.gracia69@hotmail.com;Vitogr5172026
9015;melisa.barrio331@gmail.com;Melisa402@
9016;dimas.lisandro811@outlook.com;Dimasl5382026
9017;geraldo.de41@outlook.com;Gerald7072026
9018;saturnino.eliseo962@outlook.com;Saturn153@
9019;gema.quintero869@outlook.com;Gemaqu7122026
9020;susanita.de644@yahoo.com;Susani155!
9021;virgilio.julia509@hotmail.com;Virgil666123
9022;jose.maria591@gmail.com;Josema298_
9023;teofila.lerma731@yahoo.com;Teofil316_
9024;priscila.cortina22@outlook.com;Prisci831123
9025;dalila.pou388@yahoo.com;Dalila529#
9026;mohamed.herrero340@gmail.com;Mohame609!
9027;maria.angeles39@yahoo.com;Mariaa658#
9028;lara.reina600@hotmail.com;Larare136!
9029;ismael.chaves918@outlook.com;Ismael164_
9030;maria.teresa435@hotmail.com;Mariat647@
9031;jovita.llamas417@yahoo.com;Jovita876_
9032;esmeralda.claveroguzman347@hotmail.com;Esmera149_
9033;casemiro.agusti686@gmail.com;Casemi351#
9034;antonio.carmona41@outlook.com;Antoni881@
9035;pia.sevilla54@gmail.com;Piasev4982026
9036;ignacio.baez200@gmail.com;Ignaci222!
9037;azahar.moraleda809@outlook.com;Azahar884123
9038;beatriz.casasvilar820@hotmail.com;Beatri447#
9039;nacio.saezjaume530@yahoo.com;Nacios138#
9040;remedios.solano717@yahoo.com;Remedi417#
9041;dalila.arcobermejo451@outlook.com;Dalila8812026
9042;hugo.del763@hotmail.com;Hugode434@
9043;guadalupe.de441@hotmail.com;Guadal333!
9044;luciana.tomas349@hotmail.com;Lucian2922026
9045;pablo.alvaro668@hotmail.com;Pabloa671@
9046;baltasar.montana268@hotmail.com;Baltas655#
9047;calisto.del742@yahoo.com;Calist602@
9048;gala.sanchez107@gmail.com;Galasa681_
9049;miriam.aguilera201@hotmail.com;Miriam6802026
9050;fernanda.jover844@gmail.com;Fernan742_
9051;amador.alfaro836@outlook.com;Amador587123
9052;modesta.navas416@hotmail.com;Modest875#
9053;noemi.del587@outlook.com;Noemid871@
9054;debora.de576@hotmail.com;Debora429#
9055;ximena.belmonte794@gmail.com;Ximena9392026
9056;norberto.mayolmoraleda598@hotmail.com;Norber830123
9057;renato.arana246@hotmail.com;Renato429@
9058;javi.guillen32@yahoo.com;Javigu9252026
9059;valentin.hierro65@gmail.com;Valent432123
9060;carmina.pazos139@hotmail.com;Carmin395123
9061;ana.sofia267@yahoo.com;Anasof796@
9062;federico.fajardomacias390@outlook.com;Federi495!
9063;lupe.fiol265@outlook.com;Lupefi5002026
9064;viviana.mirogomez683@outlook.com;Vivian574!
9065;herminio.gregorio695@hotmail.com;Hermin9512026
9066;adolfo.girona123@hotmail.com;Adolfo230@
9067;tamara.marquez546@hotmail.com;Tamara655@
9068;feliciano.cordero864@hotmail.com;Felici765@
9069;gloria.bayo502@yahoo.com;Gloria851_
9070;rodrigo.arevaloburgos44@outlook.com;Rodrig804#
9071;amaya.duenas923@yahoo.com;Amayad336#
9072;adora.expositobayona429@yahoo.com;Adorae695#
9073;jose.antonio905@yahoo.com;Josean535@
9074;regina.maestre726@outlook.com;Regina885_
9075;teobaldo.manrique212@hotmail.com;Teobal978123
9076;jose.luis931@yahoo.com;Joselu322!
9077;domitila.palacio592@gmail.com;Domiti3482026
9078;manola.de513@yahoo.com;Manola177123
9079;inmaculada.vergara852@gmail.com;Inmacu540!
9080;cristian.lara882@gmail.com;Cristi7892026
9081;moises.agustin104@outlook.com;Moises564!
9082;jordana.berenguer75@gmail.com;Jordan5292026
9083;elpidio.sainz375@gmail.com;Elpidi438_
9084;eufemia.de156@hotmail.com;Eufemi278123
9085;pablo.maestre357@hotmail.com;Pablom538_
9086;ruben.aristides637@gmail.com;Rubena551_
9087;amor.codina354@outlook.com;Amorco892!
9088;ivan.vilaplana703@hotmail.com;Ivanvi970!
9089;maria.dolores299@yahoo.com;Mariad8342026
9090;tiburcio.velez537@outlook.com;Tiburc505123
9091;climaco.menendez501@outlook.com;Climac308#
9092;clara.vilar241@hotmail.com;Clarav181!
9093;segismundo.penas720@hotmail.com;Segism492!
9094;fabio.de730@yahoo.com;Fabiod418!
9095;placido.villaverde910@yahoo.com;Placid199@
9096;gonzalo.figueras859@yahoo.com;Gonzal1582026
9097;lola.aliagacoca440@yahoo.com;Lolaal318123
9098;edelmiro.de942@outlook.com;Edelmi342123
9099;odalis.enriquezcabrero393@outlook.com;Odalis903!
9100;melisa.rodrigo808@hotmail.com;Melisa557!
9101;alfredo.losada84@yahoo.com;Alfred412123
9102;paola.mayoral977@yahoo.com;Paolam127_
9103;gisela.loboduenas944@outlook.com;Gisela959@
9104;aurelio.albino217@outlook.com;Aureli134_
9105;azucena.huguet634@yahoo.com;Azucen347@
9106;ambar.roberta27@hotmail.com;Ambarr916#
9107;emilia.alma654@outlook.com;Emilia378123
9108;flavio.rocamora974@outlook.com;Flavio264123
9109;cruz.bou62@hotmail.com;Cruzbo6092026
9110;rosario.juan506@outlook.com;Rosari3032026
9111;araceli.de438@hotmail.com;Aracel457123
9112;epifanio.tolosa744@yahoo.com;Epifan882!
9113;francisco.gutierrez740@outlook.com;Franci636@
9114;juan.carlos459@gmail.com;Juanca133_
9115;amanda.alvaro955@hotmail.com;Amanda239123
9116;marita.landafolch550@outlook.com;Marita5712026
9117;ines.iborra245@gmail.com;Inesib929123
9118;raquel.raya650@outlook.com;Raquel107@
9119;soraya.grau390@outlook.com;Soraya420#
9120;reinaldo.moran105@gmail.com;Reinal938@
9121;valentina.fuertes511@outlook.com;Valent331#
9122;amaya.lerma824@hotmail.com;Amayal737#
9123;santos.de284@hotmail.com;Santos563_
9124;mar.prat165@outlook.com;Marpra275!
9125;nando.de379@gmail.com;Nandod437!
9126;chucho.rierapol467@hotmail.com;Chucho732123
9127;jose.manuel918@gmail.com;Josema7382026
9128;carmela.cano146@outlook.com;Carmel763#
9129;brunilda.rozas785@gmail.com;Brunil228123
9130;anna.robles356@gmail.com;Annaro427!
9131;manuel.batalla161@outlook.com;Manuel251!
9132;maria.del468@outlook.com;Mariad299@
9133;chus.lopezayuso777@gmail.com;Chuslo602123
9134;felix.amador350@yahoo.com;Felixa247@
9135;jose.antonio222@gmail.com;Josean976!
9136;angelina.barranco324@outlook.com;Angeli925123
9137;ainoa.guardia453@outlook.com;Ainoag783@
9138;oscar.guitart250@yahoo.com;Oscarg2412026
9139;pio.zaragoza48@hotmail.com;Piozar151_
9140;jose.sanabria194@hotmail.com;Josesa920123
9141;purificacion.caparros862@hotmail.com;Purifi742#
9142;jacobo.orozco22@gmail.com;Jacobo220@
9143;lalo.castaneda991@yahoo.com;Laloca680_
9144;felipe.rovira243@gmail.com;Felipe9292026
9145;severiano.correa816@hotmail.com;Severi179123
9146;samanta.muniz284@outlook.com;Samant764123
9147;balduino.giron590@gmail.com;Baldui692123
9148;elpidio.edelmiro846@gmail.com;Elpidi216_
9149;jordan.vilanova10@hotmail.com;Jordan458!
9150;manola.checa582@gmail.com;Manola884#
9151;toni.barragan28@outlook.com;Toniba624@
9152;valerio.ildefonso664@yahoo.com;Valeri390!
9153;obdulia.royo761@yahoo.com;Obduli194@
9154;cloe.bayona380@yahoo.com;Cloeba533#
9155;paulina.marquez346@outlook.com;Paulin669#
9156;mohamed.amando459@gmail.com;Mohame919@
9157;jenny.de42@gmail.com;Jennyd565#
9158;benjamin.mulet370@gmail.com;Benjam647!
9159;gerardo.penas98@hotmail.com;Gerard850@
9160;merche.codina972@gmail.com;Merche704#
9161;marcial.francisco444@yahoo.com;Marcia974_
9162;milagros.narvaez808@outlook.com;Milagr657@
9163;melania.jaen897@yahoo.com;Melani610_
9164;cesar.del660@gmail.com;Cesard928@
9165;ramon.uribe127@hotmail.com;Ramonu2102026
9166;coral.somoza261@hotmail.com;Corals173123
9167;fidel.urrutia15@hotmail.com;Fidelu911123
9168;isidora.alegria196@yahoo.com;Isidor983#
9169;rosa.maria118@gmail.com;Rosama185!
9170;climaco.villalonga615@yahoo.com;Climac6752026
9171;carlos.cipriano699@yahoo.com;Carlos149@
9172;nieves.bonet824@gmail.com;Nieves5722026
9173;jose.rodriguez960@gmail.com;Josero354@
9174;agustin.eusebio537@yahoo.com;Agusti515#
9175;aroa.de612@hotmail.com;Aroade269#
9176;espiridion.molina718@yahoo.com;Espiri560!
9177;danilo.de711@outlook.com;Danilo100_
9178;agata.mendoza608@hotmail.com;Agatam523_
9179;francisca.manso988@yahoo.com;Franci253@
9180;vasco.otero689@hotmail.com;Vascoo252!
9181;isabela.folch556@yahoo.com;Isabel669@
9182;duilio.palmer619@yahoo.com;Duilio231!
9183;jose.angel251@hotmail.com;Josean4262026
9184;lucho.heredia182@gmail.com;Luchoh633_
9185;balduino.caballero948@gmail.com;Baldui748123
9186;chus.pino600@hotmail.com;Chuspi7612026
9187;maria.amado581@hotmail.com;Mariaa816123
9188;amor.sastre761@outlook.com;Amorsa856@
9189;miguel.sarabia323@gmail.com;Miguel8082026
9190;africa.almansa334@gmail.com;Africa289123
9191;edmundo.cuervo262@hotmail.com;Edmund265@
9192;belen.vianavalles794@outlook.com;Belenv361!
9193;nelida.torrent324@hotmail.com;Nelida577123
9194;begona.veraoliveras691@gmail.com;Begona140!
9195;nazaret.portillo526@yahoo.com;Nazare975123
9196;leocadio.del540@yahoo.com;Leocad569_
9197;marina.alondra728@yahoo.com;Marina136#
9198;cayetano.arroyo575@gmail.com;Cayeta584123
9199;cristobal.pardo623@outlook.com;Cristo3962026
9200;olalla.cardona843@yahoo.com;Olalla906@
9201;noelia.serrano824@gmail.com;Noelia519@
9202;walter.mendez210@gmail.com;Walter167!
9203;flora.carnero231@yahoo.com;Florac483_
9204;dimas.de922@yahoo.com;Dimasd670@
9205;nieves.goni938@gmail.com;Nieves698123
9206;dario.bolanos592@gmail.com;Dariob953123
9207;primitivo.benitez355@gmail.com;Primit285@
9208;isidro.fuster437@outlook.com;Isidro375#
9209;paulino.barbero931@yahoo.com;Paulin804@
9210;esmeralda.bolanos663@outlook.com;Esmera1842026
9211;cristina.seco653@outlook.com;Cristi430@
9212;bonifacio.rosendo278@yahoo.com;Bonifa770#
9213;consuelo.torrens535@hotmail.com;Consue401@
9214;eladio.casal953@yahoo.com;Eladio483_
9215;emilia.beltran790@outlook.com;Emilia315_
9216;paulino.solera105@outlook.com;Paulin879!
9217;quique.redondo373@hotmail.com;Quique905123
9218;maria.cristina341@yahoo.com;Mariac691#
9219;mauricio.armengolhidalgo400@hotmail.com;Mauric471@
9220;yago.maza372@yahoo.com;Yagoma826!
9221;matilde.cabrero489@hotmail.com;Matild203_
9222;ramona.villegas36@gmail.com;Ramona241@
9223;basilio.caparros138@hotmail.com;Basili4242026
9224;marcia.giner101@outlook.com;Marcia9892026
9225;agata.del149@hotmail.com;Agatad117@
9226;pacifica.calista514@hotmail.com;Pacifi2742026
9227;carlota.mulet730@yahoo.com;Carlot137!
9228;juan.jose105@gmail.com;Juanjo350@
9229;brunilda.barcena830@hotmail.com;Brunil954!
9230;anabel.berrocal146@yahoo.com;Anabel800#
9231;america.borrego722@outlook.com;Americ292_
9232;luisina.castillo303@gmail.com;Luisin492123
9233;mercedes.botella377@yahoo.com;Merced628!
9234;xiomara.benito291@outlook.com;Xiomar822@
9235;melchor.severo810@hotmail.com;Melcho221!
9236;florencia.hervas299@hotmail.com;Floren4592026
9237;amilcar.agudo944@gmail.com;Amilca3892026
9238;tecla.carvajal327@yahoo.com;Teclac785#
9239;jimena.botella740@outlook.com;Jimena253#
9240;candela.giner242@yahoo.com;Candel610_
9241;abraham.roman796@gmail.com;Abraha132_
9242;juan.jose870@outlook.com;Juanjo174!
9243;abel.raya115@gmail.com;Abelra518123
9244;virgilio.iglesiaropero627@gmail.com;Virgil569!
9245;ana.sofia53@hotmail.com;Anasof837#
9246;ana.sofia527@gmail.com;Anasof977!
9247;amarilis.valverde526@gmail.com;Amaril815_
9248;violeta.santiago385@yahoo.com;Violet672@
9249;luna.goni705@gmail.com;Lunago308@
9250;eutropio.echeverria342@hotmail.com;Eutrop906!
9251;nydia.del49@hotmail.com;Nydiad163_
9252;socorro.adadia653@gmail.com;Socorr997123
9253;marina.leyre513@yahoo.com;Marina354#
9254;primitiva.larranaga62@outlook.com;Primit471@
9255;diego.mateo510@outlook.com;Diegom396123
9256;donato.escudero298@yahoo.com;Donato766123
9257;benigna.boublasco69@outlook.com;Benign485123
9258;bernardita.morcillo409@hotmail.com;Bernar2852026
9259;chus.barredacalderon389@hotmail.com;Chusba663#
9260;rebeca.armas48@yahoo.com;Rebeca412!
9261;maria.dolores724@outlook.com;Mariad458!
9262;gustavo.jurado398@hotmail.com;Gustav164123
9263;aurelia.canales15@yahoo.com;Aureli858_
9264;silvestre.lobato114@yahoo.com;Silves439_
9265;itziar.de947@outlook.com;Itziar832@
9266;melania.lledo401@yahoo.com;Melani395#
9267;aurea.cortina411@outlook.com;Aureac363123
9268;severino.roque871@hotmail.com;Severi423123
9269;manu.gibert430@gmail.com;Manugi227#
9270;mireia.checa238@hotmail.com;Mireia820#
9271;luisa.del366@yahoo.com;Luisad736!
9272;feliciana.taboada451@outlook.com;Felici565_
9273;itziar.tena510@outlook.com;Itziar7342026
9274;hermenegildo.isidro772@yahoo.com;Hermen301_
9275;manolo.de117@hotmail.com;Manolo146#
9276;marcelino.valderrama808@outlook.com;Marcel912_
9277;felicidad.roura609@gmail.com;Felici765!
9278;graciela.exposito118@hotmail.com;Gracie759@
9279;roque.barrio103@outlook.com;Roqueb546123
9280;xiomara.suarez495@outlook.com;Xiomar511123
9281;ana.belen449@hotmail.com;Anabel124_
9282;jacinto.prats531@gmail.com;Jacint3732026
9283;clara.guerra140@gmail.com;Clarag514!
9284;teresita.barros404@yahoo.com;Teresi722#
9285;maria.angeles84@gmail.com;Mariaa393@
9286;elodia.de200@yahoo.com;Elodia9062026
9287;bernardo.galvez154@gmail.com;Bernar984123
9288;genoveva.exposito987@yahoo.com;Genove4322026
9289;loreto.arrietaaparicio827@gmail.com;Loreto107!
9290;juan.jose564@gmail.com;Juanjo772#
9291;feliciano.mayol702@outlook.com;Felici498_
9292;gonzalo.pombo579@gmail.com;Gonzal274_
9293;emiliana.de920@hotmail.com;Emilia621#
9294;gerardo.calatayud288@outlook.com;Gerard615!
9295;camilo.calisto828@gmail.com;Camilo758123
9296;victoriano.garmendia619@gmail.com;Victor743@
9297;daniel.ferran12@outlook.com;Daniel363!
9298;maria.pilar926@gmail.com;Mariap873123
9299;diego.anglada417@outlook.com;Diegoa661123
9300;angelino.tejedor347@hotmail.com;Angeli968#
9301;cirino.roig714@gmail.com;Cirino694!
9302;fabiana.delfina154@outlook.com;Fabian344_
9303;isabela.cabello939@outlook.com;Isabel288_
9304;bernardita.losa787@outlook.com;Bernar270!
9305;georgina.lamas741@outlook.com;Georgi506!
9306;aranzazu.rodenas638@hotmail.com;Aranza234123
9307;consuela.de680@yahoo.com;Consue111@
9308;marisol.codina649@outlook.com;Mariso113#
9309;manuela.de124@gmail.com;Manuel2622026
9310;jose.manuel880@gmail.com;Josema8842026
9311;caridad.ximena39@outlook.com;Carida277#
9312;encarnita.hernandez656@gmail.com;Encarn670123
9313;carlos.blasco321@outlook.com;Carlos542@
9314;nilo.alcides280@outlook.com;Niloal7842026
9315;nicanor.roman289@gmail.com;Nicano559#
9316;valentina.saavedra829@outlook.com;Valent867!
9317;heliodoro.antunez544@outlook.com;Heliod529123
9318;sol.de862@outlook.com;Soldeb883#
9319;tecla.tamayo280@hotmail.com;Teclat766@
9320;leire.vazquez898@gmail.com;Leirev281!
9321;maribel.luisina188@outlook.com;Maribe365_
9322;lara.albero819@hotmail.com;Laraal594123
9323;nicanor.olivares875@yahoo.com;Nicano553!
9324;godofredo.gonzalo668@yahoo.com;Godofr655!
9325;encarnita.bernal225@hotmail.com;Encarn5302026
9326;eva.de969@outlook.com;Evadep807_
9327;agustina.penavillar80@gmail.com;Agusti630_
9328;dani.manzanares986@yahoo.com;Danima186@
9329;rosalia.del558@outlook.com;Rosali798@
9330;manuela.iborra78@gmail.com;Manuel507123
9331;felix.pareja46@yahoo.com;Felixp991@
9332;emilia.juan240@gmail.com;Emilia9402026
9333;tere.arevalogallart412@hotmail.com;Terear910123
9334;luisina.carbo251@hotmail.com;Luisin309@
9335;duilio.castro761@outlook.com;Duilio175#
9336;martirio.sosa688@yahoo.com;Martir243_
9337;griselda.beldasuarez465@outlook.com;Grisel863@
9338;rosenda.santamaria801@yahoo.com;Rosend660123
9339;timoteo.florentino537@hotmail.com;Timote295@
9340;ruperta.sacristan156@hotmail.com;Rupert387!
9341;hipolito.riquelme884@hotmail.com;Hipoli806!
9342;josep.verdejo830@gmail.com;Josepv537_
9343;gabriela.nilda647@yahoo.com;Gabrie695123
9344;cloe.falcon235@gmail.com;Cloefa281123
9345;aitor.almeidanicolau159@yahoo.com;Aitora3622026
9346;juliana.garateguillen272@yahoo.com;Julian462123
9347;pastor.carbo78@outlook.com;Pastor3922026
9348;ruperto.remigio354@hotmail.com;Rupert182_
9349;judith.salcedo650@hotmail.com;Judith920@
9350;belen.fernandez528@gmail.com;Belenf277!
9351;yaiza.chaparro775@outlook.com;Yaizac759!
9352;delfina.chico561@outlook.com;Delfin371123
9353;dionisio.pena240@gmail.com;Dionis8042026
9354;adelardo.eliasferrandez753@gmail.com;Adelar137@
9355;ovidio.alamo513@yahoo.com;Ovidio2392026
9356;evita.castro824@yahoo.com;Evitac987#
9357;camilo.del338@hotmail.com;Camilo944!
9358;graciela.riba176@hotmail.com;Gracie216123
9359;fermin.conesa424@gmail.com;Fermin354!
9360;juanita.casanovas836@hotmail.com;Juanit456_
9361;clara.rozas773@gmail.com;Clarar498#
9362;adelina.cid392@outlook.com;Adelin607123
9363;augusto.echeverriapla676@yahoo.com;August469_
9364;jessica.serrarodriguez751@yahoo.com;Jessic3132026
9365;pablo.macias768@hotmail.com;Pablom929#
9366;ignacio.gimenez739@yahoo.com;Ignaci814@
9367;melania.del242@outlook.com;Melani531!
9368;santos.salvador146@yahoo.com;Santos333@
9369;oriana.figuerasguzman804@gmail.com;Oriana5042026
9370;abilio.marquez488@yahoo.com;Abilio494_
9371;almudena.casado943@outlook.com;Almude2522026
9372;agustina.tamarit778@gmail.com;Agusti648123
9373;zaira.valentin832@yahoo.com;Zairav1882026
9374;francisco.javier749@outlook.com;Franci445#
9375;isidro.sorianocano99@gmail.com;Isidro828#
9376;flor.romeu852@hotmail.com;Florro568123
9377;joaquina.castro198@hotmail.com;Joaqui211_
9378;selena.calixta876@hotmail.com;Selena154!
9379;perlita.roman171@gmail.com;Perlit788_
9380;bartolome.catalan76@gmail.com;Bartol596123
9381;santiago.faustino310@outlook.com;Santia800_
9382;tomasa.quero254@outlook.com;Tomasa421123
9383;luis.alemany428@yahoo.com;Luisal590@
9384;bernardita.santana578@yahoo.com;Bernar553#
9385;segismundo.cid363@hotmail.com;Segism257123
9386;anunciacion.ribas481@hotmail.com;Anunci702@
9387;ariel.escriva51@yahoo.com;Ariele133#
9388;lucas.llorente249@yahoo.com;Lucasl925123
9389;xiomara.del862@gmail.com;Xiomar207_
9390;javiera.carro71@hotmail.com;Javier566!
9391;pili.de774@hotmail.com;Pilide683#
9392;luciano.salamanca224@gmail.com;Lucian1782026
9393;lourdes.acuna64@outlook.com;Lourde309_
9394;natalio.clavero165@hotmail.com;Natali336@
9395;mariana.hernando557@yahoo.com;Marian613123
9396;ignacia.gabaldon76@yahoo.com;Ignaci339@
9397;olga.tecla224@outlook.com;Olgate574!
9398;florencio.gimenez975@outlook.com;Floren8152026
9399;valentin.gibert864@gmail.com;Valent637#
9400;eusebio.costa415@yahoo.com;Eusebi459@
9401;benito.baeza821@gmail.com;Benito696#
9402;azucena.fonseca438@outlook.com;Azucen600@
9403;octavio.xavier78@hotmail.com;Octavi535@
9404;fanny.barbero832@outlook.com;Fannyb206@
9405;angel.jose316@hotmail.com;Angelj4132026
9406;celso.garrigaperez659@gmail.com;Celsog864#
9407;evita.mayte79@gmail.com;Evitam340_
9408;pepito.bermejo382@outlook.com;Pepito781_
9409;elodia.zabala291@yahoo.com;Elodia179123
9410;sandra.duenas125@yahoo.com;Sandra172@
9411;federico.galindovalero58@hotmail.com;Federi961123
9412;evangelina.pags323@yahoo.com;Evange484@
9413;elba.agustinramos163@hotmail.com;Elbaag406@
9414;eustaquio.atilio627@yahoo.com;Eustaq538!
9415;teresa.peralta998@gmail.com;Teresa997@
9416;lope.lozano288@gmail.com;Lopelo638!
9417;cesar.valera808@gmail.com;Cesarv512123
9418;agueda.vilar800@hotmail.com;Agueda9332026
9419;ceferino.duenas198@gmail.com;Ceferi242_
9420;juan.antonio706@gmail.com;Juanan618!
9421;felix.gil497@hotmail.com;Felixg820123
9422;hernan.maestre537@yahoo.com;Hernan833_
9423;paz.feliu364@gmail.com;Pazfel3572026
9424;bartolome.teruel471@gmail.com;Bartol452!
9425;obdulia.castrillo598@outlook.com;Obduli6132026
9426;leocadio.camino139@gmail.com;Leocad321!
9427;jordan.fuente109@hotmail.com;Jordan965!
9428;pia.saez803@yahoo.com;Piasae914!
9429;leandro.basilio546@outlook.com;Leandr483@
9430;maria.angeles41@yahoo.com;Mariaa917!
9431;ezequiel.solano351@yahoo.com;Ezequi490@
9432;isidro.anastasio310@gmail.com;Isidro514123
9433;venceslas.garcia701@yahoo.com;Vences830123
9434;elvira.cal423@gmail.com;Elvira711!
9435;macaria.cecilia758@yahoo.com;Macari202123
9436;chema.ballester345@outlook.com;Chemab640123
9437;milagros.tiradoalvaro767@gmail.com;Milagr8092026
9438;victoria.yuste661@hotmail.com;Victor609_
9439;lupita.penas323@yahoo.com;Lupita9752026
9440;cipriano.buendia426@outlook.com;Cipria231_
9441;florencia.fortunata77@hotmail.com;Floren416#
9442;victoriano.heliodoro737@gmail.com;Victor6152026
9443;panfilo.marino106@outlook.com;Panfil366_
9444;trinidad.chico797@hotmail.com;Trinid6822026
9445;chuy.bernabe18@outlook.com;Chuybe335!
9446;perlita.duenas974@gmail.com;Perlit238@
9447;petrona.ursula104@yahoo.com;Petron8192026
9448;silvio.murcia874@gmail.com;Silvio943_
9449;chus.zamorano556@outlook.com;Chusza550!
9450;dario.carreras369@hotmail.com;Darioc399@
9451;nidia.acuna378@gmail.com;Nidiaa435_
9452;renata.davila293@hotmail.com;Renata908!
9453;dalila.becerra751@outlook.com;Dalila9982026
9454;estefania.vina444@gmail.com;Estefa8642026
9455;timoteo.rogelio948@hotmail.com;Timote822@
9456;emiliana.haro982@gmail.com;Emilia8072026
9457;duilio.kike16@outlook.com;Duilio246#
9458;arcelia.arcelia829@outlook.com;Arceli680@
9459;santiago.agustin827@gmail.com;Santia610123
9460;victor.madrid479@gmail.com;Victor313@
9461;juan.bautista933@yahoo.com;Juanba3602026
9462;adelina.busquets70@gmail.com;Adelin413@
9463;modesto.anton283@outlook.com;Modest193#
9464;balduino.luquebarragan458@yahoo.com;Baldui394#
9465;adelia.perabru979@outlook.com;Adelia8072026
9466;jose.ramon968@outlook.com;Josera359_
9467;rafael.nando537@hotmail.com;Rafael121#
9468;silvia.luz46@gmail.com;Silvia932_
9469;itziar.fuente499@gmail.com;Itziar578#
9470;eugenia.lara36@hotmail.com;Eugeni7582026
9471;jenaro.villaloboscabrero496@hotmail.com;Jenaro145#
9472;francisco.anastasio201@gmail.com;Franci761123
9473;jovita.exposito243@gmail.com;Jovita119@
9474;trinidad.oliver259@yahoo.com;Trinid811#
9475;concepcion.borrego510@yahoo.com;Concep211123
9476;felipe.uribe479@gmail.com;Felipe962123
9477;odalys.caparros623@hotmail.com;Odalys734123
9478;consuelo.tolosa664@outlook.com;Consue182@
9479;desiderio.ricardo437@gmail.com;Deside994123
9480;encarnita.chaves750@yahoo.com;Encarn869@
9481;eli.martinez528@yahoo.com;Elimar217!
9482;irma.haro984@outlook.com;Irmaha774#
9483;gustavo.fabra96@gmail.com;Gustav632#
9484;vinicio.mulet668@outlook.com;Vinici348@
9485;angela.barbera990@yahoo.com;Angela687123
9486;danilo.benitez669@yahoo.com;Danilo449!
9487;hugo.arregui353@outlook.com;Hugoar1192026
9488;nestor.ribera785@hotmail.com;Nestor131!
9489;anselma.infante771@gmail.com;Anselm513_
9490;maria.carmen893@hotmail.com;Mariac512_
9491;aroa.lobato411@hotmail.com;Aroalo248@
9492;sara.lobo981@yahoo.com;Saralo480@
9493;odalys.ariel213@hotmail.com;Odalys229#
9494;carmina.de577@gmail.com;Carmin702@
9495;olivia.campillo439@outlook.com;Olivia989_
9496;maxi.pelaez115@outlook.com;Maxipe106@
9497;juan.luis262@gmail.com;Juanlu245123
9498;custodio.hilario50@yahoo.com;Custod380_
9499;felipe.raul64@hotmail.com;Felipe176@
9500;candela.carrascobarral238@outlook.com;Candel462123
9501;javi.ortuno889@yahoo.com;Javior599123
9502;crescencia.perearoig408@outlook.com;Cresce714#
9503;jose.maria795@outlook.com;Josema608@
9504;elisabet.donoso737@outlook.com;Elisab884!
9505;teo.herberto508@yahoo.com;Teoher980_
9506;salvador.losa203@yahoo.com;Salvad5012026
9507;ernesto.pla309@gmail.com;Ernest884@
9508;esperanza.losa601@gmail.com;Espera355@
9509;chucho.blasco286@outlook.com;Chucho892#
9510;fidela.sabater948@gmail.com;Fidela464!
9511;estefania.santamaria367@hotmail.com;Estefa957#
9512;almudena.milagros180@hotmail.com;Almude311_
9513;maria.fernanda538@yahoo.com;Mariaf281_
9514;anibal.requena976@hotmail.com;Anibal9772026
9515;jose.angel726@outlook.com;Josean882123
9516;bernarda.valero23@outlook.com;Bernar131123
9517;cristobal.carreno776@yahoo.com;Cristo524@
9518;irma.del297@gmail.com;Irmade901@
9519;emiliano.marti897@hotmail.com;Emilia204_
9520;ofelia.barbero29@hotmail.com;Ofelia770@
9521;melisa.mendez483@outlook.com;Melisa874123
9522;loida.daniela941@yahoo.com;Loidad403#
9523;tadeo.vera326@gmail.com;Tadeov107_
9524;quique.jorda129@hotmail.com;Quique5322026
9525;rolando.folch896@outlook.com;Roland646123
9526;lucas.menacortina666@hotmail.com;Lucasm213@
9527;teo.segarra304@yahoo.com;Teoseg333_
9528;lalo.soler625@hotmail.com;Laloso817@
9529;maria.casal743@hotmail.com;Mariac789@
9530;agueda.custodia815@yahoo.com;Agueda5012026
9531;hilario.federico171@yahoo.com;Hilari9312026
9532;ximena.isidora984@yahoo.com;Ximena729_
9533;elisabet.galan549@hotmail.com;Elisab410@
9534;miguel.lobatoprieto729@gmail.com;Miguel347123
9535;eligia.fuertes266@gmail.com;Eligia693_
9536;angelina.nevado430@outlook.com;Angeli436#
9537;vera.teresita288@outlook.com;Verate497!
9538;olegario.suarez364@hotmail.com;Olegar912#
9539;patricio.cisneros390@hotmail.com;Patric836@
9540;maria.cristina204@hotmail.com;Mariac775#
9541;joan.sevillano795@hotmail.com;Joanse9962026
9542;febe.de995@outlook.com;Febede114_
9543;agapito.millanvalera101@outlook.com;Agapit591@
9544;paola.ferrer13@outlook.com;Paolaf612_
9545;leon.aguirre696@outlook.com;Leonag285#
9546;silvia.del277@gmail.com;Silvia604!
9547;magdalena.puente77@outlook.com;Magdal512!
9548;rosenda.almeida375@outlook.com;Rosend684!
9549;gervasio.apolinar777@gmail.com;Gervas228_
9550;lina.merino996@hotmail.com;Liname128@
9551;eliana.gelabert528@hotmail.com;Eliana5532026
9552;maximo.cazorla893@hotmail.com;Maximo8332026
9553;nelida.cerro600@outlook.com;Nelida3042026
9554;iker.camps340@yahoo.com;Ikerca521#
9555;delfina.elorza314@hotmail.com;Delfin9772026
9556;juan.carlos974@hotmail.com;Juanca571_
9557;zaida.pol845@yahoo.com;Zaidap700@
9558;herminio.del361@gmail.com;Hermin162!
9559;morena.fiol219@gmail.com;Morena486123
9560;lupe.vicens195@gmail.com;Lupevi188!
9561;maximo.salvcozar560@outlook.com;Maximo289!
9562;primitivo.nebot208@gmail.com;Primit722_
9563;purificacion.del665@gmail.com;Purifi785!
9564;alejandro.pizarro782@hotmail.com;Alejan950!
9565;iker.leonardo19@gmail.com;Ikerle239_
9566;felicia.bas638@hotmail.com;Felici267@
9567;natalia.tere987@outlook.com;Natali436@
9568;claudia.fernandez613@hotmail.com;Claudi651!
9569;irene.benavent735@hotmail.com;Ireneb901@
9570;marcelo.gaya514@yahoo.com;Marcel117@
9571;ceferino.lobato865@gmail.com;Ceferi4002026
9572;reynaldo.menendez516@yahoo.com;Reynal375123
9573;isabela.tello265@outlook.com;Isabel939123
9574;nilo.barbera551@gmail.com;Niloba240@
9575;nilo.roca681@gmail.com;Niloro902#
9576;maristela.ferrero336@yahoo.com;Marist274!
9577;buenaventura.jordan839@outlook.com;Buenav6872026
9578;fabricio.amo464@yahoo.com;Fabric454!
9579;gabriel.solano487@hotmail.com;Gabrie290123
9580;luis.angel944@gmail.com;Luisan4452026
9581;chita.vilanova31@hotmail.com;Chitav453#
9582;baldomero.arcos456@hotmail.com;Baldom609#
9583;cesar.fuentes376@gmail.com;Cesarf793123
9584;juan.jose437@hotmail.com;Juanjo444#
9585;dimas.cerro483@hotmail.com;Dimasc610@
9586;edgar.calvet644@gmail.com;Edgarc8662026
9587;fabiola.cabanas772@gmail.com;Fabiol265!
9588;francisco.javier176@gmail.com;Franci872@
9589;magdalena.del128@hotmail.com;Magdal946#
9590;zaira.losada36@hotmail.com;Zairal926!
9591;erasmo.segura911@outlook.com;Erasmo6282026
9592;fabio.palomares173@outlook.com;Fabiop696_
9593;ligia.galianopuerta378@yahoo.com;Ligiag903123
9594;tristan.del719@yahoo.com;Trista917123
9595;natanael.sanabria486@hotmail.com;Natana787#
9596;candelaria.de283@outlook.com;Candel2342026
9597;amarilis.pintor601@yahoo.com;Amaril903_
9598;gertrudis.canton97@hotmail.com;Gertru618@
9599;aurelio.falcon51@gmail.com;Aureli679#
9600;aitor.ruanograu423@outlook.com;Aitorr4602026
9601;francisca.manrique534@outlook.com;Franci844!
9602;amparo.saura387@hotmail.com;Amparo202@
9603;aurora.romeroarnal537@hotmail.com;Aurora456@
9604;manola.salgado965@gmail.com;Manola202@
9605;jose.manuel555@hotmail.com;Josema609@
9606;inocencio.quintana97@hotmail.com;Inocen529123
9607;javier.castejon525@gmail.com;Javier910_
9608;pacifica.riospaniagua872@gmail.com;Pacifi317#
9609;rufino.segovia662@outlook.com;Rufino195#
9610;alondra.carmona198@outlook.com;Alondr8252026
9611;bienvenida.pazos435@outlook.com;Bienve110123
9612;ascension.reina16@yahoo.com;Ascens959!
9613;wilfredo.alcoleapedrero807@yahoo.com;Wilfre4642026
9614;marta.vargasmunoz514@yahoo.com;Martav137_
9615;jose.carlos156@outlook.com;Joseca435_
9616;americo.zamorano815@gmail.com;Americ933#
9617;rosalina.marti735@hotmail.com;Rosali502@
9618;dani.amado171@hotmail.com;Daniam989!
9619;inocencio.del414@gmail.com;Inocen277#
9620;albino.vizcainovergara914@hotmail.com;Albino841@
9621;macarena.vera968@outlook.com;Macare224#
9622;consuelo.jauregui252@gmail.com;Consue586#
9623;primitiva.madrigal800@yahoo.com;Primit671@
9624;conrado.zamorano329@gmail.com;Conrad256@
9625;benjamin.pedrosaizquierdo171@gmail.com;Benjam261123
9626;clara.ibanez684@yahoo.com;Clarai446_
9627;ursula.casals186@yahoo.com;Ursula428!
9628;agata.clemente984@yahoo.com;Agatac4282026
9629;juan.luis675@yahoo.com;Juanlu506#
9630;flavia.mancebo776@hotmail.com;Flavia135_
9631;fidela.bejarano777@outlook.com;Fidela599#
9632;maximiano.de728@hotmail.com;Maximi127@
9633;heliodoro.arcos136@yahoo.com;Heliod483@
9634;paloma.aleman339@outlook.com;Paloma9072026
9635;jovita.inmaculada306@yahoo.com;Jovita769123
9636;mariana.barcelo954@yahoo.com;Marian323#
9637;rolando.guerra21@hotmail.com;Roland101!
9638;evelia.roldan273@hotmail.com;Evelia596_
9639;isaura.vianacortina547@outlook.com;Isaura618123
9640;nazaret.modesto163@outlook.com;Nazare6862026
9641;natanael.del823@outlook.com;Natana621#
9642;emilio.gimeno534@outlook.com;Emilio138#
9643;mayte.exposito374@gmail.com;Maytee575#
9644;luciana.ribes133@outlook.com;Lucian4152026
9645;gonzalo.paco103@yahoo.com;Gonzal702#
9646;javier.de187@yahoo.com;Javier755@
9647;jafet.portero166@yahoo.com;Jafetp702@
9648;rosalia.adadia199@outlook.com;Rosali759#
9649;delfina.anton66@outlook.com;Delfin780@
9650;edelmira.concepcion645@hotmail.com;Edelmi801_
9651;maria.dolores297@yahoo.com;Mariad436123
9652;jovita.quintero649@gmail.com;Jovita117!
9653;roldan.pradogoicoechea966@yahoo.com;Roldan353!
9654;palmira.esteban765@hotmail.com;Palmir794#
9655;lupita.del698@outlook.com;Lupita4172026
9656;vilma.estevez566@outlook.com;Vilmae3862026
9657;angeles.blanco183@hotmail.com;Angele569!
9658;baldomero.calderon727@gmail.com;Baldom4212026
9659;manu.mascaro429@yahoo.com;Manuma142123
9660;ana.belen86@yahoo.com;Anabel704@
9661;calisto.plana143@outlook.com;Calist289!
9662;victoria.cozar26@outlook.com;Victor772_
9663;adora.canton110@yahoo.com;Adorac111_
9664;natanael.barrena499@outlook.com;Natana994!
9665;jeremias.terron769@gmail.com;Jeremi250#
9666;tamara.reyalcantara319@hotmail.com;Tamara488!
9667;julieta.pozo31@gmail.com;Juliet3992026
9668;adela.del669@gmail.com;Adelad748123
9669;noe.armas899@yahoo.com;Noearm4412026
9670;carmen.bellido491@hotmail.com;Carmen497_
9671;borja.cabo339@yahoo.com;Borjac1812026
9672;julian.vilanova221@outlook.com;Julian750!
9673;tania.herediaortuno697@gmail.com;Taniah655#
9674;edmundo.domingo394@gmail.com;Edmund420#
9675;juan.bautista462@outlook.com;Juanba210_
9676;lucho.julio972@gmail.com;Luchoj156#
9677;felipe.poza548@hotmail.com;Felipe3062026
9678;amaya.nunez338@hotmail.com;Amayan420#
9679;amada.nino904@outlook.com;Amadan922_
9680;clementina.azeneth284@gmail.com;Clemen296_
9681;pelayo.amador73@yahoo.com;Pelayo218!
9682;berta.ribamarin42@yahoo.com;Bertar5942026
9683;lara.del591@outlook.com;Larade264_
9684;borja.iriartecamps209@gmail.com;Borjai655#
9685;matias.vara667@hotmail.com;Matias297!
9686;silvia.iniesta113@outlook.com;Silvia913!
9687;marc.leocadio924@gmail.com;Marcle407!
9688;brunilda.menendez49@outlook.com;Brunil503#
9689;miriam.pazoscruz169@outlook.com;Miriam796#
9690;manuela.villaverde426@hotmail.com;Manuel4732026
9691;donato.ibanezmora181@yahoo.com;Donato477_
9692;sandra.valcarcel677@yahoo.com;Sandra298123
9693;primitiva.soler476@outlook.com;Primit398123
9694;delia.capdevila621@yahoo.com;Deliac853123
9695;manolo.miguel182@outlook.com;Manolo160_
9696;vanesa.revilla441@yahoo.com;Vanesa125_
9697;alicia.belmonte326@outlook.com;Alicia7352026
9698;camilo.vilaplanabartolome510@hotmail.com;Camilo503#
9699;nicolas.del608@yahoo.com;Nicola137#
9700;hipolito.martorellcabezas757@yahoo.com;Hipoli152123
9701;quique.gelabertguitart593@gmail.com;Quique958123
9702;ernesto.roda837@yahoo.com;Ernest709!
9703;alonso.del918@hotmail.com;Alonso510#
9704;juan.antonio563@outlook.com;Juanan6762026
9705;maria.manuela807@yahoo.com;Mariam303!
9706;ricardo.castells203@gmail.com;Ricard667123
9707;carlito.manu24@yahoo.com;Carlit706123
9708;regulo.belmonte211@yahoo.com;Regulo4552026
9709;remedios.botella847@hotmail.com;Remedi825123
9710;lara.marmol595@gmail.com;Larama337_
9711;miguel.ruiz404@hotmail.com;Miguel197!
9712;apolinar.benitezcarrion793@outlook.com;Apolin5782026
9713;tadeo.pineda407@gmail.com;Tadeop616_
9714;sofia.rodriguez275@outlook.com;Sofiar542!
9715;brigida.carnero148@hotmail.com;Brigid637123
9716;nadia.alonso737@outlook.com;Nadiaa628123
9717;lupe.agustin203@yahoo.com;Lupeag613_
9718;porfirio.alegre133@outlook.com;Porfir168#
9719;guiomar.moreno810@hotmail.com;Guioma7262026
9720;fortunata.botella724@yahoo.com;Fortun122!
9721;jeremias.codina205@hotmail.com;Jeremi888_
9722;esmeralda.salinasespanol48@yahoo.com;Esmera886123
9723;lucila.barros463@yahoo.com;Lucila668123
9724;espiridion.del927@yahoo.com;Espiri899_
9725;rebeca.casanova434@outlook.com;Rebeca633_
9726;renato.del951@hotmail.com;Renato238123
9727;claudia.iriarte944@gmail.com;Claudi480@
9728;jose.manuel527@gmail.com;Josema517_
9729;camilo.riquelme597@outlook.com;Camilo218123
9730;ezequiel.tapia151@yahoo.com;Ezequi861_
9731;pepita.valencia729@hotmail.com;Pepita8742026
9732;melchor.manzano758@hotmail.com;Melcho4392026
9733;fanny.baro411@outlook.com;Fannyb730!
9734;felisa.isidora348@hotmail.com;Felisa8902026
9735;estefania.sans418@outlook.com;Estefa332123
9736;alicia.martin718@gmail.com;Alicia827_
9737;simon.uriarte691@hotmail.com;Simonu179!
9738;yessica.jordantorralba754@yahoo.com;Yessic659!
9739;filomena.gallardo243@hotmail.com;Filome181_
9740;caridad.bibiana35@hotmail.com;Carida9752026
9741;marita.valero397@yahoo.com;Marita1302026
9742;sofia.castello206@hotmail.com;Sofiac445#
9743;ainara.de590@outlook.com;Ainara358@
9744;anacleto.puentepuerta923@yahoo.com;Anacle2862026
9745;adrian.piquer393@gmail.com;Adrian855!
9746;abraham.olmo339@hotmail.com;Abraha321@
9747;miriam.peinado757@yahoo.com;Miriam1122026
9748;marcelo.ibanez495@yahoo.com;Marcel623!
9749;samuel.jodar625@hotmail.com;Samuel4782026
9750;cornelio.pujadas306@outlook.com;Cornel865#
9751;javiera.rocha995@yahoo.com;Javier723!
9752;sol.aznar149@outlook.com;Solazn764!
9753;prudencia.elba763@outlook.com;Pruden817_
9754;pablo.del916@gmail.com;Pablod337!
9755;chus.maestre887@hotmail.com;Chusma317!
9756;jenaro.corbacho196@outlook.com;Jenaro5552026
9757;ramon.armas507@yahoo.com;Ramona6842026
9758;gisela.pedrotamayo999@hotmail.com;Gisela360@
9759;leoncio.espada922@outlook.com;Leonci945_
9760;plinio.sebastian800@hotmail.com;Plinio651!
9761;eufemia.benaventpellicer42@hotmail.com;Eufemi598#
9762;rico.adadia544@gmail.com;Ricoad654_
9763;matias.chavesblazquez356@hotmail.com;Matias388@
9764;maria.fernanda489@yahoo.com;Mariaf625@
9765;andrea.mugica76@hotmail.com;Andrea399_
9766;angelina.nilda904@hotmail.com;Angeli383#
9767;lupita.perla216@gmail.com;Lupita523_
9768;romulo.saldana593@yahoo.com;Romulo190@
9769;benita.bastidavelasco728@gmail.com;Benita490@
9770;jeremias.viana789@hotmail.com;Jeremi829@
9771;teofila.sarabia636@yahoo.com;Teofil879123
9772;desiderio.sanjuan560@hotmail.com;Deside734#
9773;geronimo.coronado402@hotmail.com;Geroni8362026
9774;jose.luis253@hotmail.com;Joselu9892026
9775;hernando.nico949@yahoo.com;Hernan790123
9776;arsenio.criado809@yahoo.com;Arseni417@
9777;hugo.novoa999@yahoo.com;Hugono4912026
9778;tania.escamilla878@gmail.com;Taniae774#
9779;baldomero.bermudez881@yahoo.com;Baldom370#
9780;jesusa.beniteztorres754@outlook.com;Jesusa938!
9781;atilio.chaves81@yahoo.com;Atilio606123
9782;cebrian.hurtado868@outlook.com;Cebria132_
9783;elvira.madrid45@hotmail.com;Elvira462!
9784;albert.gallardo507@outlook.com;Albert416123
9785;edgardo.dominguez805@gmail.com;Edgard780_
9786;eutimio.de126@yahoo.com;Eutimi107@
9787;vidal.pozo246@outlook.com;Vidalp707!
9788;adelina.zapata549@gmail.com;Adelin265123
9789;rosa.rubio879@yahoo.com;Rosaru234123
9790;maria.teresa988@yahoo.com;Mariat563123
9791;pacifica.patino923@outlook.com;Pacifi9482026
9792;augusto.rio632@hotmail.com;August950@
9793;jose.ignacio53@outlook.com;Joseig522_
9794;macaria.checa661@hotmail.com;Macari296_
9795;asuncion.viana387@yahoo.com;Asunci218#
9796;ana.molina485@gmail.com;Anamol190!
9797;alejandra.de698@hotmail.com;Alejan405#
9798;chucho.arevalo575@yahoo.com;Chucho977_
9799;nereida.sevilla85@hotmail.com;Nereid938#
9800;angelita.fuster816@gmail.com;Angeli278#
9801;gertrudis.de191@hotmail.com;Gertru168@
9802;micaela.herranz750@gmail.com;Micael946123
9803;anabel.calderon482@outlook.com;Anabel797_
9804;adelina.adelia13@hotmail.com;Adelin4312026
9805;bernarda.roberta336@hotmail.com;Bernar6972026
9806;gregorio.martin80@yahoo.com;Gregor266!
9807;carmina.burgoshernandez177@outlook.com;Carmin337@
9808;tristan.carballogomis750@yahoo.com;Trista536!
9809;jose.carlos359@hotmail.com;Joseca213_
9810;charo.uria25@hotmail.com;Charou947#
9811;virgilio.redondo380@yahoo.com;Virgil184123
9812;adela.tejada913@gmail.com;Adelat543123
9813;serafina.olivares193@yahoo.com;Serafi478#
9814;juana.muro606@hotmail.com;Juanam949@
9815;alberto.almeidanoguera30@gmail.com;Albert7532026
9816;aaron.del861@hotmail.com;Aarond458#
9817;rebeca.aleman64@hotmail.com;Rebeca2942026
9818;flor.maestre994@outlook.com;Florma994#
9819;maria.belen307@hotmail.com;Mariab796@
9820;basilio.espinosa253@outlook.com;Basili942_
9821;jose.angel378@outlook.com;Josean809@
9822;jimena.galvan354@yahoo.com;Jimena987#
9823;teodora.roura435@hotmail.com;Teodor845@
9824;marianela.beltranescudero130@outlook.com;Marian949@
9825;carmelo.oliver482@gmail.com;Carmel132_
9826;melisa.santamaria396@yahoo.com;Melisa633#
9827;veronica.santamaria846@outlook.com;Veroni736#
9828;olalla.polo733@yahoo.com;Olalla227123
9829;nadia.perallumbreras435@outlook.com;Nadiap949_
9830;dora.figueras286@yahoo.com;Dorafi210#
9831;jeremias.gargallo991@gmail.com;Jeremi5122026
9832;oriana.garcia813@yahoo.com;Oriana875#
9833;carmelo.rivero444@gmail.com;Carmel164_
9834;lino.rocha344@hotmail.com;Linoro441@
9835;alcides.baeza409@yahoo.com;Alcide9302026
9836;maria.caballero293@yahoo.com;Mariac364_
9837;jose.manuel79@gmail.com;Josema546_
9838;lara.redondo48@outlook.com;Larare8282026
9839;pedro.miguel39@yahoo.com;Pedrom440!
9840;pelayo.aureliano417@hotmail.com;Pelayo3182026
9841;amaro.galindo918@hotmail.com;Amarog554!
9842;pancho.jaume534@outlook.com;Pancho171@
9843;martina.castello824@gmail.com;Martin982#
9844;iris.baro89@yahoo.com;Irisba781#
9845;juan.manuel939@outlook.com;Juanma385#
9846;borja.villalobos636@hotmail.com;Borjav150@
9847;estela.batlle227@hotmail.com;Estela432_
9848;yessica.lobo736@outlook.com;Yessic519@
9849;azeneth.de159@outlook.com;Azenet302_
9850;julian.alberola33@hotmail.com;Julian383@
9851;roldan.barrios346@outlook.com;Roldan554!
9852;rufina.diego93@yahoo.com;Rufina5112026
9853;dani.giraltaznar720@hotmail.com;Danigi157#
9854;josue.abril178@outlook.com;Josuea598123
9855;africa.iriarte803@yahoo.com;Africa994#
9856;fabian.gonzalo437@hotmail.com;Fabian634123
9857;lucho.lucas330@yahoo.com;Luchol791123
9858;visitacion.vicens792@gmail.com;Visita9802026
9859;loida.ferrera399@outlook.com;Loidaf315!
9860;rafaela.peralmorillo168@hotmail.com;Rafael254@
9861;anna.de773@yahoo.com;Annade743@
9862;magdalena.alba227@gmail.com;Magdal113#
9863;carmelo.pineiro854@outlook.com;Carmel444_
9864;oscar.martinez671@outlook.com;Oscarm745@
9865;eugenia.vidal921@yahoo.com;Eugeni839!
9866;carina.cecilia962@hotmail.com;Carina7652026
9867;abel.padilla176@hotmail.com;Abelpa983_
9868;bienvenida.pou355@outlook.com;Bienve9662026
9869;hortensia.sebastian131@outlook.com;Horten249!
9870;abraham.ros384@outlook.com;Abraha397!
9871;timoteo.del543@gmail.com;Timote1782026
9872;anacleto.tellez841@gmail.com;Anacle894_
9873;cesar.mansoaramburu105@yahoo.com;Cesarm603123
9874;sosimo.lobo950@outlook.com;Sosimo278!
9875;barbara.gelabertrey968@yahoo.com;Barbar4682026
9876;inocencio.herberto426@outlook.com;Inocen242_
9877;marciano.ribas210@hotmail.com;Marcia7932026
9878;albina.penalver14@outlook.com;Albina587!
9879;flora.casado514@outlook.com;Florac279_
9880;horacio.murcia414@outlook.com;Horaci730#
9881;seve.checa299@yahoo.com;Sevech449@
9882;nieves.corominas860@yahoo.com;Nieves509!
9883;ciriaco.dalmau735@outlook.com;Ciriac328#
9884;aitana.redondo602@gmail.com;Aitana461123
9885;erasmo.moles322@gmail.com;Erasmo683#
9886;sofia.daza452@gmail.com;Sofiad645@
9887;samanta.camps54@outlook.com;Samant8262026
9888;sebastian.domingobriones361@outlook.com;Sebast324@
9889;perlita.avilesleon320@yahoo.com;Perlit939_
9890;sabas.milla994@gmail.com;Sabasm959!
9891;agueda.sanjuan32@outlook.com;Agueda178@
9892;hector.de776@hotmail.com;Hector797!
9893;baudelio.nino500@gmail.com;Baudel836_
9894;marcio.barros963@outlook.com;Marcio732@
9895;octavia.giner55@hotmail.com;Octavi352@
9896;felipa.adadia763@hotmail.com;Felipa437_
9897;raul.gayaheredia643@yahoo.com;Raulga681123
9898;leocadia.aranda107@outlook.com;Leocad361_
9899;jacinto.badia626@yahoo.com;Jacint432!
9900;jeronimo.castrillo375@outlook.com;Jeroni4792026
9901;emilia.blanch715@hotmail.com;Emilia6732026
9902;dulce.rozas340@gmail.com;Dulcer201#
9903;jesus.barros282@gmail.com;Jesusb205_
9904;sigfrido.terron642@outlook.com;Sigfri369!
9905;eleuterio.iglesias830@gmail.com;Eleute434@
9906;marcelino.aguirre996@hotmail.com;Marcel692_
9907;angelina.rivas495@hotmail.com;Angeli884@
9908;jose.carlos44@yahoo.com;Joseca108_
9909;roque.diez977@hotmail.com;Roqued651123
9910;hilario.prats320@yahoo.com;Hilari5232026
9911;geronimo.pazos507@gmail.com;Geroni541_
9912;florencia.balaguer512@yahoo.com;Floren579@
9913;agustina.pizarro51@yahoo.com;Agusti502@
9914;violeta.emilia231@gmail.com;Violet124!
9915;juan.francisco933@gmail.com;Juanfr8062026
9916;martin.de805@yahoo.com;Martin371@
9917;che.vizcaino904@yahoo.com;Cheviz633123
9918;poncio.figueroa585@yahoo.com;Poncio9872026
9919;xiomara.riquelme660@yahoo.com;Xiomar991!
9920;miguel.angel248@yahoo.com;Miguel409123
9921;selena.palau434@outlook.com;Selena441_
9922;javi.torrent53@outlook.com;Javito657#
9923;natanael.manuel985@hotmail.com;Natana898123
9924;margarita.tamarit329@gmail.com;Margar8442026
9925;sigfrido.campos682@yahoo.com;Sigfri4712026
9926;flavia.garciacadenas863@gmail.com;Flavia182123
9927;maria.del873@gmail.com;Mariad468_
9928;almudena.saturnina967@gmail.com;Almude466_
9929;marino.mora533@outlook.com;Marino105_
9930;raul.alcolea183@gmail.com;Raulal871123
9931;fabricio.barrosvall278@yahoo.com;Fabric946#
9932;galo.pino435@outlook.com;Galopi424123
9933;rodrigo.andrade636@gmail.com;Rodrig206!
9934;iban.jaume141@gmail.com;Ibanja321!
9935;eugenio.alberdi912@yahoo.com;Eugeni498_
9936;melania.alamo453@gmail.com;Melani286!
9937;anselmo.nicolau911@hotmail.com;Anselm113123
9938;nilo.escribano333@outlook.com;Niloes520#
9939;obdulia.leon618@outlook.com;Obduli905123
9940;reyna.morales999@outlook.com;Reynam349_
9941;marta.del296@hotmail.com;Martad160_
9942;leonor.carrera902@yahoo.com;Leonor476!
9943;violeta.del697@hotmail.com;Violet776!
9944;emiliano.cobo75@yahoo.com;Emilia190!
9945;custodia.lucas687@hotmail.com;Custod248_
9946;leire.herrera913@gmail.com;Leireh584#
9947;clotilde.quero646@yahoo.com;Clotil8922026
9948;regina.davila606@hotmail.com;Regina713_
9949;eliseo.oliverroyo355@yahoo.com;Eliseo262!
9950;trinidad.sales856@gmail.com;Trinid928!
9951;borja.nicolas566@yahoo.com;Borjan180123
9952;cloe.jurado502@hotmail.com;Cloeju1922026
9953;ana.belen839@outlook.com;Anabel249123
9954;genoveva.penas452@gmail.com;Genove881#
9955;elodia.baron508@gmail.com;Elodia915@
9956;hipolito.anglada364@yahoo.com;Hipoli699123
9957;augusto.anastasio803@outlook.com;August146#
9958;gonzalo.jaencasanovas739@yahoo.com;Gonzal487_
9959;aristides.pazos612@gmail.com;Aristi356_
9960;natalio.de32@gmail.com;Natali867123
9961;herminio.gabaldon390@gmail.com;Hermin956!
9962;nicolas.conde551@hotmail.com;Nicola417_
9963;elisa.gamez400@yahoo.com;Elisag727#
9964;kike.del355@hotmail.com;Kikede520123
9965;hector.de445@gmail.com;Hector454!
9966;cirino.burgos68@hotmail.com;Cirino432#
9967;joel.soriano68@outlook.com;Joelso243!
9968;tamara.de486@yahoo.com;Tamara444_
9969;matilde.soriano341@yahoo.com;Matild221#
9970;jose.angel550@yahoo.com;Josean1832026
9971;yaiza.fabregat148@gmail.com;Yaizaf6652026
9972;manola.estefania639@hotmail.com;Manola118_
9973;jessica.roma126@outlook.com;Jessic560@
9974;german.palma828@outlook.com;German873@
9975;isaura.alegriacarnero564@gmail.com;Isaura8212026
9976;socorro.checa905@yahoo.com;Socorr801#
9977;miguela.gutierrez522@outlook.com;Miguel948@
9978;reyna.del321@gmail.com;Reynad777123
9979;luis.cabezas571@yahoo.com;Luisca498_
9980;gisela.de726@gmail.com;Gisela875#
9981;francisco.quesada962@gmail.com;Franci6142026
9982;valero.abascal912@gmail.com;Valero793#
9983;maite.tamayo972@gmail.com;Maitet3622026
9984;anastasia.de607@hotmail.com;Anasta3252026
9985;isabel.emperatriz173@yahoo.com;Isabel782!
9986;pancho.rocamora967@yahoo.com;Pancho1362026
9987;urbano.corteshoyos456@hotmail.com;Urbano251123
9988;diana.aurea265@yahoo.com;Dianaa790_
9989;joaquina.elodia238@yahoo.com;Joaqui994!
9990;jose.luis733@hotmail.com;Joselu615_
9991;candida.fernandez281@yahoo.com;Candid684_
9992;fanny.candelaria83@hotmail.com;Fannyc492123
9993;lorena.miralles102@hotmail.com;Lorena6552026
9994;maria.manuela36@gmail.com;Mariam483!
9995;irene.manjon910@gmail.com;Irenem887!
9996;augusto.olmo686@hotmail.com;August989@
9997;olimpia.de133@gmail.com;Olimpi9062026
9998;aurea.antonguerrero388@outlook.com;Aureaa3072026
9999;natanael.rios884@gmail.com;Natana320!
10000;casandra.villalobos352@outlook.com;Casand221!
10001;valentina.de583@hotmail.com;Valent173!
10002;claudia.del543@gmail.com;Claudi473#
10003;asdrubal.hector949@outlook.com;Asdrub1792026
10004;susanita.cuencatellez114@hotmail.com;Susani214123
10005;pepe.hervas886@gmail.com;Pepehe446#
10006;salomon.porcelaliaga574@gmail.com;Salomo707@
10007;cruz.barroso764@outlook.com;Cruzba611!
10008;gaspar.barros394@gmail.com;Gaspar216@
10009;ester.casado761@yahoo.com;Esterc958!
10010;jennifer.manuel821@yahoo.com;Jennif996!
10011;encarnacion.almagro537@hotmail.com;Encarn529123
10012;felicia.de992@yahoo.com;Felici372!
10013;ruy.perez177@yahoo.com;Ruyper955123
10014;fabiola.alvarado884@yahoo.com;Fabiol277#
10015;rocio.sierra262@yahoo.com;Rocios949#
10016;poncio.bernadnaranjo523@hotmail.com;Poncio781_
10017;efrain.tapia832@gmail.com;Efrain272_
10018;marcos.casanovas185@hotmail.com;Marcos200#
10019;loreto.leal737@yahoo.com;Loreto744@
10020;etelvina.carreras656@gmail.com;Etelvi129!
10021;jacinto.segura160@gmail.com;Jacint367@
10022;cebrian.cecilio127@yahoo.com;Cebria986_
10023;felicidad.perla330@yahoo.com;Felici873@
10024;jesusa.de921@gmail.com;Jesusa872_
10025;pelayo.heras478@outlook.com;Pelayo156#
10026;pio.bonet510@gmail.com;Piobon943@
10027;lupita.valencia203@yahoo.com;Lupita410_
10028;yago.cordero466@hotmail.com;Yagoco659!
10029;ignacio.jimenez555@yahoo.com;Ignaci957123
10030;benigna.borrego959@hotmail.com;Benign547@
10031;victorino.del273@hotmail.com;Victor159_
10032;nilo.echevarria481@hotmail.com;Niloec957123
10033;leonardo.solis66@gmail.com;Leonar639!
10034;jorge.losa838@hotmail.com;Jorgel182@
10035;paloma.quirogacatala234@hotmail.com;Paloma180#
10036;soraya.carrasco532@outlook.com;Soraya367123
10037;manu.gonzalobermudez36@gmail.com;Manugo3892026
10038;segismundo.paez119@yahoo.com;Segism941@
10039;emelina.ferrero818@yahoo.com;Emelin749_
10040;gervasio.vaqueromarcos586@gmail.com;Gervas150123
10041;amaro.cozar684@gmail.com;Amaroc514!
10042;arturo.del528@gmail.com;Arturo597123
10043;lisandro.de999@hotmail.com;Lisand1152026
10044;nando.munoz551@outlook.com;Nandom400!
10045;amalia.bartolomegalindo362@hotmail.com;Amalia700@
10046;marco.manzanares464@gmail.com;Marcom100!
10047;ruth.piedad491@yahoo.com;Ruthpi3372026
10048;regina.bayo577@yahoo.com;Regina199#
10049;estefania.de682@outlook.com;Estefa448123
10050;tiburcio.armengol419@hotmail.com;Tiburc859@
10051;elias.yuste787@yahoo.com;Eliasy215@
10052;valentina.garzon758@outlook.com;Valent993123
10053;yessica.del866@outlook.com;Yessic609#
10054;maximiliano.de494@yahoo.com;Maximi649#
10055;merche.bautista58@yahoo.com;Merche762123
10056;manuel.del202@hotmail.com;Manuel240!
10057;nadia.escolano620@hotmail.com;Nadiae151@
10058;pepito.moles218@yahoo.com;Pepito5702026
10059;efrain.losa666@hotmail.com;Efrain316#
10060;fortunato.saturnino669@gmail.com;Fortun984_
10061;ileana.fernandez426@outlook.com;Ileana6522026
10062;jordi.sierra559@outlook.com;Jordis632123
10063;ciriaco.galiano662@hotmail.com;Ciriac887!
10064;eva.maria531@outlook.com;Evamar4292026
10065;esteban.fonseca405@outlook.com;Esteba775@
10066;xavier.de298@gmail.com;Xavier734@
10067;duilio.piquer385@outlook.com;Duilio3662026
10068;emiliana.salas873@gmail.com;Emilia893_
10069;nuria.pinol555@gmail.com;Nuriap890@
10070;benito.parra530@gmail.com;Benito848123
10071;angelina.del680@yahoo.com;Angeli143#
10072;daniel.alsina285@outlook.com;Daniel499#
10073;aitana.tapia603@hotmail.com;Aitana762!
10074;marcelino.cabrero437@hotmail.com;Marcel6012026
10075;victoria.zamora715@outlook.com;Victor951123
10076;aurelio.tena863@outlook.com;Aureli845!
10077;hugo.donoso589@yahoo.com;Hugodo182123
10078;espiridion.del590@hotmail.com;Espiri542_
10079;azahara.fabrasandoval828@yahoo.com;Azahar780!
10080;miguel.angel633@hotmail.com;Miguel363@
10081;ale.anayabosch867@hotmail.com;Aleana368123
10082;rosalinda.pulido385@yahoo.com;Rosali349@
10083;nuria.hernando941@hotmail.com;Nuriah330@
10084;rocio.de723@yahoo.com;Rociod231_
10085;maria.luisa890@outlook.com;Marial5902026
10086;desiderio.riba802@yahoo.com;Deside138@
10087;lorenzo.menendez730@outlook.com;Lorenz352_
10088;aitana.calderon662@outlook.com;Aitana336123
10089;prudencio.del908@hotmail.com;Pruden195#
10090;azucena.aranda853@gmail.com;Azucen864123
10091;perla.olmedo448@gmail.com;Perlao470@
10092;eusebio.morcillo951@gmail.com;Eusebi331@
10093;maximiano.rodenassalas319@gmail.com;Maximi463_
10094;sandalio.salazar880@hotmail.com;Sandal326_
10095;sigfrido.del264@yahoo.com;Sigfri4052026
10096;fernanda.del672@outlook.com;Fernan742!
10097;bernabe.montes248@outlook.com;Bernab933#
10098;elias.cepedaescriva37@outlook.com;Eliasc6662026
10099;eva.maria798@yahoo.com;Evamar665!
10100;quique.corral584@outlook.com;Quique165!
10101;gabriela.domingo607@yahoo.com;Gabrie717_
10102;juan.pablo573@hotmail.com;Juanpa148#
10103;che.ramirez476@outlook.com;Cheram408!
10104;sancho.buenocanovas534@yahoo.com;Sancho613@
10105;florentino.mugica213@gmail.com;Floren157#
10106;maria.belen134@yahoo.com;Mariab543!
10107;melisa.almazan795@hotmail.com;Melisa976#
10108;eduardo.pavon942@yahoo.com;Eduard144#
10109;maria.fernanda80@outlook.com;Mariaf133123
10110;laura.coll330@outlook.com;Laurac897_
10111;manuelita.angulo223@outlook.com;Manuel229!
10112;lilia.cespedes146@gmail.com;Liliac407@
10113;xavier.del266@yahoo.com;Xavier198_
10114;amador.llanos652@hotmail.com;Amador789_
10115;ascension.laguna248@gmail.com;Ascens929123
10116;matias.calleja629@yahoo.com;Matias657123
10117;malena.hurtado99@outlook.com;Malena113!
10118;yessica.pineiro209@yahoo.com;Yessic694123
10119;dimas.tamayo526@yahoo.com;Dimast582123
10120;gabriela.portero182@outlook.com;Gabrie289@
10121;nico.nogueiraarregui886@gmail.com;Nicono690@
10122;calisto.barcena386@outlook.com;Calist830@
10123;fabiola.caceres391@outlook.com;Fabiol1212026
10124;rodolfo.cesar541@gmail.com;Rodolf107!
10125;elpidio.raya968@gmail.com;Elpidi5132026
10126;leonardo.reina32@hotmail.com;Leonar920!
10127;yolanda.flores230@gmail.com;Yoland2722026
10128;nazario.villalobos81@gmail.com;Nazari453#
10129;mariano.armas589@hotmail.com;Marian2172026
10130;ainara.del248@yahoo.com;Ainara757!
10131;eusebia.zuritacabrera196@hotmail.com;Eusebi786@
10132;nilo.llorens722@outlook.com;Niloll240!
10133;barbara.jaume687@gmail.com;Barbar737_
10134;amor.segui688@yahoo.com;Amorse5492026
10135;carmina.gimenez743@hotmail.com;Carmin804123
10136;pio.pascualgaliano945@yahoo.com;Piopas5342026
10137;alba.novoa203@yahoo.com;Albano863_
10138;ciriaco.cortes446@outlook.com;Ciriac856!
10139;saturnino.baron575@hotmail.com;Saturn153#
10140;abilio.santos56@hotmail.com;Abilio156#
10141;eutimio.edelmiro236@gmail.com;Eutimi6602026
10142;pio.julio997@yahoo.com;Piojul459123
10143;dani.colomer47@outlook.com;Danico411123
10144;pepito.heraclio31@gmail.com;Pepito248_
10145;severo.baeza203@hotmail.com;Severo791@
10146;cesar.gallardo959@yahoo.com;Cesarg798@
10147;benito.camara650@gmail.com;Benito128!
10148;leticia.flores750@yahoo.com;Letici975_
10149;ainoa.bartolome150@outlook.com;Ainoab439123
10150;efrain.pareja311@yahoo.com;Efrain658#
10151;marina.otero55@hotmail.com;Marina908@
10152;carlos.rivera845@outlook.com;Carlos508123
10153;bonifacio.palominogilabert856@hotmail.com;Bonifa528#
10154;ciriaco.hierro248@yahoo.com;Ciriac842#
10155;irene.romeu399@yahoo.com;Irener9392026
10156;fabio.de897@gmail.com;Fabiod229!
10157;sebastian.galindo44@gmail.com;Sebast352_
10158;gertrudis.marin280@hotmail.com;Gertru149_
10159;macaria.solis526@outlook.com;Macari809#
10160;mercedes.de17@outlook.com;Merced799#
10161;gaspar.bermejo295@outlook.com;Gaspar834123
10162;ulises.feliu753@hotmail.com;Ulises253!
10163;sabas.gutierrez282@hotmail.com;Sabasg720_
10164;hipolito.del239@gmail.com;Hipoli486!
10165;soledad.de607@hotmail.com;Soleda988!
10166;celestino.marino652@gmail.com;Celest770@
10167;bernarda.anglada971@hotmail.com;Bernar7952026
10168;lino.guillen92@gmail.com;Linogu691@
10169;moreno.garcia781@gmail.com;Moreno983!
10170;martin.del876@yahoo.com;Martin3512026
10171;reina.gargallo87@outlook.com;Reinag100#
10172;saturnino.prats287@outlook.com;Saturn5592026
10173;santos.leiva143@gmail.com;Santos165@
10174;maximo.alvarez736@hotmail.com;Maximo859123
10175;cornelio.leonprieto529@outlook.com;Cornel778!
10176;bautista.pina416@yahoo.com;Bautis414_
10177;severo.giner529@outlook.com;Severo560_
10178;lino.quintero451@outlook.com;Linoqu974123
10179;godofredo.mayoral881@hotmail.com;Godofr9052026
10180;vanesa.eulalia510@hotmail.com;Vanesa671123
10181;edelmira.aliagaripoll165@yahoo.com;Edelmi4192026
10182;renato.osuna411@outlook.com;Renato640123
10183;remedios.lucia218@gmail.com;Remedi682#
10184;etelvina.cozarpablo144@hotmail.com;Etelvi172123
10185;cayetano.leivacarro973@outlook.com;Cayeta160#
10186;elisa.carrera44@outlook.com;Elisac261@
10187;yaiza.hervia124@hotmail.com;Yaizah5332026
10188;eufemia.montana218@gmail.com;Eufemi7482026
10189;pastor.otero327@hotmail.com;Pastor246_
10190;eutimio.salvador607@gmail.com;Eutimi920!
10191;severiano.del373@gmail.com;Severi750@
10192;vidal.villanueva302@yahoo.com;Vidalv184#
10193;matias.glauco461@outlook.com;Matias592#
10194;almudena.garriga80@outlook.com;Almude185#
10195;lara.isidora120@gmail.com;Larais159123
10196;graciano.del968@gmail.com;Gracia951_
10197;serafina.jimenez29@outlook.com;Serafi4202026
10198;regulo.lerma606@outlook.com;Regulo207#
10199;valentina.diez507@outlook.com;Valent213@
10200;walter.del534@gmail.com;Walter809!
10201;veronica.montserrat478@outlook.com;Veroni480!
10202;rosaura.vilar597@outlook.com;Rosaur3592026
10203;elias.benavent326@yahoo.com;Eliasb746!
10204;rosalia.maestre869@hotmail.com;Rosali969#
10205;alejandra.gironlaguna512@outlook.com;Alejan386@
10206;jose.luis779@gmail.com;Joselu613#
10207;saturnina.salom602@yahoo.com;Saturn583#
10208;jose.angel276@gmail.com;Josean794@
10209;nestor.lerma843@gmail.com;Nestor579_
10210;guiomar.pinto901@outlook.com;Guioma7872026
10211;jose.manuel278@outlook.com;Josema551_
10212;agueda.salgado797@yahoo.com;Agueda424_
10213;debora.colompiquer807@hotmail.com;Debora476123
10214;ciro.gonzalo773@yahoo.com;Cirogo1422026
10215;consuelo.yanez822@hotmail.com;Consue2972026
10216;anacleto.maldonado717@yahoo.com;Anacle3552026
10217;asuncion.sebastian480@yahoo.com;Asunci337#
10218;bienvenida.concha230@yahoo.com;Bienve592#
10219;liliana.montesinos608@yahoo.com;Lilian156#
10220;narcisa.fortuny501@outlook.com;Narcis385#
10221;cesar.amilcar13@hotmail.com;Cesara2962026
10222;luisina.gordillopalmer364@gmail.com;Luisin5282026
10223;joaquin.almansa223@hotmail.com;Joaqui656123
10224;febe.aller347@outlook.com;Febeal407#
10225;cosme.morera66@gmail.com;Cosmem165!
10226;julio.cesar784@outlook.com;Julioc972_
10227;luis.miguel102@gmail.com;Luismi6802026
10228;dora.exposito682@outlook.com;Doraex828!
10229;petrona.sebastian904@hotmail.com;Petron640@
10230;amilcar.isern869@yahoo.com;Amilca228!
10231;heliodoro.del925@outlook.com;Heliod792!
10232;emiliano.almeida263@hotmail.com;Emilia289#
10233;gil.borrego549@yahoo.com;Gilbor543!
10234;arcelia.bustos947@gmail.com;Arceli581_
10235;danilo.banos268@yahoo.com;Danilo935123
10236;alma.rosalva159@hotmail.com;Almaro785!
10237;jaime.ibanez539@gmail.com;Jaimei934@
10238;jessica.gamez905@gmail.com;Jessic343123
10239;lupita.pedrosa631@outlook.com;Lupita7812026
10240;leire.sacristan921@outlook.com;Leires323123
10241;candelario.sosa341@hotmail.com;Candel8802026
10242;xiomara.hurtado525@hotmail.com;Xiomar383@
10243;julia.puig55@gmail.com;Juliap827123
10244;eleuterio.sabas430@outlook.com;Eleute503@
10245;lola.raquel989@hotmail.com;Lolara220@
10246;marisa.valenciano398@outlook.com;Marisa964123
10247;dolores.alvarez345@hotmail.com;Dolore955#
10248;abigail.mercader980@hotmail.com;Abigai313_
10249;ruth.trujillo494@hotmail.com;Ruthtr699123
10250;ursula.vega896@outlook.com;Ursula912@
10251;juan.bautista896@outlook.com;Juanba177#
10252;francisco.javier188@outlook.com;Franci312!
10253;nerea.gascon75@gmail.com;Nereag841#
10254;jacinto.valero763@outlook.com;Jacint734#
10255;gustavo.dominguez829@gmail.com;Gustav4602026
10256;nilda.almansa547@hotmail.com;Nildaa752_
10257;geraldo.rossello288@yahoo.com;Gerald934#
10258;cecilio.coll244@gmail.com;Cecili5732026
10259;nicodemo.kike763@hotmail.com;Nicode977_
10260;jordan.cabanas352@yahoo.com;Jordan613_
10261;amaro.prat785@outlook.com;Amarop665123
10262;odalys.lobato700@gmail.com;Odalys196123
10263;baldomero.beltran361@outlook.com;Baldom351123
10264;teofila.nunez952@hotmail.com;Teofil132!
10265;federico.verdugo183@gmail.com;Federi901@
10266;evangelina.lloret598@outlook.com;Evange8602026
10267;pastor.de23@gmail.com;Pastor650@
10268;ceferino.telmo83@yahoo.com;Ceferi530123
10269;eduardo.del856@gmail.com;Eduard813!
10270;tatiana.nogues237@hotmail.com;Tatian297_
10271;inigo.macias645@gmail.com;Inigom499_
10272;alicia.botella661@outlook.com;Alicia205!
10273;paula.arco80@outlook.com;Paulaa887!
10274;rocio.del399@outlook.com;Rociod444!
10275;elba.del523@outlook.com;Elbade131_
10276;narciso.heredia282@outlook.com;Narcis750123
10277;dani.mayol810@outlook.com;Danima179_
10278;cornelio.agullodonaire304@yahoo.com;Cornel714_
10279;santos.alarcon552@gmail.com;Santos313123
10280;chelo.nunez791@hotmail.com;Chelon222#
10281;camilo.llorens38@yahoo.com;Camilo756_
10282;juan.carranza860@outlook.com;Juanca996!
10283;josue.domingo439@outlook.com;Josued841123
10284;custodio.ibanez527@gmail.com;Custod838_
10285;amador.iborra723@outlook.com;Amador113#
10286;valentina.gomez503@yahoo.com;Valent340@
10287;pio.pombo120@outlook.com;Piopom876123
10288;ildefonso.anibal76@hotmail.com;Ildefo629123
10289;ambar.de659@yahoo.com;Ambard3512026
10290;bienvenida.olga653@hotmail.com;Bienve5332026
10291;amaro.gracia622@outlook.com;Amarog726123
10292;teresita.ortuno995@outlook.com;Teresi340123
10293;ana.borrell255@gmail.com;Anabor518_
10294;camila.blanch11@outlook.com;Camila2202026
10295;ruben.hoz450@outlook.com;Rubenh186!
10296;amador.cristian190@yahoo.com;Amador846#
10297;lourdes.bustamanteporcel292@yahoo.com;Lourde231_
10298;marisol.arellano994@outlook.com;Mariso552123
10299;curro.porta353@yahoo.com;Currop288123
10300;isidoro.del915@outlook.com;Isidor879#
10301;lorenza.vicente523@yahoo.com;Lorenz2232026
10302;haroldo.nino322@hotmail.com;Harold358#
10303;juan.francisco115@outlook.com;Juanfr6722026
10304;hernan.quesada457@gmail.com;Hernan1772026
10305;violeta.bernad435@gmail.com;Violet449!
10306;araceli.almudena14@gmail.com;Aracel834123
10307;cruz.pallarstejedor760@yahoo.com;Cruzpa1542026
10308;elisa.osuna10@hotmail.com;Elisao732@
10309;angelica.albero87@hotmail.com;Angeli717123
10310;vinicio.dani305@hotmail.com;Vinici501@
10311;ruben.quesada136@outlook.com;Rubenq909#
10312;magdalena.de347@outlook.com;Magdal813#
10313;sandalio.jimenezjordan212@outlook.com;Sandal3192026
10314;ligia.rubio496@gmail.com;Ligiar456!
10315;heraclio.ferrera29@gmail.com;Heracl682_
10316;moises.de868@outlook.com;Moises3382026
10317;blas.folch299@hotmail.com;Blasfo7072026
10318;benita.carmela207@hotmail.com;Benita745_
10319;concepcion.gomez454@yahoo.com;Concep807!
10320;luz.pozuelo724@yahoo.com;Luzpoz204@
10321;jimena.flores800@outlook.com;Jimena669_
10322;dario.cerro760@outlook.com;Darioc850#
10323;felicia.valentinnicolas528@hotmail.com;Felici640!
10324;chus.yolanda149@outlook.com;Chusyo105!
10325;adan.heras481@outlook.com;Adanhe289@
10326;obdulia.casal544@outlook.com;Obduli124123
10327;nayara.catalina829@hotmail.com;Nayara1082026
10328;marcelino.gonzalezsabater251@hotmail.com;Marcel184@
10329;manuelita.planas55@yahoo.com;Manuel8442026
10330;maria.teresa416@outlook.com;Mariat844@
10331;bruno.vaquero840@hotmail.com;Brunov660_
10332;lupe.ollerfolch968@hotmail.com;Lupeol746!
10333;anselmo.escudero994@gmail.com;Anselm7272026
10334;lorenza.companynogueira513@hotmail.com;Lorenz4072026
10335;dionisio.moraleda264@hotmail.com;Dionis691@
10336;nidia.allergarzon760@hotmail.com;Nidiaa5012026
10337;dora.casado458@hotmail.com;Doraca757123
10338;eutimio.valera459@outlook.com;Eutimi706123
10339;belen.correa218@gmail.com;Belenc827!
10340;eliseo.laguna392@outlook.com;Eliseo879123
10341;aurelia.alegrepablo578@yahoo.com;Aureli2302026
10342;miguel.palma338@yahoo.com;Miguel446#
10343;calixto.agusti332@yahoo.com;Calixt370123
10344;maria.carmen389@gmail.com;Mariac9632026
10345;nidia.del601@yahoo.com;Nidiad2582026
10346;bernardo.rebolloborja337@gmail.com;Bernar2962026
10347;emilio.baldomero878@yahoo.com;Emilio5412026
10348;rosa.montoya20@hotmail.com;Rosamo729!
10349;albino.angel199@gmail.com;Albino652_
10350;rodolfo.del516@hotmail.com;Rodolf9572026
10351;ariel.jurado82@hotmail.com;Arielj867_
10352;elisabet.rosllorens104@yahoo.com;Elisab214#
10353;odalis.redondo65@yahoo.com;Odalis539!
10354;maria.rodenas537@yahoo.com;Mariar570_
10355;aureliano.menendez817@hotmail.com;Aureli713@
10356;mateo.del265@outlook.com;Mateod461@
10357;javier.acero225@hotmail.com;Javier966_
10358;evita.chacon294@yahoo.com;Evitac584!
10359;bonifacio.vizcaino630@hotmail.com;Bonifa5212026
10360;florencio.pinto516@outlook.com;Floren580_
10361;luisina.canellas16@yahoo.com;Luisin487_
10362;lara.losa448@hotmail.com;Laralo415@
10363;armida.rovira969@gmail.com;Armida384!
10364;eutimio.gras555@hotmail.com;Eutimi776#
10365;samanta.guillen426@hotmail.com;Samant384_
10366;ester.grauquerol678@gmail.com;Esterg846123
10367;amarilis.castells63@hotmail.com;Amaril539!
10368;severiano.bermudez942@outlook.com;Severi425@
10369;berta.abril49@outlook.com;Bertaa212_
10370;dorotea.casals228@gmail.com;Dorote749!
10371;albert.marcelino909@gmail.com;Albert633#
10372;severino.frias503@gmail.com;Severi285!
10373;juan.luis999@yahoo.com;Juanlu1732026
10374;luna.pina742@outlook.com;Lunapi144#
10375;prudencia.del609@yahoo.com;Pruden7712026
10376;primitivo.bautistasevillano450@outlook.com;Primit385@
10377;eusebio.ortiz388@gmail.com;Eusebi347_
10378;veronica.cortina496@yahoo.com;Veroni782@
10379;fanny.cobos998@yahoo.com;Fannyc343123
10380;jenaro.canellas844@hotmail.com;Jenaro255_
10381;graciana.romero270@yahoo.com;Gracia210#
10382;mohamed.requena659@outlook.com;Mohame381@
10383;febe.imelda552@hotmail.com;Febeim2502026
10384;dimas.de720@outlook.com;Dimasd375@
10385;joan.acosta736@outlook.com;Joanac685#
10386;glauco.rocha197@yahoo.com;Glauco467123
10387;juan.gomez245@gmail.com;Juango727@
10388;natanael.pinto391@yahoo.com;Natana965_
10389;timoteo.fernando621@outlook.com;Timote118123
10390;antonio.bayon297@yahoo.com;Antoni2172026
10391;heliodoro.dominguez19@outlook.com;Heliod462@
10392;lino.aguirrebolanos47@outlook.com;Linoag521!
10393;isa.quintana472@outlook.com;Isaqui7842026
10394;andres.cuevas372@hotmail.com;Andres486#
10395;violeta.montoya191@yahoo.com;Violet569123
10396;miguel.domingo435@outlook.com;Miguel8722026
10397;eligio.batlle542@outlook.com;Eligio957123
10398;jessica.moreno826@yahoo.com;Jessic943!
10399;andres.acostaverdugo337@hotmail.com;Andres1612026
10400;dan.quintero61@gmail.com;Danqui460123
10401;xiomara.yuste24@yahoo.com;Xiomar442_
10402;jose.manuel989@hotmail.com;Josema752!
10403;bonifacio.gimenogras431@yahoo.com;Bonifa227#
10404;otilia.tamarit118@hotmail.com;Otilia921123
10405;beatriz.sastre875@outlook.com;Beatri542123
10406;cornelio.galanarnau548@outlook.com;Cornel719#
10407;chelo.pineiro650@gmail.com;Chelop718!
10408;begona.luz714@outlook.com;Begona510#
10409;juan.bautista428@outlook.com;Juanba637_
10410;paco.nebot746@hotmail.com;Pacone292123
10411;encarnacion.del571@gmail.com;Encarn4172026
10412;ildefonso.sans271@hotmail.com;Ildefo868!
10413;abril.porta362@yahoo.com;Abrilp716!
10414;macaria.marina362@yahoo.com;Macari285_
10415;marcos.batlle960@yahoo.com;Marcos800_
10416;carlos.solana345@yahoo.com;Carlos763@
10417;damian.del389@yahoo.com;Damian9742026
10418;mateo.lopez937@hotmail.com;Mateol324123
10419;zaira.nebot247@hotmail.com;Zairan529!
10420;eufemia.castaneda313@hotmail.com;Eufemi460_
10421;visitacion.rossellovendrell314@outlook.com;Visita444_
10422;esperanza.torrent764@yahoo.com;Espera879_
10423;jose.manuel194@hotmail.com;Josema668#
10424;gaspar.rosendo781@hotmail.com;Gaspar909@
10425;juliana.brigida48@outlook.com;Julian6392026
10426;fermin.gallardo465@outlook.com;Fermin391#
10427;chuy.miguel146@outlook.com;Chuymi606@
10428;melisa.esteban11@hotmail.com;Melisa757#
10429;paulina.amalia101@gmail.com;Paulin179@
10430;anacleto.juarez966@gmail.com;Anacle554!
10431;alfonso.sobrino881@gmail.com;Alfons658_
10432;america.campillo995@outlook.com;Americ801#
10433;jose.maria622@outlook.com;Josema515_
10434;aurelio.salaflor894@outlook.com;Aureli860123
10435;rufina.mayoral476@yahoo.com;Rufina150123
10436;mariano.baron289@outlook.com;Marian234@
10437;pacifica.montalban135@outlook.com;Pacifi5542026
10438;salomon.urena710@outlook.com;Salomo508123
10439;tiburcio.peralta409@yahoo.com;Tiburc9172026
10440;tatiana.escamillacrespo222@gmail.com;Tatian642!
10441;lupe.jaen574@yahoo.com;Lupeja7062026
10442;ciro.torrentazcona313@hotmail.com;Ciroto855!
10443;josefa.pedro272@hotmail.com;Josefa741_
10444;hernan.gonzalezhuguet153@yahoo.com;Hernan3062026
10445;dulce.vina462@yahoo.com;Dulcev609123
10446;bautista.contreras403@yahoo.com;Bautis525123
10447;maria.angeles646@gmail.com;Mariaa111@
10448;maria.jesus160@yahoo.com;Mariaj213@
10449;albert.guillen566@outlook.com;Albert495_
10450;manuel.cervantesasenjo556@outlook.com;Manuel452!
10451;eleuterio.palomino393@outlook.com;Eleute404@
10452;carlito.escobar816@hotmail.com;Carlit766_
10453;celso.pedrosa803@gmail.com;Celsop355_
10454;eric.salgado644@outlook.com;Ericsa258_
10455;blas.alamo35@yahoo.com;Blasal128@
10456;teofila.ibanez222@outlook.com;Teofil2372026
10457;dionisio.ruanosantamaria870@outlook.com;Dionis531123
10458;amaya.valles84@outlook.com;Amayav167_
10459;prudencia.arrieta715@outlook.com;Pruden9482026
10460;jessica.angulo170@gmail.com;Jessic301@
10461;carina.toledo827@yahoo.com;Carina949!
10462;evangelina.de209@gmail.com;Evange2562026
10463;virgilio.poza564@yahoo.com;Virgil353#
10464;ricardo.navas392@outlook.com;Ricard9542026
10465;norberto.belmonte540@hotmail.com;Norber209!
10466;encarnacion.roda320@outlook.com;Encarn147!
10467;victor.manuel963@outlook.com;Victor982#
10468;domingo.lujan809@gmail.com;Doming7152026
10469;jacinta.egea844@gmail.com;Jacint788!
10470;rosa.maria286@outlook.com;Rosama6912026
10471;isabel.santana733@outlook.com;Isabel118#
10472;manuela.fernandezarribas821@hotmail.com;Manuel2532026
10473;manola.del926@outlook.com;Manola779_
10474;felix.alamo435@hotmail.com;Felixa391123
10475;candida.blazquez758@hotmail.com;Candid474!
10476;iker.matias939@gmail.com;Ikerma425@
10477;agueda.amores504@hotmail.com;Agueda188#
10478;purificacion.fortunata668@outlook.com;Purifi706!
10479;antonio.pags880@gmail.com;Antoni351#
10480;natalia.malena307@hotmail.com;Natali940@
10481;espiridion.gamez978@outlook.com;Espiri499_
10482;rosario.santos435@hotmail.com;Rosari632123
10483;manuela.vives773@hotmail.com;Manuel988_
10484;aurora.ramis748@outlook.com;Aurora612@
10485;leopoldo.pou915@outlook.com;Leopol2392026
10486;nilda.soria670@outlook.com;Nildas739@
10487;isidora.de612@gmail.com;Isidor592_
10488;haydee.rebeca420@hotmail.com;Haydee923!
10489;juan.manuel456@gmail.com;Juanma497@
10490;nazaret.gallardo378@hotmail.com;Nazare3892026
10491;piedad.del613@outlook.com;Piedad4522026
10492;felix.casal745@yahoo.com;Felixc4442026
10493;plinio.ferrandiz367@outlook.com;Plinio314_
10494;sergio.luque973@yahoo.com;Sergio899_
10495;gonzalo.de886@hotmail.com;Gonzal870_
10496;maria.jose267@gmail.com;Mariaj912!
10497;ruperto.climaco651@hotmail.com;Rupert658_
10498;olalla.solsonasaez693@yahoo.com;Olalla974_
10499;selena.bernal221@hotmail.com;Selena901#
10500;mauricio.cadenas169@yahoo.com;Mauric1802026
10501;armida.visitacion815@yahoo.com;Armida744123
10502;ruben.real568@hotmail.com;Rubenr242#
10503;adelaida.fernanda831@outlook.com;Adelai8392026
10504;gloria.gisbert85@gmail.com;Gloria6432026
10505;lupita.del652@yahoo.com;Lupita690_
10506;noemi.urrutia532@yahoo.com;Noemiu551123
10507;marcos.bernat149@gmail.com;Marcos807#
10508;glauco.julia831@outlook.com;Glauco863_
10509;zacarias.velascotejero884@yahoo.com;Zacari9992026
10510;antonia.manzanares663@hotmail.com;Antoni186_
10511;juan.pablo638@outlook.com;Juanpa799#
10512;zoraida.rivero867@yahoo.com;Zoraid175_
10513;sonia.rosello162@outlook.com;Soniar8412026
10514;jose.borja451@yahoo.com;Josebo488_
10515;rosa.aller569@yahoo.com;Rosaal666_
10516;loida.agullovalencia674@gmail.com;Loidaa126123
10517;nicodemo.bonet130@outlook.com;Nicode539@
10518;paula.pino694@yahoo.com;Paulap1122026
10519;ruy.bermejo102@gmail.com;Ruyber671#
10520;espiridion.meleroarana848@hotmail.com;Espiri349_
10521;herminio.cerro683@gmail.com;Hermin871@
10522;melania.garate594@hotmail.com;Melani993@
10523;alex.teruelanguita685@outlook.com;Alexte607123
10524;irma.benitez745@hotmail.com;Irmabe900@
10525;jessica.bastida731@outlook.com;Jessic6412026
10526;juan.francisco818@yahoo.com;Juanfr665#
10527;victor.goyo592@hotmail.com;Victor9912026
10528;teresa.burgos343@outlook.com;Teresa964!
10529;ulises.egea218@outlook.com;Ulises704@
10530;jovita.echeverria917@hotmail.com;Jovita463123
10531;humberto.cabanas781@yahoo.com;Humber869_
10532;montserrat.galan695@yahoo.com;Montse968_
10533;ezequiel.lledo386@yahoo.com;Ezequi5972026
10534;julia.donoso982@yahoo.com;Juliad806_
10535;adelaida.noriega10@yahoo.com;Adelai620#
10536;leopoldo.quintana49@hotmail.com;Leopol1002026
10537;fortunato.samper643@yahoo.com;Fortun447#
10538;valeria.toro73@gmail.com;Valeri972!
10539;valero.baron652@hotmail.com;Valero250!
10540;clementina.rivero37@yahoo.com;Clemen957@
10541;horacio.paez606@outlook.com;Horaci570!
10542;eusebio.mugica481@outlook.com;Eusebi5632026
10543;piedad.gomez116@yahoo.com;Piedad5132026
10544;eusebia.aller374@outlook.com;Eusebi653_
10545;carmina.contreras249@yahoo.com;Carmin2182026
10546;claudio.albano246@hotmail.com;Claudi628@
10547;fabio.alcantara254@hotmail.com;Fabioa861#
10548;emelina.arce517@gmail.com;Emelin180_
10549;bartolome.cuervo865@outlook.com;Bartol629@
10550;atilio.augusto707@gmail.com;Atilio303@
10551;aurea.saura925@yahoo.com;Aureas292_
10552;anibal.pedraza534@gmail.com;Anibal989_
10553;venceslas.cespedes705@hotmail.com;Vences387123
10554;perla.fabiola529@yahoo.com;Perlaf561_
10555;hilda.de153@yahoo.com;Hildad487!
10556;manuel.amoros484@gmail.com;Manuel649_
10557;ismael.zaragoza922@outlook.com;Ismael1082026
10558;dani.vargas692@hotmail.com;Daniva7952026
10559;ruperto.armas25@hotmail.com;Rupert211!
10560;macarena.calleja637@yahoo.com;Macare552!
10561;remigio.terronmadrigal399@gmail.com;Remigi229@
10562;pepe.isern616@hotmail.com;Pepeis649123
10563;macaria.sacristan880@hotmail.com;Macari275@
10564;georgina.jerez758@yahoo.com;Georgi859123
10565;teo.chaves570@gmail.com;Teocha144!
10566;baudelio.arnaizesteban555@gmail.com;Baudel257!
10567;loida.de444@hotmail.com;Loidad280_
10568;paloma.ferrandez939@outlook.com;Paloma782@
10569;ignacia.noriega806@outlook.com;Ignaci331_
10570;jenaro.fonseca236@outlook.com;Jenaro655123
10571;marianela.tamayo555@hotmail.com;Marian330_
10572;yaiza.castillo37@gmail.com;Yaizac951@
10573;yago.del632@outlook.com;Yagode675@
10574;juan.manuel466@outlook.com;Juanma788123
10575;eliseo.jordanlluch880@gmail.com;Eliseo468123
10576;tomasa.reguera995@hotmail.com;Tomasa571#
10577;yessica.nunez533@yahoo.com;Yessic840@
10578;ruy.almansa111@yahoo.com;Ruyalm543_
10579;julie.roma864@outlook.com;Julier873_
10580;rafa.del803@gmail.com;Rafade1752026
10581;juan.jose368@hotmail.com;Juanjo6662026
10582;luis.miguel374@gmail.com;Luismi900_
10583;sofia.ayala599@gmail.com;Sofiaa244_
10584;jordi.campoy74@gmail.com;Jordic718_
10585;aurelia.domenech300@gmail.com;Aureli946@
10586;maria.lara564@yahoo.com;Marial348!
10587;obdulia.de725@gmail.com;Obduli974@
10588;irma.barralabellan871@gmail.com;Irmaba9772026
10589;maria.manuela796@outlook.com;Mariam969!
10590;espiridion.vasco991@outlook.com;Espiri808!
10591;maria.luisa673@yahoo.com;Marial539_
10592;narciso.duran759@yahoo.com;Narcis376_
10593;benita.villar901@yahoo.com;Benita857#
10594;remigio.montero316@gmail.com;Remigi293!
10595;bernabe.belda124@yahoo.com;Bernab103!
10596;lucas.milla702@hotmail.com;Lucasm957@
10597;teodosio.de398@gmail.com;Teodos854@
10598;melania.rivera67@gmail.com;Melani735!
10599;amarilis.mesa729@outlook.com;Amaril844@
10600;georgina.nadia139@gmail.com;Georgi605!
10601;sofia.salinas553@outlook.com;Sofias856!
10602;americo.quesada897@outlook.com;Americ928!
10603;ezequiel.quevedo401@gmail.com;Ezequi271#
10604;javiera.rojas388@yahoo.com;Javier1022026
10605;vicenta.reina627@hotmail.com;Vicent208!
10606;serafina.marin753@outlook.com;Serafi757#
10607;salomon.crespo82@outlook.com;Salomo356!
10608;hector.rosario779@gmail.com;Hector127_
10609;salomon.xavier862@outlook.com;Salomo3452026
10610;reynaldo.rivera736@yahoo.com;Reynal348#
10611;tomas.gregorio870@hotmail.com;Tomasg890_
10612;primitivo.manrique287@yahoo.com;Primit645!
10613;luna.villaverde200@gmail.com;Lunavi329!
10614;zaida.ibanezribes678@yahoo.com;Zaidai283_
10615;susanita.saez587@yahoo.com;Susani1122026
10616;america.de499@hotmail.com;Americ8192026
10617;gil.morcillo208@yahoo.com;Gilmor571_
10618;manuelita.trillo410@yahoo.com;Manuel4412026
10619;emilia.urena806@gmail.com;Emilia728@
10620;marcelino.mas542@gmail.com;Marcel173@
10621;inocencio.fernandezbarbera296@outlook.com;Inocen343#
10622;ileana.palmira120@outlook.com;Ileana585@
10623;vasco.pombo279@yahoo.com;Vascop368_
10624;florencio.comas233@yahoo.com;Floren234@
10625;jose.maria908@hotmail.com;Josema943123
10626;maria.canas796@yahoo.com;Mariac723123
10627;agata.gordillo337@outlook.com;Agatag8442026
10628;hipolito.bellidougarte907@outlook.com;Hipoli960123
10629;jose.miguel538@outlook.com;Josemi865123
10630;clotilde.barranco691@outlook.com;Clotil922_
10631;ciriaco.nieto535@hotmail.com;Ciriac465!
10632;manu.exposito907@hotmail.com;Manuex3432026
10633;perla.aguila109@yahoo.com;Perlaa350#
10634;elisa.fortuny910@hotmail.com;Elisaf682123
10635;raquel.acero63@hotmail.com;Raquel336@
10636;ignacia.chacon508@hotmail.com;Ignaci881#
10637;paco.barrios900@hotmail.com;Pacoba675_
10638;abel.torralba96@yahoo.com;Abelto688123
10639;panfilo.tormo442@hotmail.com;Panfil481!
10640;aurea.de889@yahoo.com;Auread482123
10641;nuria.carrera612@yahoo.com;Nuriac244123
10642;roxana.pelaez932@yahoo.com;Roxana219!
10643;vasco.garcia628@gmail.com;Vascog984_
10644;eric.aroca887@gmail.com;Ericar493_
10645;enrique.valcarcel575@yahoo.com;Enriqu597_
10646;nazaret.del200@hotmail.com;Nazare8162026
10647;nico.mulet189@yahoo.com;Nicomu312#
10648;antonio.colom194@gmail.com;Antoni4502026
10649;isabel.estrada856@hotmail.com;Isabel498@
10650;blas.alarcon801@gmail.com;Blasal563!
10651;samuel.gisbert310@yahoo.com;Samuel9122026
10652;emelina.haro50@outlook.com;Emelin769!
10653;marcelo.del221@outlook.com;Marcel211!
10654;lucio.mascaro393@outlook.com;Luciom841@
10655;lorenza.ayuso762@hotmail.com;Lorenz590@
10656;rita.crescencia218@hotmail.com;Ritacr9802026
10657;gema.de93@outlook.com;Gemade5312026
10658;esther.caparros362@outlook.com;Esther928_
10659;hector.cabeza397@hotmail.com;Hector308!
10660;ariel.castelloecheverria358@yahoo.com;Arielc637_
10661;concha.roig868@hotmail.com;Concha867#
10662;jessica.neira442@hotmail.com;Jessic545@
10663;cayetano.mirallestoro956@hotmail.com;Cayeta307#
10664;ivan.exposito68@gmail.com;Ivanex419@
10665;eusebia.roma672@gmail.com;Eusebi699@
10666;ricardo.palma111@outlook.com;Ricard821123
10667;jacobo.costa657@hotmail.com;Jacobo464_
10668;ramiro.eusebio828@yahoo.com;Ramiro825@
10669;emilio.tome646@hotmail.com;Emilio664_
10670;ismael.mur202@outlook.com;Ismael569_
10671;evelia.rochaborrego771@gmail.com;Evelia215123
10672;ernesto.guitart945@gmail.com;Ernest681#
10673;tomasa.pareja659@outlook.com;Tomasa443123
10674;nicolas.ledesma711@gmail.com;Nicola8092026
10675;rosalina.del917@outlook.com;Rosali164@
10676;chita.rosello635@yahoo.com;Chitar737#
10677;isidro.sainz990@outlook.com;Isidro165#
10678;arcelia.muro89@gmail.com;Arceli149!
10679;paulino.lino975@yahoo.com;Paulin863@
10680;lola.cortes63@outlook.com;Lolaco955@
10681;luciano.del85@gmail.com;Lucian718@
10682;miguel.angel885@hotmail.com;Miguel331123
10683;victor.andres901@outlook.com;Victor772@
10684;bernarda.edelmira121@hotmail.com;Bernar572123
10685;eugenia.santamaria655@yahoo.com;Eugeni560123
10686;maristela.zabaleta795@gmail.com;Marist306@
10687;augusto.navarrete682@gmail.com;August547_
10688;sergio.sotelo403@hotmail.com;Sergio608!
10689;juan.luis280@hotmail.com;Juanlu178@
10690;inocencio.luz581@gmail.com;Inocen904#
10691;loreto.valle782@outlook.com;Loreto9202026
10692;inocencio.esparza30@hotmail.com;Inocen487!
10693;consuelo.sanmiguel233@gmail.com;Consue2702026
10694;dimas.salv207@hotmail.com;Dimass621#
10695;cristina.berrocal752@gmail.com;Cristi171#
10696;severo.aznar662@yahoo.com;Severo536123
10697;julia.cantero33@gmail.com;Juliac485@
10698;remigio.jose656@yahoo.com;Remigi296_
10699;mar.boix235@gmail.com;Marboi248#
10700;nazaret.quiroga598@yahoo.com;Nazare289!
10701;vanesa.donaire868@hotmail.com;Vanesa694#
10702;diana.gibert492@yahoo.com;Dianag786123
10703;lola.mendoza531@yahoo.com;Lolame1202026
10704;aurora.vall455@yahoo.com;Aurora966!
10705;geraldo.campillo784@hotmail.com;Gerald187_
10706;andres.felipe792@yahoo.com;Andres220!
10707;cebrian.de535@hotmail.com;Cebria976123
10708;celia.hoz422@outlook.com;Celiah9952026
10709;narcisa.barbero212@outlook.com;Narcis409#
10710;daniel.belda979@hotmail.com;Daniel2322026
10711;josue.valentin299@yahoo.com;Josuev902@
10712;amparo.sanmartin757@gmail.com;Amparo473_
10713;che.palomares662@yahoo.com;Chepal3822026
10714;esmeralda.teofila677@outlook.com;Esmera8532026
10715;haroldo.guitart98@gmail.com;Harold720123
10716;chema.maza159@hotmail.com;Chemam178#
10717;magdalena.fortunysalinas71@yahoo.com;Magdal758#
10718;delfina.nogues21@yahoo.com;Delfin551#
10719;jose.carlos351@outlook.com;Joseca652_
10720;norberto.esteveztorrents822@hotmail.com;Norber828!
10721;calisto.menapalomares483@outlook.com;Calist875@
10722;pelayo.exposito499@outlook.com;Pelayo506!
10723;maite.valderrama684@yahoo.com;Maitev4152026
10724;rosendo.quiroga720@outlook.com;Rosend565#
10725;berta.hernandezvelez321@outlook.com;Bertah736123
10726;pancho.calzada895@hotmail.com;Pancho898123
10727;ainara.abellan589@gmail.com;Ainara541_
10728;maria.teresa664@gmail.com;Mariat252_
10729;nazario.fernandez962@hotmail.com;Nazari148_
10730;emigdio.murciabustamante868@outlook.com;Emigdi206!
10731;ursula.eliana533@outlook.com;Ursula392123
10732;nando.javier779@yahoo.com;Nandoj781_
10733;buenaventura.del213@hotmail.com;Buenav642#
10734;claudia.espejo618@outlook.com;Claudi424_
10735;chema.alberdi19@hotmail.com;Chemaa506_
10736;emiliano.ferrandoamor826@hotmail.com;Emilia671@
10737;eutimio.moreno975@hotmail.com;Eutimi105#
10738;segismundo.bueno385@outlook.com;Segism210123
10739;melchor.de903@yahoo.com;Melcho312123
10740;fabian.tomas417@hotmail.com;Fabian697#
10741;adelardo.gallardo663@hotmail.com;Adelar513_
10742;carolina.chita562@yahoo.com;Caroli927_
10743;rocio.ferranpallars712@hotmail.com;Rociof196!
10744;edmundo.pinilla985@gmail.com;Edmund717_
10745;valeria.julian999@outlook.com;Valeri450#
10746;eva.baquero499@outlook.com;Evabaq952_
10747;juanita.de302@hotmail.com;Juanit579#
10748;leonor.bautista886@gmail.com;Leonor885_
10749;hector.toledo69@outlook.com;Hector393!
10750;rufina.salv693@outlook.com;Rufina560@
10751;eugenio.llobet522@yahoo.com;Eugeni928@
10752;diego.morell789@outlook.com;Diegom968123
10753;joel.zacarias656@hotmail.com;Joelza315@
10754;brigida.barba951@outlook.com;Brigid1422026
10755;edelmiro.crespo244@hotmail.com;Edelmi817@
10756;salomon.del546@yahoo.com;Salomo100123
10757;valentina.garces728@hotmail.com;Valent142#
10758;nicodemo.valentin944@hotmail.com;Nicode432@
10759;eutimio.pastor561@outlook.com;Eutimi516!
10760;odalys.cabo230@hotmail.com;Odalys957123
10761;bienvenida.chamorro430@outlook.com;Bienve787_
10762;leandra.giralt465@yahoo.com;Leandr1252026
10763;sancho.espada943@outlook.com;Sancho632123
10764;noemi.ayuso89@yahoo.com;Noemia678123
10765;norberto.azcona978@outlook.com;Norber789123
10766;cornelio.ferran470@hotmail.com;Cornel473_
10767;eliseo.heredia481@hotmail.com;Eliseo536@
10768;roxana.gimeno789@outlook.com;Roxana215#
10769;eladio.reinaldo242@outlook.com;Eladio785!
10770;paloma.plaza531@yahoo.com;Paloma796123
10771;ulises.vives459@hotmail.com;Ulises213123
10772;paula.leon230@hotmail.com;Paulal407_
10773;candelas.villena465@gmail.com;Candel174!
10774;juan.bautista464@hotmail.com;Juanba618_
10775;nereida.tamayo755@hotmail.com;Nereid159#
10776;carmen.bru202@gmail.com;Carmen831_
10777;ceferino.jimenez263@outlook.com;Ceferi547123
10778;alfredo.bermudez822@yahoo.com;Alfred527_
10779;angel.quintero731@outlook.com;Angelq146123
10780;juanito.neira533@gmail.com;Juanit537#
10781;leire.almagro464@hotmail.com;Leirea750@
10782;adoracion.carbajo785@outlook.com;Adorac398_
10783;ainoa.rebeca947@outlook.com;Ainoar519123
10784;geronimo.valverdecoca711@gmail.com;Geroni935#
10785;german.riquelme314@hotmail.com;German284!
10786;fernanda.castejon401@gmail.com;Fernan276_
10787;duilio.anguita910@yahoo.com;Duilio339!
10788;fernando.gibert49@yahoo.com;Fernan928123
10789;constanza.naranjo891@yahoo.com;Consta465_
10790;hilario.del136@hotmail.com;Hilari732@
10791;luis.nogueira423@outlook.com;Luisno490@
10792;cosme.santos166@yahoo.com;Cosmes821@
10793;azucena.perales954@yahoo.com;Azucen2352026
10794;rosaura.del323@outlook.com;Rosaur438_
10795;pedro.ramirezpedrero302@yahoo.com;Pedror872#
10796;nicanor.del583@hotmail.com;Nicano381@
10797;cecilio.larranaga119@gmail.com;Cecili408_
10798;julio.del322@gmail.com;Juliod213@
10799;belen.del165@gmail.com;Belend987#
10800;lorena.bueno715@gmail.com;Lorena2612026
10801;gertrudis.vallejo737@outlook.com;Gertru211_
10802;cristian.rebollobueno392@hotmail.com;Cristi804123
10803;chucho.baezatena765@yahoo.com;Chucho310!
10804;amanda.melisa16@outlook.com;Amanda121@
10805;georgina.pardo143@gmail.com;Georgi436!
10806;jacobo.del878@hotmail.com;Jacobo338@
10807;nacho.hierro891@hotmail.com;Nachoh135#
10808;maximino.cano586@yahoo.com;Maximi110!
10809;calista.arteaga984@yahoo.com;Calist5752026
10810;alejo.marquez324@outlook.com;Alejom1692026
10811;horacio.loreto531@hotmail.com;Horaci579123
10812;florentina.zabaleta774@hotmail.com;Floren433@
10813;rafael.de631@yahoo.com;Rafael675@
10814;juan.bautista167@gmail.com;Juanba5592026
10815;mireia.carballo260@yahoo.com;Mireia734#
10816;juan.antonio669@yahoo.com;Juanan6972026
10817;teo.villanueva828@gmail.com;Teovil996#
10818;aroa.mendez405@outlook.com;Aroame4592026
10819;alba.gonzalez843@outlook.com;Albago868123
10820;delia.del819@hotmail.com;Deliad192_
10821;nicolasa.saavedra629@gmail.com;Nicola915123
10822;pancho.llobet622@hotmail.com;Pancho3652026
10823;renata.alberto861@hotmail.com;Renata558@
10824;jose.valcarcel714@hotmail.com;Joseva773#
10825;martirio.neira157@hotmail.com;Martir345_
10826;miguela.de719@yahoo.com;Miguel132#
10827;cruz.alegre137@yahoo.com;Cruzal8802026
10828;pastor.poza671@hotmail.com;Pastor610!
10829;candelario.valle843@yahoo.com;Candel748_
10830;albino.mateo813@gmail.com;Albino6502026
10831;octavio.del342@outlook.com;Octavi683#
10832;omar.blanco634@yahoo.com;Omarbl992123
10833;bernabe.de874@gmail.com;Bernab415!
10834;griselda.iglesia460@yahoo.com;Grisel250#
10835;evangelina.navas339@hotmail.com;Evange281_
10836;teodora.galan27@outlook.com;Teodor536!
10837;ricarda.de450@gmail.com;Ricard697_
10838;eladio.ibanez408@hotmail.com;Eladio273_
10839;bernardo.otero659@gmail.com;Bernar506123
10840;quirino.feijoo174@hotmail.com;Quirin3482026
10841;clemente.anselmo949@hotmail.com;Clemen869_
10842;adora.alcala676@gmail.com;Adoraa171#
10843;milagros.merino332@gmail.com;Milagr391#
10844;fabricio.saavedra953@hotmail.com;Fabric8172026
10845;manuela.dominguez50@yahoo.com;Manuel683123
10846;anibal.fernandez261@yahoo.com;Anibal614_
10847;pablo.pelaez963@gmail.com;Pablop778#
10848;hector.chamorro12@outlook.com;Hector127!
10849;lisandro.pallars24@yahoo.com;Lisand914123
10850;noa.maciastejera407@yahoo.com;Noamac923_
10851;adalberto.rubio893@yahoo.com;Adalbe338_
10852;roberta.suarez955@yahoo.com;Robert380!
10853;herberto.aguilapalomino454@gmail.com;Herber6252026
10854;diana.tomasgallardo874@gmail.com;Dianat588@
10855;nazaret.aparicio546@yahoo.com;Nazare5122026
10856;amelia.montesbertran132@gmail.com;Amelia8542026
10857;candelas.cortina601@outlook.com;Candel110@
10858;oriana.blanca705@yahoo.com;Oriana494#
10859;gaspar.arnaiz704@yahoo.com;Gaspar407_
10860;emma.crespo223@hotmail.com;Emmacr757!
10861;teofila.del692@yahoo.com;Teofil749_
10862;otilia.bolanos666@gmail.com;Otilia471@
10863;anselma.de147@gmail.com;Anselm122#
10864;isidoro.rosello930@gmail.com;Isidor810@
10865;zaida.diez320@yahoo.com;Zaidad722_
10866;isidro.cerro782@outlook.com;Isidro527@
10867;noe.arco599@outlook.com;Noearc769123
10868;luisa.adelia750@outlook.com;Luisaa770@
10869;evelia.lucas291@hotmail.com;Evelia263!
10870;florentino.robles512@yahoo.com;Floren346123
10871;ester.falco886@gmail.com;Esterf173!
10872;rita.aznar683@yahoo.com;Ritaaz592_
10873;liliana.del703@gmail.com;Lilian645@
10874;rosenda.gisbert763@outlook.com;Rosend468!
10875;marina.anita368@outlook.com;Marina829@
10876;lucio.ferrero986@gmail.com;Luciof951!
10877;florentina.corbacho968@outlook.com;Floren607_
10878;bruno.rueda245@yahoo.com;Brunor573123
10879;primitiva.bonilla900@yahoo.com;Primit881#
10880;guiomar.riquelme428@gmail.com;Guioma870#
10881;herminia.de387@gmail.com;Hermin8162026
10882;juanita.sedano258@hotmail.com;Juanit975123
10883;inigo.trujillo683@gmail.com;Inigot589_
10884;graciano.severino406@outlook.com;Gracia693@
10885;reyes.guardia167@hotmail.com;Reyesg151@
10886;herberto.del263@outlook.com;Herber240123
10887;gregorio.rivas293@gmail.com;Gregor313123
10888;chelo.yusteduque116@gmail.com;Cheloy979!
10889;marcos.banos454@gmail.com;Marcos954#
10890;teobaldo.miguel838@hotmail.com;Teobal396@
10891;sancho.conesa964@gmail.com;Sancho385@
10892;regulo.nicolau141@gmail.com;Regulo769@
10893;vito.ramirez34@gmail.com;Vitora763_
10894;leire.del61@hotmail.com;Leired845!
10895;fermin.tirado69@gmail.com;Fermin373!
10896;encarnacion.estebanjerez799@gmail.com;Encarn188!
10897;agustin.arjona506@hotmail.com;Agusti114!
10898;tamara.pascual886@hotmail.com;Tamara876@
10899;celso.coello238@yahoo.com;Celsoc8072026
10900;simon.llado345@gmail.com;Simonl3632026
10901;melisa.vigil472@hotmail.com;Melisa533!
10902;prudencia.canete661@gmail.com;Pruden837_
10903;ariadna.gibert357@outlook.com;Ariadn980!
10904;anunciacion.mate207@outlook.com;Anunci6452026
10905;porfirio.atienza164@gmail.com;Porfir432@
10906;daniela.sosa303@yahoo.com;Daniel826123
10907;leon.rosa930@outlook.com;Leonro232#
10908;abril.vinas734@yahoo.com;Abrilv759!
10909;duilio.campos39@hotmail.com;Duilio334#
10910;jose.ramon518@gmail.com;Josera582!
10911;maxima.adelaida659@outlook.com;Maxima794#
10912;clarisa.del434@gmail.com;Claris8312026
10913;primitiva.jerez784@gmail.com;Primit4272026
10914;bernardita.rosado147@yahoo.com;Bernar709#
10915;panfilo.pareja336@outlook.com;Panfil858_
10916;anabel.lozano931@hotmail.com;Anabel6162026
10917;andres.felipe948@hotmail.com;Andres5372026
10918;ligia.brigida621@yahoo.com;Ligiab474123
10919;rosario.saura215@gmail.com;Rosari726#
10920;venceslas.verdejo131@gmail.com;Vences998@
